ISO-10303-21;
HEADER;
FILE_DESCRIPTION(('FreeCAD Model'),'2;1');
FILE_NAME('Open CASCADE Shape Model','2026-08-12T00:54:02',(''),(''),
  'Open CASCADE STEP processor 7.8','FreeCAD','Unknown');
FILE_SCHEMA(('AUTOMOTIVE_DESIGN { 1 0 10303 214 1 1 1 1 }'));
ENDSEC;
DATA;
#1 = APPLICATION_PROTOCOL_DEFINITION('international standard',
  'automotive_design',2000,#2);
#2 = APPLICATION_CONTEXT(
  'core data for automotive mechanical design processes');
#3 = SHAPE_DEFINITION_REPRESENTATION(#4,#10);
#4 = PRODUCT_DEFINITION_SHAPE('','',#5);
#5 = PRODUCT_DEFINITION('design','',#6,#9);
#6 = PRODUCT_DEFINITION_FORMATION('','',#7);
#7 = PRODUCT('bottom','bottom','',(#8));
#8 = PRODUCT_CONTEXT('',#2,'mechanical');
#9 = PRODUCT_DEFINITION_CONTEXT('part definition',#2,'design');
#10 = ADVANCED_BREP_SHAPE_REPRESENTATION('',(#11,#15),#6757);
#11 = AXIS2_PLACEMENT_3D('',#12,#13,#14);
#12 = CARTESIAN_POINT('',(0.,0.,0.));
#13 = DIRECTION('',(0.,0.,1.));
#14 = DIRECTION('',(1.,0.,-0.));
#15 = MANIFOLD_SOLID_BREP('',#16);
#16 = CLOSED_SHELL('',(#17,#105,#161,#216,#543,#696,#774,#830,#886,#941,
    #996,#1052,#1108,#1140,#1196,#1252,#1308,#1385,#1551,#1606,#1656,
    #1795,#1871,#1926,#1981,#2035,#2089,#2144,#2199,#2231,#2286,#2341,
    #2396,#2639,#2858,#2936,#3016,#3438,#3465,#3680,#3763,#3977,#4081,
    #4108,#4155,#4182,#4209,#4319,#4346,#4373,#4400,#4407,#4434,#4489,
    #4516,#4907,#5099,#5201,#5255,#5619,#5651,#5678,#5706,#5734,#5741,
    #5772,#6170,#6177,#6369,#6401,#6451,#6500,#6549,#6581,#6631,#6680,
    #6729,#6736,#6743,#6750));
#17 = ADVANCED_FACE('',(#18),#32,.F.);
#18 = FACE_BOUND('',#19,.F.);
#19 = EDGE_LOOP('',(#20,#50,#77,#78));
#20 = ORIENTED_EDGE('',*,*,#21,.F.);
#21 = EDGE_CURVE('',#22,#24,#26,.T.);
#22 = VERTEX_POINT('',#23);
#23 = CARTESIAN_POINT('',(-68.2464466094,-46.75,-1.353553390593));
#24 = VERTEX_POINT('',#25);
#25 = CARTESIAN_POINT('',(-70.6,-46.75,1.));
#26 = SEAM_CURVE('',#27,(#31,#43),.PCURVE_S1.);
#27 = LINE('',#28,#29);
#28 = CARTESIAN_POINT('',(-70.6,-46.75,1.));
#29 = VECTOR('',#30,1.);
#30 = DIRECTION('',(-0.707106781187,0.,0.707106781187));
#31 = PCURVE('',#32,#37);
#32 = CONICAL_SURFACE('',#33,1.4,0.785398163397);
#33 = AXIS2_PLACEMENT_3D('',#34,#35,#36);
#34 = CARTESIAN_POINT('',(-72.,-46.75,1.));
#35 = DIRECTION('',(-0.,-0.,-1.));
#36 = DIRECTION('',(1.,0.,0.));
#37 = DEFINITIONAL_REPRESENTATION('',(#38),#42);
#38 = LINE('',#39,#40);
#39 = CARTESIAN_POINT('',(-0.,-0.));
#40 = VECTOR('',#41,1.);
#41 = DIRECTION('',(-0.,-1.));
#42 = ( GEOMETRIC_REPRESENTATION_CONTEXT(2) 
PARAMETRIC_REPRESENTATION_CONTEXT() REPRESENTATION_CONTEXT('2D SPACE',''
  ) );
#43 = PCURVE('',#32,#44);
#44 = DEFINITIONAL_REPRESENTATION('',(#45),#49);
#45 = LINE('',#46,#47);
#46 = CARTESIAN_POINT('',(-6.28318530718,-0.));
#47 = VECTOR('',#48,1.);
#48 = DIRECTION('',(-0.,-1.));
#49 = ( GEOMETRIC_REPRESENTATION_CONTEXT(2) 
PARAMETRIC_REPRESENTATION_CONTEXT() REPRESENTATION_CONTEXT('2D SPACE',''
  ) );
#50 = ORIENTED_EDGE('',*,*,#51,.T.);
#51 = EDGE_CURVE('',#22,#22,#52,.T.);
#52 = SURFACE_CURVE('',#53,(#58,#65),.PCURVE_S1.);
#53 = CIRCLE('',#54,3.753553390593);
#54 = AXIS2_PLACEMENT_3D('',#55,#56,#57);
#55 = CARTESIAN_POINT('',(-72.,-46.75,-1.353553390593));
#56 = DIRECTION('',(0.,0.,1.));
#57 = DIRECTION('',(1.,0.,0.));
#58 = PCURVE('',#32,#59);
#59 = DEFINITIONAL_REPRESENTATION('',(#60),#64);
#60 = LINE('',#61,#62);
#61 = CARTESIAN_POINT('',(0.,2.353553390593));
#62 = VECTOR('',#63,1.);
#63 = DIRECTION('',(-1.,-0.));
#64 = ( GEOMETRIC_REPRESENTATION_CONTEXT(2) 
PARAMETRIC_REPRESENTATION_CONTEXT() REPRESENTATION_CONTEXT('2D SPACE',''
  ) );
#65 = PCURVE('',#66,#71);
#66 = TOROIDAL_SURFACE('',#67,4.107106781187,0.5);
#67 = AXIS2_PLACEMENT_3D('',#68,#69,#70);
#68 = CARTESIAN_POINT('',(-72.,-46.75,-1.));
#69 = DIRECTION('',(0.,0.,1.));
#70 = DIRECTION('',(1.,0.,0.));
#71 = DEFINITIONAL_REPRESENTATION('',(#72),#76);
#72 = LINE('',#73,#74);
#73 = CARTESIAN_POINT('',(0.,3.926990816987));
#74 = VECTOR('',#75,1.);
#75 = DIRECTION('',(1.,0.));
#76 = ( GEOMETRIC_REPRESENTATION_CONTEXT(2) 
PARAMETRIC_REPRESENTATION_CONTEXT() REPRESENTATION_CONTEXT('2D SPACE',''
  ) );
#77 = ORIENTED_EDGE('',*,*,#21,.T.);
#78 = ORIENTED_EDGE('',*,*,#79,.F.);
#79 = EDGE_CURVE('',#24,#24,#80,.T.);
#80 = SURFACE_CURVE('',#81,(#86,#93),.PCURVE_S1.);
#81 = CIRCLE('',#82,1.4);
#82 = AXIS2_PLACEMENT_3D('',#83,#84,#85);
#83 = CARTESIAN_POINT('',(-72.,-46.75,1.));
#84 = DIRECTION('',(0.,0.,1.));
#85 = DIRECTION('',(1.,0.,0.));
#86 = PCURVE('',#32,#87);
#87 = DEFINITIONAL_REPRESENTATION('',(#88),#92);
#88 = LINE('',#89,#90);
#89 = CARTESIAN_POINT('',(-0.,-0.));
#90 = VECTOR('',#91,1.);
#91 = DIRECTION('',(-1.,-0.));
#92 = ( GEOMETRIC_REPRESENTATION_CONTEXT(2) 
PARAMETRIC_REPRESENTATION_CONTEXT() REPRESENTATION_CONTEXT('2D SPACE',''
  ) );
#93 = PCURVE('',#94,#99);
#94 = CYLINDRICAL_SURFACE('',#95,1.4);
#95 = AXIS2_PLACEMENT_3D('',#96,#97,#98);
#96 = CARTESIAN_POINT('',(-72.,-46.75,4.5));
#97 = DIRECTION('',(0.,0.,1.));
#98 = DIRECTION('',(1.,0.,0.));
#99 = DEFINITIONAL_REPRESENTATION('',(#100),#104);
#100 = LINE('',#101,#102);
#101 = CARTESIAN_POINT('',(0.,-3.5));
#102 = VECTOR('',#103,1.);
#103 = DIRECTION('',(1.,0.));
#104 = ( GEOMETRIC_REPRESENTATION_CONTEXT(2) 
PARAMETRIC_REPRESENTATION_CONTEXT() REPRESENTATION_CONTEXT('2D SPACE',''
  ) );
#105 = ADVANCED_FACE('',(#106),#66,.T.);
#106 = FACE_BOUND('',#107,.T.);
#107 = EDGE_LOOP('',(#108,#132,#133,#134));
#108 = ORIENTED_EDGE('',*,*,#109,.F.);
#109 = EDGE_CURVE('',#22,#110,#112,.T.);
#110 = VERTEX_POINT('',#111);
#111 = CARTESIAN_POINT('',(-67.89289321881,-46.75,-1.5));
#112 = SEAM_CURVE('',#113,(#118,#125),.PCURVE_S1.);
#113 = CIRCLE('',#114,0.5);
#114 = AXIS2_PLACEMENT_3D('',#115,#116,#117);
#115 = CARTESIAN_POINT('',(-67.89289321881,-46.75,-1.));
#116 = DIRECTION('',(0.,-1.,0.));
#117 = DIRECTION('',(1.,0.,0.));
#118 = PCURVE('',#66,#119);
#119 = DEFINITIONAL_REPRESENTATION('',(#120),#124);
#120 = LINE('',#121,#122);
#121 = CARTESIAN_POINT('',(0.,0.));
#122 = VECTOR('',#123,1.);
#123 = DIRECTION('',(0.,1.));
#124 = ( GEOMETRIC_REPRESENTATION_CONTEXT(2) 
PARAMETRIC_REPRESENTATION_CONTEXT() REPRESENTATION_CONTEXT('2D SPACE',''
  ) );
#125 = PCURVE('',#66,#126);
#126 = DEFINITIONAL_REPRESENTATION('',(#127),#131);
#127 = LINE('',#128,#129);
#128 = CARTESIAN_POINT('',(6.28318530718,0.));
#129 = VECTOR('',#130,1.);
#130 = DIRECTION('',(0.,1.));
#131 = ( GEOMETRIC_REPRESENTATION_CONTEXT(2) 
PARAMETRIC_REPRESENTATION_CONTEXT() REPRESENTATION_CONTEXT('2D SPACE',''
  ) );
#132 = ORIENTED_EDGE('',*,*,#51,.T.);
#133 = ORIENTED_EDGE('',*,*,#109,.T.);
#134 = ORIENTED_EDGE('',*,*,#135,.F.);
#135 = EDGE_CURVE('',#110,#110,#136,.T.);
#136 = SURFACE_CURVE('',#137,(#142,#149),.PCURVE_S1.);
#137 = CIRCLE('',#138,4.107106781187);
#138 = AXIS2_PLACEMENT_3D('',#139,#140,#141);
#139 = CARTESIAN_POINT('',(-72.,-46.75,-1.5));
#140 = DIRECTION('',(0.,0.,1.));
#141 = DIRECTION('',(1.,0.,0.));
#142 = PCURVE('',#66,#143);
#143 = DEFINITIONAL_REPRESENTATION('',(#144),#148);
#144 = LINE('',#145,#146);
#145 = CARTESIAN_POINT('',(0.,4.712388980385));
#146 = VECTOR('',#147,1.);
#147 = DIRECTION('',(1.,0.));
#148 = ( GEOMETRIC_REPRESENTATION_CONTEXT(2) 
PARAMETRIC_REPRESENTATION_CONTEXT() REPRESENTATION_CONTEXT('2D SPACE',''
  ) );
#149 = PCURVE('',#150,#155);
#150 = PLANE('',#151);
#151 = AXIS2_PLACEMENT_3D('',#152,#153,#154);
#152 = CARTESIAN_POINT('',(2.573324107366E-15,3.314553333944E-15,-1.5));
#153 = DIRECTION('',(0.,0.,1.));
#154 = DIRECTION('',(1.,0.,0.));
#155 = DEFINITIONAL_REPRESENTATION('',(#156),#160);
#156 = CIRCLE('',#157,4.107106781187);
#157 = AXIS2_PLACEMENT_2D('',#158,#159);
#158 = CARTESIAN_POINT('',(-72.,-46.75));
#159 = DIRECTION('',(1.,0.));
#160 = ( GEOMETRIC_REPRESENTATION_CONTEXT(2) 
PARAMETRIC_REPRESENTATION_CONTEXT() REPRESENTATION_CONTEXT('2D SPACE',''
  ) );
#161 = ADVANCED_FACE('',(#162),#94,.F.);
#162 = FACE_BOUND('',#163,.F.);
#163 = EDGE_LOOP('',(#164,#187,#214,#215));
#164 = ORIENTED_EDGE('',*,*,#165,.F.);
#165 = EDGE_CURVE('',#166,#24,#168,.T.);
#166 = VERTEX_POINT('',#167);
#167 = CARTESIAN_POINT('',(-70.6,-46.75,4.5));
#168 = SEAM_CURVE('',#169,(#173,#180),.PCURVE_S1.);
#169 = LINE('',#170,#171);
#170 = CARTESIAN_POINT('',(-70.6,-46.75,4.5));
#171 = VECTOR('',#172,1.);
#172 = DIRECTION('',(-0.,-0.,-1.));
#173 = PCURVE('',#94,#174);
#174 = DEFINITIONAL_REPRESENTATION('',(#175),#179);
#175 = LINE('',#176,#177);
#176 = CARTESIAN_POINT('',(6.28318530718,0.));
#177 = VECTOR('',#178,1.);
#178 = DIRECTION('',(0.,-1.));
#179 = ( GEOMETRIC_REPRESENTATION_CONTEXT(2) 
PARAMETRIC_REPRESENTATION_CONTEXT() REPRESENTATION_CONTEXT('2D SPACE',''
  ) );
#180 = PCURVE('',#94,#181);
#181 = DEFINITIONAL_REPRESENTATION('',(#182),#186);
#182 = LINE('',#183,#184);
#183 = CARTESIAN_POINT('',(0.,0.));
#184 = VECTOR('',#185,1.);
#185 = DIRECTION('',(0.,-1.));
#186 = ( GEOMETRIC_REPRESENTATION_CONTEXT(2) 
PARAMETRIC_REPRESENTATION_CONTEXT() REPRESENTATION_CONTEXT('2D SPACE',''
  ) );
#187 = ORIENTED_EDGE('',*,*,#188,.F.);
#188 = EDGE_CURVE('',#166,#166,#189,.T.);
#189 = SURFACE_CURVE('',#190,(#195,#202),.PCURVE_S1.);
#190 = CIRCLE('',#191,1.4);
#191 = AXIS2_PLACEMENT_3D('',#192,#193,#194);
#192 = CARTESIAN_POINT('',(-72.,-46.75,4.5));
#193 = DIRECTION('',(0.,0.,1.));
#194 = DIRECTION('',(1.,0.,0.));
#195 = PCURVE('',#94,#196);
#196 = DEFINITIONAL_REPRESENTATION('',(#197),#201);
#197 = LINE('',#198,#199);
#198 = CARTESIAN_POINT('',(0.,0.));
#199 = VECTOR('',#200,1.);
#200 = DIRECTION('',(1.,0.));
#201 = ( GEOMETRIC_REPRESENTATION_CONTEXT(2) 
PARAMETRIC_REPRESENTATION_CONTEXT() REPRESENTATION_CONTEXT('2D SPACE',''
  ) );
#202 = PCURVE('',#203,#208);
#203 = PLANE('',#204);
#204 = AXIS2_PLACEMENT_3D('',#205,#206,#207);
#205 = CARTESIAN_POINT('',(4.826259291316E-15,2.010941371382E-15,4.5));
#206 = DIRECTION('',(0.,0.,1.));
#207 = DIRECTION('',(1.,0.,0.));
#208 = DEFINITIONAL_REPRESENTATION('',(#209),#213);
#209 = CIRCLE('',#210,1.4);
#210 = AXIS2_PLACEMENT_2D('',#211,#212);
#211 = CARTESIAN_POINT('',(-72.,-46.75));
#212 = DIRECTION('',(1.,0.));
#213 = ( GEOMETRIC_REPRESENTATION_CONTEXT(2) 
PARAMETRIC_REPRESENTATION_CONTEXT() REPRESENTATION_CONTEXT('2D SPACE',''
  ) );
#214 = ORIENTED_EDGE('',*,*,#165,.T.);
#215 = ORIENTED_EDGE('',*,*,#79,.T.);
#216 = ADVANCED_FACE('',(#217,#220,#450,#481,#512),#150,.F.);
#217 = FACE_BOUND('',#218,.F.);
#218 = EDGE_LOOP('',(#219));
#219 = ORIENTED_EDGE('',*,*,#135,.F.);
#220 = FACE_BOUND('',#221,.F.);
#221 = EDGE_LOOP('',(#222,#252,#281,#309,#338,#366,#395,#423));
#222 = ORIENTED_EDGE('',*,*,#223,.T.);
#223 = EDGE_CURVE('',#224,#226,#228,.T.);
#224 = VERTEX_POINT('',#225);
#225 = CARTESIAN_POINT('',(-76.75,47.000000000016,-1.5));
#226 = VERTEX_POINT('',#227);
#227 = CARTESIAN_POINT('',(-76.75,-47.,-1.5));
#228 = SURFACE_CURVE('',#229,(#233,#240),.PCURVE_S1.);
#229 = LINE('',#230,#231);
#230 = CARTESIAN_POINT('',(-76.75,47.000000000016,-1.5));
#231 = VECTOR('',#232,1.);
#232 = DIRECTION('',(0.,-1.,0.));
#233 = PCURVE('',#150,#234);
#234 = DEFINITIONAL_REPRESENTATION('',(#235),#239);
#235 = LINE('',#236,#237);
#236 = CARTESIAN_POINT('',(-76.75,47.000000000016));
#237 = VECTOR('',#238,1.);
#238 = DIRECTION('',(0.,-1.));
#239 = ( GEOMETRIC_REPRESENTATION_CONTEXT(2) 
PARAMETRIC_REPRESENTATION_CONTEXT() REPRESENTATION_CONTEXT('2D SPACE',''
  ) );
#240 = PCURVE('',#241,#246);
#241 = CYLINDRICAL_SURFACE('',#242,0.5);
#242 = AXIS2_PLACEMENT_3D('',#243,#244,#245);
#243 = CARTESIAN_POINT('',(-76.75,47.000000000016,-1.));
#244 = DIRECTION('',(0.,-1.,0.));
#245 = DIRECTION('',(-0.,-0.,-1.));
#246 = DEFINITIONAL_REPRESENTATION('',(#247),#251);
#247 = LINE('',#248,#249);
#248 = CARTESIAN_POINT('',(-0.,0.));
#249 = VECTOR('',#250,1.);
#250 = DIRECTION('',(-0.,1.));
#251 = ( GEOMETRIC_REPRESENTATION_CONTEXT(2) 
PARAMETRIC_REPRESENTATION_CONTEXT() REPRESENTATION_CONTEXT('2D SPACE',''
  ) );
#252 = ORIENTED_EDGE('',*,*,#253,.T.);
#253 = EDGE_CURVE('',#226,#254,#256,.T.);
#254 = VERTEX_POINT('',#255);
#255 = CARTESIAN_POINT('',(-72.25,-51.5,-1.5));
#256 = SURFACE_CURVE('',#257,(#262,#269),.PCURVE_S1.);
#257 = CIRCLE('',#258,4.5);
#258 = AXIS2_PLACEMENT_3D('',#259,#260,#261);
#259 = CARTESIAN_POINT('',(-72.25,-47.,-1.5));
#260 = DIRECTION('',(0.,0.,1.));
#261 = DIRECTION('',(-1.,0.,0.));
#262 = PCURVE('',#150,#263);
#263 = DEFINITIONAL_REPRESENTATION('',(#264),#268);
#264 = CIRCLE('',#265,4.5);
#265 = AXIS2_PLACEMENT_2D('',#266,#267);
#266 = CARTESIAN_POINT('',(-72.25,-47.));
#267 = DIRECTION('',(-1.,0.));
#268 = ( GEOMETRIC_REPRESENTATION_CONTEXT(2) 
PARAMETRIC_REPRESENTATION_CONTEXT() REPRESENTATION_CONTEXT('2D SPACE',''
  ) );
#269 = PCURVE('',#270,#275);
#270 = TOROIDAL_SURFACE('',#271,4.5,0.5);
#271 = AXIS2_PLACEMENT_3D('',#272,#273,#274);
#272 = CARTESIAN_POINT('',(-72.25,-47.,-1.));
#273 = DIRECTION('',(0.,0.,1.));
#274 = DIRECTION('',(-1.,0.,0.));
#275 = DEFINITIONAL_REPRESENTATION('',(#276),#280);
#276 = LINE('',#277,#278);
#277 = CARTESIAN_POINT('',(0.,4.712388980385));
#278 = VECTOR('',#279,1.);
#279 = DIRECTION('',(1.,0.));
#280 = ( GEOMETRIC_REPRESENTATION_CONTEXT(2) 
PARAMETRIC_REPRESENTATION_CONTEXT() REPRESENTATION_CONTEXT('2D SPACE',''
  ) );
#281 = ORIENTED_EDGE('',*,*,#282,.T.);
#282 = EDGE_CURVE('',#254,#283,#285,.T.);
#283 = VERTEX_POINT('',#284);
#284 = CARTESIAN_POINT('',(72.25,-51.5,-1.5));
#285 = SURFACE_CURVE('',#286,(#290,#297),.PCURVE_S1.);
#286 = LINE('',#287,#288);
#287 = CARTESIAN_POINT('',(-72.25,-51.5,-1.5));
#288 = VECTOR('',#289,1.);
#289 = DIRECTION('',(1.,0.,0.));
#290 = PCURVE('',#150,#291);
#291 = DEFINITIONAL_REPRESENTATION('',(#292),#296);
#292 = LINE('',#293,#294);
#293 = CARTESIAN_POINT('',(-72.25,-51.5));
#294 = VECTOR('',#295,1.);
#295 = DIRECTION('',(1.,0.));
#296 = ( GEOMETRIC_REPRESENTATION_CONTEXT(2) 
PARAMETRIC_REPRESENTATION_CONTEXT() REPRESENTATION_CONTEXT('2D SPACE',''
  ) );
#297 = PCURVE('',#298,#303);
#298 = CYLINDRICAL_SURFACE('',#299,0.5);
#299 = AXIS2_PLACEMENT_3D('',#300,#301,#302);
#300 = CARTESIAN_POINT('',(-72.25,-51.5,-1.));
#301 = DIRECTION('',(1.,0.,0.));
#302 = DIRECTION('',(0.,0.,-1.));
#303 = DEFINITIONAL_REPRESENTATION('',(#304),#308);
#304 = LINE('',#305,#306);
#305 = CARTESIAN_POINT('',(-0.,0.));
#306 = VECTOR('',#307,1.);
#307 = DIRECTION('',(-0.,1.));
#308 = ( GEOMETRIC_REPRESENTATION_CONTEXT(2) 
PARAMETRIC_REPRESENTATION_CONTEXT() REPRESENTATION_CONTEXT('2D SPACE',''
  ) );
#309 = ORIENTED_EDGE('',*,*,#310,.T.);
#310 = EDGE_CURVE('',#283,#311,#313,.T.);
#311 = VERTEX_POINT('',#312);
#312 = CARTESIAN_POINT('',(76.75,-47.00000000001,-1.5));
#313 = SURFACE_CURVE('',#314,(#319,#326),.PCURVE_S1.);
#314 = CIRCLE('',#315,4.5);
#315 = AXIS2_PLACEMENT_3D('',#316,#317,#318);
#316 = CARTESIAN_POINT('',(72.25,-47.,-1.5));
#317 = DIRECTION('',(-0.,0.,1.));
#318 = DIRECTION('',(0.,-1.,0.));
#319 = PCURVE('',#150,#320);
#320 = DEFINITIONAL_REPRESENTATION('',(#321),#325);
#321 = CIRCLE('',#322,4.5);
#322 = AXIS2_PLACEMENT_2D('',#323,#324);
#323 = CARTESIAN_POINT('',(72.25,-47.));
#324 = DIRECTION('',(0.,-1.));
#325 = ( GEOMETRIC_REPRESENTATION_CONTEXT(2) 
PARAMETRIC_REPRESENTATION_CONTEXT() REPRESENTATION_CONTEXT('2D SPACE',''
  ) );
#326 = PCURVE('',#327,#332);
#327 = TOROIDAL_SURFACE('',#328,4.5,0.5);
#328 = AXIS2_PLACEMENT_3D('',#329,#330,#331);
#329 = CARTESIAN_POINT('',(72.25,-47.,-1.));
#330 = DIRECTION('',(0.,0.,1.));
#331 = DIRECTION('',(0.,-1.,0.));
#332 = DEFINITIONAL_REPRESENTATION('',(#333),#337);
#333 = LINE('',#334,#335);
#334 = CARTESIAN_POINT('',(0.,4.712388980385));
#335 = VECTOR('',#336,1.);
#336 = DIRECTION('',(1.,0.));
#337 = ( GEOMETRIC_REPRESENTATION_CONTEXT(2) 
PARAMETRIC_REPRESENTATION_CONTEXT() REPRESENTATION_CONTEXT('2D SPACE',''
  ) );
#338 = ORIENTED_EDGE('',*,*,#339,.T.);
#339 = EDGE_CURVE('',#311,#340,#342,.T.);
#340 = VERTEX_POINT('',#341);
#341 = CARTESIAN_POINT('',(76.75,47.,-1.5));
#342 = SURFACE_CURVE('',#343,(#347,#354),.PCURVE_S1.);
#343 = LINE('',#344,#345);
#344 = CARTESIAN_POINT('',(76.75,-47.00000000001,-1.5));
#345 = VECTOR('',#346,1.);
#346 = DIRECTION('',(0.,1.,0.));
#347 = PCURVE('',#150,#348);
#348 = DEFINITIONAL_REPRESENTATION('',(#349),#353);
#349 = LINE('',#350,#351);
#350 = CARTESIAN_POINT('',(76.75,-47.00000000001));
#351 = VECTOR('',#352,1.);
#352 = DIRECTION('',(0.,1.));
#353 = ( GEOMETRIC_REPRESENTATION_CONTEXT(2) 
PARAMETRIC_REPRESENTATION_CONTEXT() REPRESENTATION_CONTEXT('2D SPACE',''
  ) );
#354 = PCURVE('',#355,#360);
#355 = CYLINDRICAL_SURFACE('',#356,0.5);
#356 = AXIS2_PLACEMENT_3D('',#357,#358,#359);
#357 = CARTESIAN_POINT('',(76.75,-47.00000000001,-1.));
#358 = DIRECTION('',(0.,1.,0.));
#359 = DIRECTION('',(0.,0.,-1.));
#360 = DEFINITIONAL_REPRESENTATION('',(#361),#365);
#361 = LINE('',#362,#363);
#362 = CARTESIAN_POINT('',(-0.,0.));
#363 = VECTOR('',#364,1.);
#364 = DIRECTION('',(-0.,1.));
#365 = ( GEOMETRIC_REPRESENTATION_CONTEXT(2) 
PARAMETRIC_REPRESENTATION_CONTEXT() REPRESENTATION_CONTEXT('2D SPACE',''
  ) );
#366 = ORIENTED_EDGE('',*,*,#367,.T.);
#367 = EDGE_CURVE('',#340,#368,#370,.T.);
#368 = VERTEX_POINT('',#369);
#369 = CARTESIAN_POINT('',(72.25,51.5,-1.5));
#370 = SURFACE_CURVE('',#371,(#376,#383),.PCURVE_S1.);
#371 = CIRCLE('',#372,4.5);
#372 = AXIS2_PLACEMENT_3D('',#373,#374,#375);
#373 = CARTESIAN_POINT('',(72.25,47.,-1.5));
#374 = DIRECTION('',(0.,0.,1.));
#375 = DIRECTION('',(1.,0.,0.));
#376 = PCURVE('',#150,#377);
#377 = DEFINITIONAL_REPRESENTATION('',(#378),#382);
#378 = CIRCLE('',#379,4.5);
#379 = AXIS2_PLACEMENT_2D('',#380,#381);
#380 = CARTESIAN_POINT('',(72.25,47.));
#381 = DIRECTION('',(1.,0.));
#382 = ( GEOMETRIC_REPRESENTATION_CONTEXT(2) 
PARAMETRIC_REPRESENTATION_CONTEXT() REPRESENTATION_CONTEXT('2D SPACE',''
  ) );
#383 = PCURVE('',#384,#389);
#384 = TOROIDAL_SURFACE('',#385,4.5,0.5);
#385 = AXIS2_PLACEMENT_3D('',#386,#387,#388);
#386 = CARTESIAN_POINT('',(72.25,47.,-1.));
#387 = DIRECTION('',(0.,0.,1.));
#388 = DIRECTION('',(1.,0.,0.));
#389 = DEFINITIONAL_REPRESENTATION('',(#390),#394);
#390 = LINE('',#391,#392);
#391 = CARTESIAN_POINT('',(0.,4.712388980385));
#392 = VECTOR('',#393,1.);
#393 = DIRECTION('',(1.,0.));
#394 = ( GEOMETRIC_REPRESENTATION_CONTEXT(2) 
PARAMETRIC_REPRESENTATION_CONTEXT() REPRESENTATION_CONTEXT('2D SPACE',''
  ) );
#395 = ORIENTED_EDGE('',*,*,#396,.T.);
#396 = EDGE_CURVE('',#368,#397,#399,.T.);
#397 = VERTEX_POINT('',#398);
#398 = CARTESIAN_POINT('',(-72.25,51.5,-1.5));
#399 = SURFACE_CURVE('',#400,(#404,#411),.PCURVE_S1.);
#400 = LINE('',#401,#402);
#401 = CARTESIAN_POINT('',(72.25,51.5,-1.5));
#402 = VECTOR('',#403,1.);
#403 = DIRECTION('',(-1.,0.,0.));
#404 = PCURVE('',#150,#405);
#405 = DEFINITIONAL_REPRESENTATION('',(#406),#410);
#406 = LINE('',#407,#408);
#407 = CARTESIAN_POINT('',(72.25,51.5));
#408 = VECTOR('',#409,1.);
#409 = DIRECTION('',(-1.,0.));
#410 = ( GEOMETRIC_REPRESENTATION_CONTEXT(2) 
PARAMETRIC_REPRESENTATION_CONTEXT() REPRESENTATION_CONTEXT('2D SPACE',''
  ) );
#411 = PCURVE('',#412,#417);
#412 = CYLINDRICAL_SURFACE('',#413,0.5);
#413 = AXIS2_PLACEMENT_3D('',#414,#415,#416);
#414 = CARTESIAN_POINT('',(72.25,51.5,-1.));
#415 = DIRECTION('',(-1.,0.,0.));
#416 = DIRECTION('',(0.,0.,-1.));
#417 = DEFINITIONAL_REPRESENTATION('',(#418),#422);
#418 = LINE('',#419,#420);
#419 = CARTESIAN_POINT('',(-0.,0.));
#420 = VECTOR('',#421,1.);
#421 = DIRECTION('',(-0.,1.));
#422 = ( GEOMETRIC_REPRESENTATION_CONTEXT(2) 
PARAMETRIC_REPRESENTATION_CONTEXT() REPRESENTATION_CONTEXT('2D SPACE',''
  ) );
#423 = ORIENTED_EDGE('',*,*,#424,.T.);
#424 = EDGE_CURVE('',#397,#224,#425,.T.);
#425 = SURFACE_CURVE('',#426,(#431,#438),.PCURVE_S1.);
#426 = CIRCLE('',#427,4.5);
#427 = AXIS2_PLACEMENT_3D('',#428,#429,#430);
#428 = CARTESIAN_POINT('',(-72.25,47.,-1.5));
#429 = DIRECTION('',(0.,-0.,1.));
#430 = DIRECTION('',(0.,1.,0.));
#431 = PCURVE('',#150,#432);
#432 = DEFINITIONAL_REPRESENTATION('',(#433),#437);
#433 = CIRCLE('',#434,4.5);
#434 = AXIS2_PLACEMENT_2D('',#435,#436);
#435 = CARTESIAN_POINT('',(-72.25,47.));
#436 = DIRECTION('',(0.,1.));
#437 = ( GEOMETRIC_REPRESENTATION_CONTEXT(2) 
PARAMETRIC_REPRESENTATION_CONTEXT() REPRESENTATION_CONTEXT('2D SPACE',''
  ) );
#438 = PCURVE('',#439,#444);
#439 = TOROIDAL_SURFACE('',#440,4.5,0.5);
#440 = AXIS2_PLACEMENT_3D('',#441,#442,#443);
#441 = CARTESIAN_POINT('',(-72.25,47.,-1.));
#442 = DIRECTION('',(0.,0.,1.));
#443 = DIRECTION('',(0.,1.,0.));
#444 = DEFINITIONAL_REPRESENTATION('',(#445),#449);
#445 = LINE('',#446,#447);
#446 = CARTESIAN_POINT('',(0.,4.712388980385));
#447 = VECTOR('',#448,1.);
#448 = DIRECTION('',(1.,0.));
#449 = ( GEOMETRIC_REPRESENTATION_CONTEXT(2) 
PARAMETRIC_REPRESENTATION_CONTEXT() REPRESENTATION_CONTEXT('2D SPACE',''
  ) );
#450 = FACE_BOUND('',#451,.F.);
#451 = EDGE_LOOP('',(#452));
#452 = ORIENTED_EDGE('',*,*,#453,.F.);
#453 = EDGE_CURVE('',#454,#454,#456,.T.);
#454 = VERTEX_POINT('',#455);
#455 = CARTESIAN_POINT('',(-67.89289321881,46.75,-1.5));
#456 = SURFACE_CURVE('',#457,(#462,#469),.PCURVE_S1.);
#457 = CIRCLE('',#458,4.107106781187);
#458 = AXIS2_PLACEMENT_3D('',#459,#460,#461);
#459 = CARTESIAN_POINT('',(-72.,46.75,-1.5));
#460 = DIRECTION('',(0.,0.,1.));
#461 = DIRECTION('',(1.,0.,0.));
#462 = PCURVE('',#150,#463);
#463 = DEFINITIONAL_REPRESENTATION('',(#464),#468);
#464 = CIRCLE('',#465,4.107106781187);
#465 = AXIS2_PLACEMENT_2D('',#466,#467);
#466 = CARTESIAN_POINT('',(-72.,46.75));
#467 = DIRECTION('',(1.,0.));
#468 = ( GEOMETRIC_REPRESENTATION_CONTEXT(2) 
PARAMETRIC_REPRESENTATION_CONTEXT() REPRESENTATION_CONTEXT('2D SPACE',''
  ) );
#469 = PCURVE('',#470,#475);
#470 = TOROIDAL_SURFACE('',#471,4.107106781187,0.5);
#471 = AXIS2_PLACEMENT_3D('',#472,#473,#474);
#472 = CARTESIAN_POINT('',(-72.,46.75,-1.));
#473 = DIRECTION('',(-0.,-0.,-1.));
#474 = DIRECTION('',(1.,0.,0.));
#475 = DEFINITIONAL_REPRESENTATION('',(#476),#480);
#476 = LINE('',#477,#478);
#477 = CARTESIAN_POINT('',(-0.,1.570796326795));
#478 = VECTOR('',#479,1.);
#479 = DIRECTION('',(-1.,0.));
#480 = ( GEOMETRIC_REPRESENTATION_CONTEXT(2) 
PARAMETRIC_REPRESENTATION_CONTEXT() REPRESENTATION_CONTEXT('2D SPACE',''
  ) );
#481 = FACE_BOUND('',#482,.F.);
#482 = EDGE_LOOP('',(#483));
#483 = ORIENTED_EDGE('',*,*,#484,.F.);
#484 = EDGE_CURVE('',#485,#485,#487,.T.);
#485 = VERTEX_POINT('',#486);
#486 = CARTESIAN_POINT('',(76.107106781187,46.75,-1.5));
#487 = SURFACE_CURVE('',#488,(#493,#500),.PCURVE_S1.);
#488 = CIRCLE('',#489,4.107106781187);
#489 = AXIS2_PLACEMENT_3D('',#490,#491,#492);
#490 = CARTESIAN_POINT('',(72.,46.75,-1.5));
#491 = DIRECTION('',(0.,0.,1.));
#492 = DIRECTION('',(1.,0.,0.));
#493 = PCURVE('',#150,#494);
#494 = DEFINITIONAL_REPRESENTATION('',(#495),#499);
#495 = CIRCLE('',#496,4.107106781187);
#496 = AXIS2_PLACEMENT_2D('',#497,#498);
#497 = CARTESIAN_POINT('',(72.,46.75));
#498 = DIRECTION('',(1.,0.));
#499 = ( GEOMETRIC_REPRESENTATION_CONTEXT(2) 
PARAMETRIC_REPRESENTATION_CONTEXT() REPRESENTATION_CONTEXT('2D SPACE',''
  ) );
#500 = PCURVE('',#501,#506);
#501 = TOROIDAL_SURFACE('',#502,4.107106781187,0.5);
#502 = AXIS2_PLACEMENT_3D('',#503,#504,#505);
#503 = CARTESIAN_POINT('',(72.,46.75,-1.));
#504 = DIRECTION('',(-0.,-0.,-1.));
#505 = DIRECTION('',(1.,0.,0.));
#506 = DEFINITIONAL_REPRESENTATION('',(#507),#511);
#507 = LINE('',#508,#509);
#508 = CARTESIAN_POINT('',(-0.,1.570796326795));
#509 = VECTOR('',#510,1.);
#510 = DIRECTION('',(-1.,0.));
#511 = ( GEOMETRIC_REPRESENTATION_CONTEXT(2) 
PARAMETRIC_REPRESENTATION_CONTEXT() REPRESENTATION_CONTEXT('2D SPACE',''
  ) );
#512 = FACE_BOUND('',#513,.F.);
#513 = EDGE_LOOP('',(#514));
#514 = ORIENTED_EDGE('',*,*,#515,.F.);
#515 = EDGE_CURVE('',#516,#516,#518,.T.);
#516 = VERTEX_POINT('',#517);
#517 = CARTESIAN_POINT('',(76.107106781187,-46.75,-1.5));
#518 = SURFACE_CURVE('',#519,(#524,#531),.PCURVE_S1.);
#519 = CIRCLE('',#520,4.107106781187);
#520 = AXIS2_PLACEMENT_3D('',#521,#522,#523);
#521 = CARTESIAN_POINT('',(72.,-46.75,-1.5));
#522 = DIRECTION('',(0.,0.,1.));
#523 = DIRECTION('',(1.,0.,0.));
#524 = PCURVE('',#150,#525);
#525 = DEFINITIONAL_REPRESENTATION('',(#526),#530);
#526 = CIRCLE('',#527,4.107106781187);
#527 = AXIS2_PLACEMENT_2D('',#528,#529);
#528 = CARTESIAN_POINT('',(72.,-46.75));
#529 = DIRECTION('',(1.,0.));
#530 = ( GEOMETRIC_REPRESENTATION_CONTEXT(2) 
PARAMETRIC_REPRESENTATION_CONTEXT() REPRESENTATION_CONTEXT('2D SPACE',''
  ) );
#531 = PCURVE('',#532,#537);
#532 = TOROIDAL_SURFACE('',#533,4.107106781187,0.5);
#533 = AXIS2_PLACEMENT_3D('',#534,#535,#536);
#534 = CARTESIAN_POINT('',(72.,-46.75,-1.));
#535 = DIRECTION('',(-0.,-0.,-1.));
#536 = DIRECTION('',(1.,0.,0.));
#537 = DEFINITIONAL_REPRESENTATION('',(#538),#542);
#538 = LINE('',#539,#540);
#539 = CARTESIAN_POINT('',(-0.,1.570796326795));
#540 = VECTOR('',#541,1.);
#541 = DIRECTION('',(-1.,0.));
#542 = ( GEOMETRIC_REPRESENTATION_CONTEXT(2) 
PARAMETRIC_REPRESENTATION_CONTEXT() REPRESENTATION_CONTEXT('2D SPACE',''
  ) );
#543 = ADVANCED_FACE('',(#544,#693),#203,.T.);
#544 = FACE_BOUND('',#545,.T.);
#545 = EDGE_LOOP('',(#546,#577,#606,#634,#667));
#546 = ORIENTED_EDGE('',*,*,#547,.T.);
#547 = EDGE_CURVE('',#548,#550,#552,.T.);
#548 = VERTEX_POINT('',#549);
#549 = CARTESIAN_POINT('',(-71.00125078222,-50.,4.5));
#550 = VERTEX_POINT('',#551);
#551 = CARTESIAN_POINT('',(-68.6,-46.75,4.5));
#552 = SURFACE_CURVE('',#553,(#558,#565),.PCURVE_S1.);
#553 = CIRCLE('',#554,3.4);
#554 = AXIS2_PLACEMENT_3D('',#555,#556,#557);
#555 = CARTESIAN_POINT('',(-72.,-46.75,4.5));
#556 = DIRECTION('',(0.,0.,1.));
#557 = DIRECTION('',(1.,0.,0.));
#558 = PCURVE('',#203,#559);
#559 = DEFINITIONAL_REPRESENTATION('',(#560),#564);
#560 = CIRCLE('',#561,3.4);
#561 = AXIS2_PLACEMENT_2D('',#562,#563);
#562 = CARTESIAN_POINT('',(-72.,-46.75));
#563 = DIRECTION('',(1.,0.));
#564 = ( GEOMETRIC_REPRESENTATION_CONTEXT(2) 
PARAMETRIC_REPRESENTATION_CONTEXT() REPRESENTATION_CONTEXT('2D SPACE',''
  ) );
#565 = PCURVE('',#566,#571);
#566 = CYLINDRICAL_SURFACE('',#567,3.4);
#567 = AXIS2_PLACEMENT_3D('',#568,#569,#570);
#568 = CARTESIAN_POINT('',(-72.,-46.75,0.));
#569 = DIRECTION('',(-0.,-0.,-1.));
#570 = DIRECTION('',(1.,0.,0.));
#571 = DEFINITIONAL_REPRESENTATION('',(#572),#576);
#572 = LINE('',#573,#574);
#573 = CARTESIAN_POINT('',(-0.,-4.5));
#574 = VECTOR('',#575,1.);
#575 = DIRECTION('',(-1.,0.));
#576 = ( GEOMETRIC_REPRESENTATION_CONTEXT(2) 
PARAMETRIC_REPRESENTATION_CONTEXT() REPRESENTATION_CONTEXT('2D SPACE',''
  ) );
#577 = ORIENTED_EDGE('',*,*,#578,.T.);
#578 = EDGE_CURVE('',#550,#579,#581,.T.);
#579 = VERTEX_POINT('',#580);
#580 = CARTESIAN_POINT('',(-75.25,-45.75125078222,4.5));
#581 = SURFACE_CURVE('',#582,(#587,#594),.PCURVE_S1.);
#582 = CIRCLE('',#583,3.4);
#583 = AXIS2_PLACEMENT_3D('',#584,#585,#586);
#584 = CARTESIAN_POINT('',(-72.,-46.75,4.5));
#585 = DIRECTION('',(0.,0.,1.));
#586 = DIRECTION('',(1.,0.,0.));
#587 = PCURVE('',#203,#588);
#588 = DEFINITIONAL_REPRESENTATION('',(#589),#593);
#589 = CIRCLE('',#590,3.4);
#590 = AXIS2_PLACEMENT_2D('',#591,#592);
#591 = CARTESIAN_POINT('',(-72.,-46.75));
#592 = DIRECTION('',(1.,0.));
#593 = ( GEOMETRIC_REPRESENTATION_CONTEXT(2) 
PARAMETRIC_REPRESENTATION_CONTEXT() REPRESENTATION_CONTEXT('2D SPACE',''
  ) );
#594 = PCURVE('',#595,#600);
#595 = CYLINDRICAL_SURFACE('',#596,3.4);
#596 = AXIS2_PLACEMENT_3D('',#597,#598,#599);
#597 = CARTESIAN_POINT('',(-72.,-46.75,0.));
#598 = DIRECTION('',(-0.,-0.,-1.));
#599 = DIRECTION('',(1.,0.,0.));
#600 = DEFINITIONAL_REPRESENTATION('',(#601),#605);
#601 = LINE('',#602,#603);
#602 = CARTESIAN_POINT('',(-0.,-4.5));
#603 = VECTOR('',#604,1.);
#604 = DIRECTION('',(-1.,0.));
#605 = ( GEOMETRIC_REPRESENTATION_CONTEXT(2) 
PARAMETRIC_REPRESENTATION_CONTEXT() REPRESENTATION_CONTEXT('2D SPACE',''
  ) );
#606 = ORIENTED_EDGE('',*,*,#607,.T.);
#607 = EDGE_CURVE('',#579,#608,#610,.T.);
#608 = VERTEX_POINT('',#609);
#609 = CARTESIAN_POINT('',(-75.25,-47.00000000004,4.5));
#610 = SURFACE_CURVE('',#611,(#615,#622),.PCURVE_S1.);
#611 = LINE('',#612,#613);
#612 = CARTESIAN_POINT('',(-75.25,23.500000000023,4.5));
#613 = VECTOR('',#614,1.);
#614 = DIRECTION('',(0.,-1.,0.));
#615 = PCURVE('',#203,#616);
#616 = DEFINITIONAL_REPRESENTATION('',(#617),#621);
#617 = LINE('',#618,#619);
#618 = CARTESIAN_POINT('',(-75.25,23.500000000023));
#619 = VECTOR('',#620,1.);
#620 = DIRECTION('',(0.,-1.));
#621 = ( GEOMETRIC_REPRESENTATION_CONTEXT(2) 
PARAMETRIC_REPRESENTATION_CONTEXT() REPRESENTATION_CONTEXT('2D SPACE',''
  ) );
#622 = PCURVE('',#623,#628);
#623 = PLANE('',#624);
#624 = AXIS2_PLACEMENT_3D('',#625,#626,#627);
#625 = CARTESIAN_POINT('',(-75.25,47.000000000045,0.));
#626 = DIRECTION('',(1.,0.,0.));
#627 = DIRECTION('',(0.,-1.,0.));
#628 = DEFINITIONAL_REPRESENTATION('',(#629),#633);
#629 = LINE('',#630,#631);
#630 = CARTESIAN_POINT('',(23.500000000023,-4.5));
#631 = VECTOR('',#632,1.);
#632 = DIRECTION('',(1.,0.));
#633 = ( GEOMETRIC_REPRESENTATION_CONTEXT(2) 
PARAMETRIC_REPRESENTATION_CONTEXT() REPRESENTATION_CONTEXT('2D SPACE',''
  ) );
#634 = ORIENTED_EDGE('',*,*,#635,.F.);
#635 = EDGE_CURVE('',#636,#608,#638,.T.);
#636 = VERTEX_POINT('',#637);
#637 = CARTESIAN_POINT('',(-72.25,-50.,4.5));
#638 = SURFACE_CURVE('',#639,(#644,#655),.PCURVE_S1.);
#639 = CIRCLE('',#640,3.);
#640 = AXIS2_PLACEMENT_3D('',#641,#642,#643);
#641 = CARTESIAN_POINT('',(-72.25,-47.,4.5));
#642 = DIRECTION('',(0.,0.,-1.));
#643 = DIRECTION('',(1.,0.,0.));
#644 = PCURVE('',#203,#645);
#645 = DEFINITIONAL_REPRESENTATION('',(#646),#654);
#646 = ( BOUNDED_CURVE() B_SPLINE_CURVE(2,(#647,#648,#649,#650,#651,#652
,#653),.UNSPECIFIED.,.T.,.F.) B_SPLINE_CURVE_WITH_KNOTS((1,2,2,2,2,1),(
    -2.094395102393,0.,2.094395102393,4.188790204786,6.28318530718,
8.377580409573),.UNSPECIFIED.) CURVE() GEOMETRIC_REPRESENTATION_ITEM() 
RATIONAL_B_SPLINE_CURVE((1.,0.5,1.,0.5,1.,0.5,1.)) REPRESENTATION_ITEM(
  '') );
#647 = CARTESIAN_POINT('',(-69.25,-47.));
#648 = CARTESIAN_POINT('',(-69.25,-52.1961524227));
#649 = CARTESIAN_POINT('',(-73.75,-49.59807621135));
#650 = CARTESIAN_POINT('',(-78.25,-47.));
#651 = CARTESIAN_POINT('',(-73.75,-44.40192378864));
#652 = CARTESIAN_POINT('',(-69.25,-41.80384757729));
#653 = CARTESIAN_POINT('',(-69.25,-47.));
#654 = ( GEOMETRIC_REPRESENTATION_CONTEXT(2) 
PARAMETRIC_REPRESENTATION_CONTEXT() REPRESENTATION_CONTEXT('2D SPACE',''
  ) );
#655 = PCURVE('',#656,#661);
#656 = CYLINDRICAL_SURFACE('',#657,3.);
#657 = AXIS2_PLACEMENT_3D('',#658,#659,#660);
#658 = CARTESIAN_POINT('',(-72.25,-47.,0.));
#659 = DIRECTION('',(-0.,-0.,-1.));
#660 = DIRECTION('',(1.,0.,0.));
#661 = DEFINITIONAL_REPRESENTATION('',(#662),#666);
#662 = LINE('',#663,#664);
#663 = CARTESIAN_POINT('',(-6.28318530718,-4.5));
#664 = VECTOR('',#665,1.);
#665 = DIRECTION('',(1.,-0.));
#666 = ( GEOMETRIC_REPRESENTATION_CONTEXT(2) 
PARAMETRIC_REPRESENTATION_CONTEXT() REPRESENTATION_CONTEXT('2D SPACE',''
  ) );
#667 = ORIENTED_EDGE('',*,*,#668,.T.);
#668 = EDGE_CURVE('',#636,#548,#669,.T.);
#669 = SURFACE_CURVE('',#670,(#674,#681),.PCURVE_S1.);
#670 = LINE('',#671,#672);
#671 = CARTESIAN_POINT('',(-36.125,-50.,4.5));
#672 = VECTOR('',#673,1.);
#673 = DIRECTION('',(1.,0.,0.));
#674 = PCURVE('',#203,#675);
#675 = DEFINITIONAL_REPRESENTATION('',(#676),#680);
#676 = LINE('',#677,#678);
#677 = CARTESIAN_POINT('',(-36.125,-50.));
#678 = VECTOR('',#679,1.);
#679 = DIRECTION('',(1.,0.));
#680 = ( GEOMETRIC_REPRESENTATION_CONTEXT(2) 
PARAMETRIC_REPRESENTATION_CONTEXT() REPRESENTATION_CONTEXT('2D SPACE',''
  ) );
#681 = PCURVE('',#682,#687);
#682 = PLANE('',#683);
#683 = AXIS2_PLACEMENT_3D('',#684,#685,#686);
#684 = CARTESIAN_POINT('',(-72.25,-50.,0.));
#685 = DIRECTION('',(0.,1.,0.));
#686 = DIRECTION('',(1.,0.,0.));
#687 = DEFINITIONAL_REPRESENTATION('',(#688),#692);
#688 = LINE('',#689,#690);
#689 = CARTESIAN_POINT('',(36.125,-4.5));
#690 = VECTOR('',#691,1.);
#691 = DIRECTION('',(1.,0.));
#692 = ( GEOMETRIC_REPRESENTATION_CONTEXT(2) 
PARAMETRIC_REPRESENTATION_CONTEXT() REPRESENTATION_CONTEXT('2D SPACE',''
  ) );
#693 = FACE_BOUND('',#694,.T.);
#694 = EDGE_LOOP('',(#695));
#695 = ORIENTED_EDGE('',*,*,#188,.F.);
#696 = ADVANCED_FACE('',(#697),#241,.T.);
#697 = FACE_BOUND('',#698,.F.);
#698 = EDGE_LOOP('',(#699,#723,#751,#773));
#699 = ORIENTED_EDGE('',*,*,#700,.T.);
#700 = EDGE_CURVE('',#224,#701,#703,.T.);
#701 = VERTEX_POINT('',#702);
#702 = CARTESIAN_POINT('',(-77.25,47.000000000016,-1.));
#703 = SURFACE_CURVE('',#704,(#709,#716),.PCURVE_S1.);
#704 = CIRCLE('',#705,0.5);
#705 = AXIS2_PLACEMENT_3D('',#706,#707,#708);
#706 = CARTESIAN_POINT('',(-76.75,47.000000000016,-1.));
#707 = DIRECTION('',(0.,1.,0.));
#708 = DIRECTION('',(0.,0.,-1.));
#709 = PCURVE('',#241,#710);
#710 = DEFINITIONAL_REPRESENTATION('',(#711),#715);
#711 = LINE('',#712,#713);
#712 = CARTESIAN_POINT('',(-0.,0.));
#713 = VECTOR('',#714,1.);
#714 = DIRECTION('',(-1.,0.));
#715 = ( GEOMETRIC_REPRESENTATION_CONTEXT(2) 
PARAMETRIC_REPRESENTATION_CONTEXT() REPRESENTATION_CONTEXT('2D SPACE',''
  ) );
#716 = PCURVE('',#439,#717);
#717 = DEFINITIONAL_REPRESENTATION('',(#718),#722);
#718 = LINE('',#719,#720);
#719 = CARTESIAN_POINT('',(1.570796326792,4.712388980385));
#720 = VECTOR('',#721,1.);
#721 = DIRECTION('',(0.,1.));
#722 = ( GEOMETRIC_REPRESENTATION_CONTEXT(2) 
PARAMETRIC_REPRESENTATION_CONTEXT() REPRESENTATION_CONTEXT('2D SPACE',''
  ) );
#723 = ORIENTED_EDGE('',*,*,#724,.T.);
#724 = EDGE_CURVE('',#701,#725,#727,.T.);
#725 = VERTEX_POINT('',#726);
#726 = CARTESIAN_POINT('',(-77.25,-47.,-1.));
#727 = SURFACE_CURVE('',#728,(#732,#739),.PCURVE_S1.);
#728 = LINE('',#729,#730);
#729 = CARTESIAN_POINT('',(-77.25,47.000000000016,-1.));
#730 = VECTOR('',#731,1.);
#731 = DIRECTION('',(0.,-1.,0.));
#732 = PCURVE('',#241,#733);
#733 = DEFINITIONAL_REPRESENTATION('',(#734),#738);
#734 = LINE('',#735,#736);
#735 = CARTESIAN_POINT('',(-1.570796326795,0.));
#736 = VECTOR('',#737,1.);
#737 = DIRECTION('',(-0.,1.));
#738 = ( GEOMETRIC_REPRESENTATION_CONTEXT(2) 
PARAMETRIC_REPRESENTATION_CONTEXT() REPRESENTATION_CONTEXT('2D SPACE',''
  ) );
#739 = PCURVE('',#740,#745);
#740 = PLANE('',#741);
#741 = AXIS2_PLACEMENT_3D('',#742,#743,#744);
#742 = CARTESIAN_POINT('',(-77.25,47.000000000016,0.));
#743 = DIRECTION('',(-1.,0.,0.));
#744 = DIRECTION('',(0.,-1.,0.));
#745 = DEFINITIONAL_REPRESENTATION('',(#746),#750);
#746 = LINE('',#747,#748);
#747 = CARTESIAN_POINT('',(0.,-1.));
#748 = VECTOR('',#749,1.);
#749 = DIRECTION('',(1.,0.));
#750 = ( GEOMETRIC_REPRESENTATION_CONTEXT(2) 
PARAMETRIC_REPRESENTATION_CONTEXT() REPRESENTATION_CONTEXT('2D SPACE',''
  ) );
#751 = ORIENTED_EDGE('',*,*,#752,.F.);
#752 = EDGE_CURVE('',#226,#725,#753,.T.);
#753 = SURFACE_CURVE('',#754,(#759,#766),.PCURVE_S1.);
#754 = CIRCLE('',#755,0.5);
#755 = AXIS2_PLACEMENT_3D('',#756,#757,#758);
#756 = CARTESIAN_POINT('',(-76.75,-47.,-1.));
#757 = DIRECTION('',(0.,1.,0.));
#758 = DIRECTION('',(0.,0.,-1.));
#759 = PCURVE('',#241,#760);
#760 = DEFINITIONAL_REPRESENTATION('',(#761),#765);
#761 = LINE('',#762,#763);
#762 = CARTESIAN_POINT('',(-0.,94.000000000016));
#763 = VECTOR('',#764,1.);
#764 = DIRECTION('',(-1.,0.));
#765 = ( GEOMETRIC_REPRESENTATION_CONTEXT(2) 
PARAMETRIC_REPRESENTATION_CONTEXT() REPRESENTATION_CONTEXT('2D SPACE',''
  ) );
#766 = PCURVE('',#270,#767);
#767 = DEFINITIONAL_REPRESENTATION('',(#768),#772);
#768 = LINE('',#769,#770);
#769 = CARTESIAN_POINT('',(0.,4.712388980385));
#770 = VECTOR('',#771,1.);
#771 = DIRECTION('',(0.,1.));
#772 = ( GEOMETRIC_REPRESENTATION_CONTEXT(2) 
PARAMETRIC_REPRESENTATION_CONTEXT() REPRESENTATION_CONTEXT('2D SPACE',''
  ) );
#773 = ORIENTED_EDGE('',*,*,#223,.F.);
#774 = ADVANCED_FACE('',(#775),#439,.T.);
#775 = FACE_BOUND('',#776,.T.);
#776 = EDGE_LOOP('',(#777,#801,#802,#803));
#777 = ORIENTED_EDGE('',*,*,#778,.F.);
#778 = EDGE_CURVE('',#397,#779,#781,.T.);
#779 = VERTEX_POINT('',#780);
#780 = CARTESIAN_POINT('',(-72.25,52.,-1.));
#781 = SURFACE_CURVE('',#782,(#787,#794),.PCURVE_S1.);
#782 = CIRCLE('',#783,0.5);
#783 = AXIS2_PLACEMENT_3D('',#784,#785,#786);
#784 = CARTESIAN_POINT('',(-72.25,51.5,-1.));
#785 = DIRECTION('',(1.,-0.,0.));
#786 = DIRECTION('',(0.,0.,-1.));
#787 = PCURVE('',#439,#788);
#788 = DEFINITIONAL_REPRESENTATION('',(#789),#793);
#789 = LINE('',#790,#791);
#790 = CARTESIAN_POINT('',(0.,4.712388980385));
#791 = VECTOR('',#792,1.);
#792 = DIRECTION('',(0.,1.));
#793 = ( GEOMETRIC_REPRESENTATION_CONTEXT(2) 
PARAMETRIC_REPRESENTATION_CONTEXT() REPRESENTATION_CONTEXT('2D SPACE',''
  ) );
#794 = PCURVE('',#412,#795);
#795 = DEFINITIONAL_REPRESENTATION('',(#796),#800);
#796 = LINE('',#797,#798);
#797 = CARTESIAN_POINT('',(-0.,144.5));
#798 = VECTOR('',#799,1.);
#799 = DIRECTION('',(-1.,0.));
#800 = ( GEOMETRIC_REPRESENTATION_CONTEXT(2) 
PARAMETRIC_REPRESENTATION_CONTEXT() REPRESENTATION_CONTEXT('2D SPACE',''
  ) );
#801 = ORIENTED_EDGE('',*,*,#424,.T.);
#802 = ORIENTED_EDGE('',*,*,#700,.T.);
#803 = ORIENTED_EDGE('',*,*,#804,.F.);
#804 = EDGE_CURVE('',#779,#701,#805,.T.);
#805 = SURFACE_CURVE('',#806,(#811,#818),.PCURVE_S1.);
#806 = CIRCLE('',#807,5.);
#807 = AXIS2_PLACEMENT_3D('',#808,#809,#810);
#808 = CARTESIAN_POINT('',(-72.25,47.,-1.));
#809 = DIRECTION('',(0.,-0.,1.));
#810 = DIRECTION('',(0.,1.,0.));
#811 = PCURVE('',#439,#812);
#812 = DEFINITIONAL_REPRESENTATION('',(#813),#817);
#813 = LINE('',#814,#815);
#814 = CARTESIAN_POINT('',(0.,6.28318530718));
#815 = VECTOR('',#816,1.);
#816 = DIRECTION('',(1.,0.));
#817 = ( GEOMETRIC_REPRESENTATION_CONTEXT(2) 
PARAMETRIC_REPRESENTATION_CONTEXT() REPRESENTATION_CONTEXT('2D SPACE',''
  ) );
#818 = PCURVE('',#819,#824);
#819 = CYLINDRICAL_SURFACE('',#820,5.);
#820 = AXIS2_PLACEMENT_3D('',#821,#822,#823);
#821 = CARTESIAN_POINT('',(-72.25,47.,0.));
#822 = DIRECTION('',(0.,0.,1.));
#823 = DIRECTION('',(1.,0.,0.));
#824 = DEFINITIONAL_REPRESENTATION('',(#825),#829);
#825 = LINE('',#826,#827);
#826 = CARTESIAN_POINT('',(1.570796326795,-1.));
#827 = VECTOR('',#828,1.);
#828 = DIRECTION('',(1.,0.));
#829 = ( GEOMETRIC_REPRESENTATION_CONTEXT(2) 
PARAMETRIC_REPRESENTATION_CONTEXT() REPRESENTATION_CONTEXT('2D SPACE',''
  ) );
#830 = ADVANCED_FACE('',(#831),#270,.T.);
#831 = FACE_BOUND('',#832,.T.);
#832 = EDGE_LOOP('',(#833,#834,#835,#859));
#833 = ORIENTED_EDGE('',*,*,#752,.F.);
#834 = ORIENTED_EDGE('',*,*,#253,.T.);
#835 = ORIENTED_EDGE('',*,*,#836,.T.);
#836 = EDGE_CURVE('',#254,#837,#839,.T.);
#837 = VERTEX_POINT('',#838);
#838 = CARTESIAN_POINT('',(-72.25,-52.,-1.));
#839 = SURFACE_CURVE('',#840,(#845,#852),.PCURVE_S1.);
#840 = CIRCLE('',#841,0.5);
#841 = AXIS2_PLACEMENT_3D('',#842,#843,#844);
#842 = CARTESIAN_POINT('',(-72.25,-51.5,-1.));
#843 = DIRECTION('',(-1.,6.123233995737E-17,0.));
#844 = DIRECTION('',(-6.123233995737E-17,-1.,0.));
#845 = PCURVE('',#270,#846);
#846 = DEFINITIONAL_REPRESENTATION('',(#847),#851);
#847 = LINE('',#848,#849);
#848 = CARTESIAN_POINT('',(1.570796326795,0.));
#849 = VECTOR('',#850,1.);
#850 = DIRECTION('',(0.,1.));
#851 = ( GEOMETRIC_REPRESENTATION_CONTEXT(2) 
PARAMETRIC_REPRESENTATION_CONTEXT() REPRESENTATION_CONTEXT('2D SPACE',''
  ) );
#852 = PCURVE('',#298,#853);
#853 = DEFINITIONAL_REPRESENTATION('',(#854),#858);
#854 = LINE('',#855,#856);
#855 = CARTESIAN_POINT('',(4.712388980385,-0.));
#856 = VECTOR('',#857,1.);
#857 = DIRECTION('',(-1.,0.));
#858 = ( GEOMETRIC_REPRESENTATION_CONTEXT(2) 
PARAMETRIC_REPRESENTATION_CONTEXT() REPRESENTATION_CONTEXT('2D SPACE',''
  ) );
#859 = ORIENTED_EDGE('',*,*,#860,.F.);
#860 = EDGE_CURVE('',#725,#837,#861,.T.);
#861 = SURFACE_CURVE('',#862,(#867,#874),.PCURVE_S1.);
#862 = CIRCLE('',#863,5.);
#863 = AXIS2_PLACEMENT_3D('',#864,#865,#866);
#864 = CARTESIAN_POINT('',(-72.25,-47.,-1.));
#865 = DIRECTION('',(0.,0.,1.));
#866 = DIRECTION('',(-1.,0.,0.));
#867 = PCURVE('',#270,#868);
#868 = DEFINITIONAL_REPRESENTATION('',(#869),#873);
#869 = LINE('',#870,#871);
#870 = CARTESIAN_POINT('',(0.,6.28318530718));
#871 = VECTOR('',#872,1.);
#872 = DIRECTION('',(1.,0.));
#873 = ( GEOMETRIC_REPRESENTATION_CONTEXT(2) 
PARAMETRIC_REPRESENTATION_CONTEXT() REPRESENTATION_CONTEXT('2D SPACE',''
  ) );
#874 = PCURVE('',#875,#880);
#875 = CYLINDRICAL_SURFACE('',#876,5.);
#876 = AXIS2_PLACEMENT_3D('',#877,#878,#879);
#877 = CARTESIAN_POINT('',(-72.25,-47.,0.));
#878 = DIRECTION('',(0.,0.,1.));
#879 = DIRECTION('',(1.,0.,0.));
#880 = DEFINITIONAL_REPRESENTATION('',(#881),#885);
#881 = LINE('',#882,#883);
#882 = CARTESIAN_POINT('',(3.14159265359,-1.));
#883 = VECTOR('',#884,1.);
#884 = DIRECTION('',(1.,0.));
#885 = ( GEOMETRIC_REPRESENTATION_CONTEXT(2) 
PARAMETRIC_REPRESENTATION_CONTEXT() REPRESENTATION_CONTEXT('2D SPACE',''
  ) );
#886 = ADVANCED_FACE('',(#887),#412,.T.);
#887 = FACE_BOUND('',#888,.F.);
#888 = EDGE_LOOP('',(#889,#913,#939,#940));
#889 = ORIENTED_EDGE('',*,*,#890,.T.);
#890 = EDGE_CURVE('',#368,#891,#893,.T.);
#891 = VERTEX_POINT('',#892);
#892 = CARTESIAN_POINT('',(72.25,52.,-1.));
#893 = SURFACE_CURVE('',#894,(#899,#906),.PCURVE_S1.);
#894 = CIRCLE('',#895,0.5);
#895 = AXIS2_PLACEMENT_3D('',#896,#897,#898);
#896 = CARTESIAN_POINT('',(72.25,51.5,-1.));
#897 = DIRECTION('',(1.,3.828568698927E-16,-0.));
#898 = DIRECTION('',(-3.828568698927E-16,1.,0.));
#899 = PCURVE('',#412,#900);
#900 = DEFINITIONAL_REPRESENTATION('',(#901),#905);
#901 = LINE('',#902,#903);
#902 = CARTESIAN_POINT('',(4.712388980385,-0.));
#903 = VECTOR('',#904,1.);
#904 = DIRECTION('',(-1.,0.));
#905 = ( GEOMETRIC_REPRESENTATION_CONTEXT(2) 
PARAMETRIC_REPRESENTATION_CONTEXT() REPRESENTATION_CONTEXT('2D SPACE',''
  ) );
#906 = PCURVE('',#384,#907);
#907 = DEFINITIONAL_REPRESENTATION('',(#908),#912);
#908 = LINE('',#909,#910);
#909 = CARTESIAN_POINT('',(1.570796326795,0.));
#910 = VECTOR('',#911,1.);
#911 = DIRECTION('',(0.,1.));
#912 = ( GEOMETRIC_REPRESENTATION_CONTEXT(2) 
PARAMETRIC_REPRESENTATION_CONTEXT() REPRESENTATION_CONTEXT('2D SPACE',''
  ) );
#913 = ORIENTED_EDGE('',*,*,#914,.T.);
#914 = EDGE_CURVE('',#891,#779,#915,.T.);
#915 = SURFACE_CURVE('',#916,(#920,#927),.PCURVE_S1.);
#916 = LINE('',#917,#918);
#917 = CARTESIAN_POINT('',(72.25,52.,-1.));
#918 = VECTOR('',#919,1.);
#919 = DIRECTION('',(-1.,0.,0.));
#920 = PCURVE('',#412,#921);
#921 = DEFINITIONAL_REPRESENTATION('',(#922),#926);
#922 = LINE('',#923,#924);
#923 = CARTESIAN_POINT('',(-1.570796326795,0.));
#924 = VECTOR('',#925,1.);
#925 = DIRECTION('',(-0.,1.));
#926 = ( GEOMETRIC_REPRESENTATION_CONTEXT(2) 
PARAMETRIC_REPRESENTATION_CONTEXT() REPRESENTATION_CONTEXT('2D SPACE',''
  ) );
#927 = PCURVE('',#928,#933);
#928 = PLANE('',#929);
#929 = AXIS2_PLACEMENT_3D('',#930,#931,#932);
#930 = CARTESIAN_POINT('',(72.25,52.,0.));
#931 = DIRECTION('',(0.,1.,0.));
#932 = DIRECTION('',(-1.,0.,0.));
#933 = DEFINITIONAL_REPRESENTATION('',(#934),#938);
#934 = LINE('',#935,#936);
#935 = CARTESIAN_POINT('',(0.,-1.));
#936 = VECTOR('',#937,1.);
#937 = DIRECTION('',(1.,0.));
#938 = ( GEOMETRIC_REPRESENTATION_CONTEXT(2) 
PARAMETRIC_REPRESENTATION_CONTEXT() REPRESENTATION_CONTEXT('2D SPACE',''
  ) );
#939 = ORIENTED_EDGE('',*,*,#778,.F.);
#940 = ORIENTED_EDGE('',*,*,#396,.F.);
#941 = ADVANCED_FACE('',(#942),#298,.T.);
#942 = FACE_BOUND('',#943,.F.);
#943 = EDGE_LOOP('',(#944,#945,#973,#995));
#944 = ORIENTED_EDGE('',*,*,#836,.T.);
#945 = ORIENTED_EDGE('',*,*,#946,.T.);
#946 = EDGE_CURVE('',#837,#947,#949,.T.);
#947 = VERTEX_POINT('',#948);
#948 = CARTESIAN_POINT('',(72.25,-52.,-1.));
#949 = SURFACE_CURVE('',#950,(#954,#961),.PCURVE_S1.);
#950 = LINE('',#951,#952);
#951 = CARTESIAN_POINT('',(-72.25,-52.,-1.));
#952 = VECTOR('',#953,1.);
#953 = DIRECTION('',(1.,0.,0.));
#954 = PCURVE('',#298,#955);
#955 = DEFINITIONAL_REPRESENTATION('',(#956),#960);
#956 = LINE('',#957,#958);
#957 = CARTESIAN_POINT('',(-1.570796326795,0.));
#958 = VECTOR('',#959,1.);
#959 = DIRECTION('',(-0.,1.));
#960 = ( GEOMETRIC_REPRESENTATION_CONTEXT(2) 
PARAMETRIC_REPRESENTATION_CONTEXT() REPRESENTATION_CONTEXT('2D SPACE',''
  ) );
#961 = PCURVE('',#962,#967);
#962 = PLANE('',#963);
#963 = AXIS2_PLACEMENT_3D('',#964,#965,#966);
#964 = CARTESIAN_POINT('',(-72.25,-52.,0.));
#965 = DIRECTION('',(0.,-1.,0.));
#966 = DIRECTION('',(1.,0.,0.));
#967 = DEFINITIONAL_REPRESENTATION('',(#968),#972);
#968 = LINE('',#969,#970);
#969 = CARTESIAN_POINT('',(0.,-1.));
#970 = VECTOR('',#971,1.);
#971 = DIRECTION('',(1.,0.));
#972 = ( GEOMETRIC_REPRESENTATION_CONTEXT(2) 
PARAMETRIC_REPRESENTATION_CONTEXT() REPRESENTATION_CONTEXT('2D SPACE',''
  ) );
#973 = ORIENTED_EDGE('',*,*,#974,.F.);
#974 = EDGE_CURVE('',#283,#947,#975,.T.);
#975 = SURFACE_CURVE('',#976,(#981,#988),.PCURVE_S1.);
#976 = CIRCLE('',#977,0.5);
#977 = AXIS2_PLACEMENT_3D('',#978,#979,#980);
#978 = CARTESIAN_POINT('',(72.25,-51.5,-1.));
#979 = DIRECTION('',(-1.,-0.,-0.));
#980 = DIRECTION('',(0.,0.,-1.));
#981 = PCURVE('',#298,#982);
#982 = DEFINITIONAL_REPRESENTATION('',(#983),#987);
#983 = LINE('',#984,#985);
#984 = CARTESIAN_POINT('',(-0.,144.5));
#985 = VECTOR('',#986,1.);
#986 = DIRECTION('',(-1.,0.));
#987 = ( GEOMETRIC_REPRESENTATION_CONTEXT(2) 
PARAMETRIC_REPRESENTATION_CONTEXT() REPRESENTATION_CONTEXT('2D SPACE',''
  ) );
#988 = PCURVE('',#327,#989);
#989 = DEFINITIONAL_REPRESENTATION('',(#990),#994);
#990 = LINE('',#991,#992);
#991 = CARTESIAN_POINT('',(0.,4.712388980385));
#992 = VECTOR('',#993,1.);
#993 = DIRECTION('',(0.,1.));
#994 = ( GEOMETRIC_REPRESENTATION_CONTEXT(2) 
PARAMETRIC_REPRESENTATION_CONTEXT() REPRESENTATION_CONTEXT('2D SPACE',''
  ) );
#995 = ORIENTED_EDGE('',*,*,#282,.F.);
#996 = ADVANCED_FACE('',(#997),#384,.T.);
#997 = FACE_BOUND('',#998,.T.);
#998 = EDGE_LOOP('',(#999,#1023,#1024,#1025));
#999 = ORIENTED_EDGE('',*,*,#1000,.F.);
#1000 = EDGE_CURVE('',#340,#1001,#1003,.T.);
#1001 = VERTEX_POINT('',#1002);
#1002 = CARTESIAN_POINT('',(77.25,47.,-1.));
#1003 = SURFACE_CURVE('',#1004,(#1009,#1016),.PCURVE_S1.);
#1004 = CIRCLE('',#1005,0.5);
#1005 = AXIS2_PLACEMENT_3D('',#1006,#1007,#1008);
#1006 = CARTESIAN_POINT('',(76.75,47.,-1.));
#1007 = DIRECTION('',(0.,-1.,0.));
#1008 = DIRECTION('',(0.,0.,-1.));
#1009 = PCURVE('',#384,#1010);
#1010 = DEFINITIONAL_REPRESENTATION('',(#1011),#1015);
#1011 = LINE('',#1012,#1013);
#1012 = CARTESIAN_POINT('',(0.,4.712388980385));
#1013 = VECTOR('',#1014,1.);
#1014 = DIRECTION('',(0.,1.));
#1015 = ( GEOMETRIC_REPRESENTATION_CONTEXT(2) 
PARAMETRIC_REPRESENTATION_CONTEXT() REPRESENTATION_CONTEXT('2D SPACE',''
  ) );
#1016 = PCURVE('',#355,#1017);
#1017 = DEFINITIONAL_REPRESENTATION('',(#1018),#1022);
#1018 = LINE('',#1019,#1020);
#1019 = CARTESIAN_POINT('',(-0.,94.000000000016));
#1020 = VECTOR('',#1021,1.);
#1021 = DIRECTION('',(-1.,0.));
#1022 = ( GEOMETRIC_REPRESENTATION_CONTEXT(2) 
PARAMETRIC_REPRESENTATION_CONTEXT() REPRESENTATION_CONTEXT('2D SPACE',''
  ) );
#1023 = ORIENTED_EDGE('',*,*,#367,.T.);
#1024 = ORIENTED_EDGE('',*,*,#890,.T.);
#1025 = ORIENTED_EDGE('',*,*,#1026,.F.);
#1026 = EDGE_CURVE('',#1001,#891,#1027,.T.);
#1027 = SURFACE_CURVE('',#1028,(#1033,#1040),.PCURVE_S1.);
#1028 = CIRCLE('',#1029,5.);
#1029 = AXIS2_PLACEMENT_3D('',#1030,#1031,#1032);
#1030 = CARTESIAN_POINT('',(72.25,47.,-1.));
#1031 = DIRECTION('',(0.,0.,1.));
#1032 = DIRECTION('',(1.,0.,0.));
#1033 = PCURVE('',#384,#1034);
#1034 = DEFINITIONAL_REPRESENTATION('',(#1035),#1039);
#1035 = LINE('',#1036,#1037);
#1036 = CARTESIAN_POINT('',(0.,6.28318530718));
#1037 = VECTOR('',#1038,1.);
#1038 = DIRECTION('',(1.,0.));
#1039 = ( GEOMETRIC_REPRESENTATION_CONTEXT(2) 
PARAMETRIC_REPRESENTATION_CONTEXT() REPRESENTATION_CONTEXT('2D SPACE',''
  ) );
#1040 = PCURVE('',#1041,#1046);
#1041 = CYLINDRICAL_SURFACE('',#1042,5.);
#1042 = AXIS2_PLACEMENT_3D('',#1043,#1044,#1045);
#1043 = CARTESIAN_POINT('',(72.25,47.,0.));
#1044 = DIRECTION('',(0.,0.,1.));
#1045 = DIRECTION('',(1.,0.,0.));
#1046 = DEFINITIONAL_REPRESENTATION('',(#1047),#1051);
#1047 = LINE('',#1048,#1049);
#1048 = CARTESIAN_POINT('',(1.E-16,-1.));
#1049 = VECTOR('',#1050,1.);
#1050 = DIRECTION('',(1.,0.));
#1051 = ( GEOMETRIC_REPRESENTATION_CONTEXT(2) 
PARAMETRIC_REPRESENTATION_CONTEXT() REPRESENTATION_CONTEXT('2D SPACE',''
  ) );
#1052 = ADVANCED_FACE('',(#1053),#327,.T.);
#1053 = FACE_BOUND('',#1054,.T.);
#1054 = EDGE_LOOP('',(#1055,#1056,#1057,#1081));
#1055 = ORIENTED_EDGE('',*,*,#974,.F.);
#1056 = ORIENTED_EDGE('',*,*,#310,.T.);
#1057 = ORIENTED_EDGE('',*,*,#1058,.T.);
#1058 = EDGE_CURVE('',#311,#1059,#1061,.T.);
#1059 = VERTEX_POINT('',#1060);
#1060 = CARTESIAN_POINT('',(77.25,-47.00000000001,-1.));
#1061 = SURFACE_CURVE('',#1062,(#1067,#1074),.PCURVE_S1.);
#1062 = CIRCLE('',#1063,0.5);
#1063 = AXIS2_PLACEMENT_3D('',#1064,#1065,#1066);
#1064 = CARTESIAN_POINT('',(76.75,-47.00000000001,-1.));
#1065 = DIRECTION('',(-3.272110530515E-12,-1.,0.));
#1066 = DIRECTION('',(1.,-3.272110530515E-12,0.));
#1067 = PCURVE('',#327,#1068);
#1068 = DEFINITIONAL_REPRESENTATION('',(#1069),#1073);
#1069 = LINE('',#1070,#1071);
#1070 = CARTESIAN_POINT('',(1.570796326792,0.));
#1071 = VECTOR('',#1072,1.);
#1072 = DIRECTION('',(0.,1.));
#1073 = ( GEOMETRIC_REPRESENTATION_CONTEXT(2) 
PARAMETRIC_REPRESENTATION_CONTEXT() REPRESENTATION_CONTEXT('2D SPACE',''
  ) );
#1074 = PCURVE('',#355,#1075);
#1075 = DEFINITIONAL_REPRESENTATION('',(#1076),#1080);
#1076 = LINE('',#1077,#1078);
#1077 = CARTESIAN_POINT('',(4.712388980385,-0.));
#1078 = VECTOR('',#1079,1.);
#1079 = DIRECTION('',(-1.,0.));
#1080 = ( GEOMETRIC_REPRESENTATION_CONTEXT(2) 
PARAMETRIC_REPRESENTATION_CONTEXT() REPRESENTATION_CONTEXT('2D SPACE',''
  ) );
#1081 = ORIENTED_EDGE('',*,*,#1082,.F.);
#1082 = EDGE_CURVE('',#947,#1059,#1083,.T.);
#1083 = SURFACE_CURVE('',#1084,(#1089,#1096),.PCURVE_S1.);
#1084 = CIRCLE('',#1085,5.);
#1085 = AXIS2_PLACEMENT_3D('',#1086,#1087,#1088);
#1086 = CARTESIAN_POINT('',(72.25,-47.,-1.));
#1087 = DIRECTION('',(-0.,0.,1.));
#1088 = DIRECTION('',(0.,-1.,0.));
#1089 = PCURVE('',#327,#1090);
#1090 = DEFINITIONAL_REPRESENTATION('',(#1091),#1095);
#1091 = LINE('',#1092,#1093);
#1092 = CARTESIAN_POINT('',(0.,6.28318530718));
#1093 = VECTOR('',#1094,1.);
#1094 = DIRECTION('',(1.,0.));
#1095 = ( GEOMETRIC_REPRESENTATION_CONTEXT(2) 
PARAMETRIC_REPRESENTATION_CONTEXT() REPRESENTATION_CONTEXT('2D SPACE',''
  ) );
#1096 = PCURVE('',#1097,#1102);
#1097 = CYLINDRICAL_SURFACE('',#1098,5.);
#1098 = AXIS2_PLACEMENT_3D('',#1099,#1100,#1101);
#1099 = CARTESIAN_POINT('',(72.25,-47.,0.));
#1100 = DIRECTION('',(0.,0.,1.));
#1101 = DIRECTION('',(1.,0.,0.));
#1102 = DEFINITIONAL_REPRESENTATION('',(#1103),#1107);
#1103 = LINE('',#1104,#1105);
#1104 = CARTESIAN_POINT('',(4.712388980385,-1.));
#1105 = VECTOR('',#1106,1.);
#1106 = DIRECTION('',(1.,0.));
#1107 = ( GEOMETRIC_REPRESENTATION_CONTEXT(2) 
PARAMETRIC_REPRESENTATION_CONTEXT() REPRESENTATION_CONTEXT('2D SPACE',''
  ) );
#1108 = ADVANCED_FACE('',(#1109),#355,.T.);
#1109 = FACE_BOUND('',#1110,.F.);
#1110 = EDGE_LOOP('',(#1111,#1112,#1138,#1139));
#1111 = ORIENTED_EDGE('',*,*,#1058,.T.);
#1112 = ORIENTED_EDGE('',*,*,#1113,.T.);
#1113 = EDGE_CURVE('',#1059,#1001,#1114,.T.);
#1114 = SURFACE_CURVE('',#1115,(#1119,#1126),.PCURVE_S1.);
#1115 = LINE('',#1116,#1117);
#1116 = CARTESIAN_POINT('',(77.25,-47.00000000001,-1.));
#1117 = VECTOR('',#1118,1.);
#1118 = DIRECTION('',(0.,1.,0.));
#1119 = PCURVE('',#355,#1120);
#1120 = DEFINITIONAL_REPRESENTATION('',(#1121),#1125);
#1121 = LINE('',#1122,#1123);
#1122 = CARTESIAN_POINT('',(-1.570796326795,0.));
#1123 = VECTOR('',#1124,1.);
#1124 = DIRECTION('',(-0.,1.));
#1125 = ( GEOMETRIC_REPRESENTATION_CONTEXT(2) 
PARAMETRIC_REPRESENTATION_CONTEXT() REPRESENTATION_CONTEXT('2D SPACE',''
  ) );
#1126 = PCURVE('',#1127,#1132);
#1127 = PLANE('',#1128);
#1128 = AXIS2_PLACEMENT_3D('',#1129,#1130,#1131);
#1129 = CARTESIAN_POINT('',(77.25,-47.00000000001,0.));
#1130 = DIRECTION('',(1.,0.,0.));
#1131 = DIRECTION('',(0.,1.,0.));
#1132 = DEFINITIONAL_REPRESENTATION('',(#1133),#1137);
#1133 = LINE('',#1134,#1135);
#1134 = CARTESIAN_POINT('',(0.,-1.));
#1135 = VECTOR('',#1136,1.);
#1136 = DIRECTION('',(1.,0.));
#1137 = ( GEOMETRIC_REPRESENTATION_CONTEXT(2) 
PARAMETRIC_REPRESENTATION_CONTEXT() REPRESENTATION_CONTEXT('2D SPACE',''
  ) );
#1138 = ORIENTED_EDGE('',*,*,#1000,.F.);
#1139 = ORIENTED_EDGE('',*,*,#339,.F.);
#1140 = ADVANCED_FACE('',(#1141),#470,.T.);
#1141 = FACE_BOUND('',#1142,.F.);
#1142 = EDGE_LOOP('',(#1143,#1167,#1168,#1169));
#1143 = ORIENTED_EDGE('',*,*,#1144,.F.);
#1144 = EDGE_CURVE('',#454,#1145,#1147,.T.);
#1145 = VERTEX_POINT('',#1146);
#1146 = CARTESIAN_POINT('',(-68.2464466094,46.75,-1.353553390593));
#1147 = SEAM_CURVE('',#1148,(#1153,#1160),.PCURVE_S1.);
#1148 = CIRCLE('',#1149,0.5);
#1149 = AXIS2_PLACEMENT_3D('',#1150,#1151,#1152);
#1150 = CARTESIAN_POINT('',(-67.89289321881,46.75,-1.));
#1151 = DIRECTION('',(-0.,1.,0.));
#1152 = DIRECTION('',(1.,0.,0.));
#1153 = PCURVE('',#470,#1154);
#1154 = DEFINITIONAL_REPRESENTATION('',(#1155),#1159);
#1155 = LINE('',#1156,#1157);
#1156 = CARTESIAN_POINT('',(-0.,0.));
#1157 = VECTOR('',#1158,1.);
#1158 = DIRECTION('',(-0.,1.));
#1159 = ( GEOMETRIC_REPRESENTATION_CONTEXT(2) 
PARAMETRIC_REPRESENTATION_CONTEXT() REPRESENTATION_CONTEXT('2D SPACE',''
  ) );
#1160 = PCURVE('',#470,#1161);
#1161 = DEFINITIONAL_REPRESENTATION('',(#1162),#1166);
#1162 = LINE('',#1163,#1164);
#1163 = CARTESIAN_POINT('',(-6.28318530718,0.));
#1164 = VECTOR('',#1165,1.);
#1165 = DIRECTION('',(-0.,1.));
#1166 = ( GEOMETRIC_REPRESENTATION_CONTEXT(2) 
PARAMETRIC_REPRESENTATION_CONTEXT() REPRESENTATION_CONTEXT('2D SPACE',''
  ) );
#1167 = ORIENTED_EDGE('',*,*,#453,.F.);
#1168 = ORIENTED_EDGE('',*,*,#1144,.T.);
#1169 = ORIENTED_EDGE('',*,*,#1170,.T.);
#1170 = EDGE_CURVE('',#1145,#1145,#1171,.T.);
#1171 = SURFACE_CURVE('',#1172,(#1177,#1184),.PCURVE_S1.);
#1172 = CIRCLE('',#1173,3.753553390593);
#1173 = AXIS2_PLACEMENT_3D('',#1174,#1175,#1176);
#1174 = CARTESIAN_POINT('',(-72.,46.75,-1.353553390593));
#1175 = DIRECTION('',(0.,0.,1.));
#1176 = DIRECTION('',(1.,0.,0.));
#1177 = PCURVE('',#470,#1178);
#1178 = DEFINITIONAL_REPRESENTATION('',(#1179),#1183);
#1179 = LINE('',#1180,#1181);
#1180 = CARTESIAN_POINT('',(-0.,2.356194490192));
#1181 = VECTOR('',#1182,1.);
#1182 = DIRECTION('',(-1.,0.));
#1183 = ( GEOMETRIC_REPRESENTATION_CONTEXT(2) 
PARAMETRIC_REPRESENTATION_CONTEXT() REPRESENTATION_CONTEXT('2D SPACE',''
  ) );
#1184 = PCURVE('',#1185,#1190);
#1185 = CONICAL_SURFACE('',#1186,1.4,0.785398163397);
#1186 = AXIS2_PLACEMENT_3D('',#1187,#1188,#1189);
#1187 = CARTESIAN_POINT('',(-72.,46.75,1.));
#1188 = DIRECTION('',(-0.,-0.,-1.));
#1189 = DIRECTION('',(1.,0.,0.));
#1190 = DEFINITIONAL_REPRESENTATION('',(#1191),#1195);
#1191 = LINE('',#1192,#1193);
#1192 = CARTESIAN_POINT('',(0.,2.353553390593));
#1193 = VECTOR('',#1194,1.);
#1194 = DIRECTION('',(-1.,-0.));
#1195 = ( GEOMETRIC_REPRESENTATION_CONTEXT(2) 
PARAMETRIC_REPRESENTATION_CONTEXT() REPRESENTATION_CONTEXT('2D SPACE',''
  ) );
#1196 = ADVANCED_FACE('',(#1197),#501,.T.);
#1197 = FACE_BOUND('',#1198,.F.);
#1198 = EDGE_LOOP('',(#1199,#1223,#1224,#1225));
#1199 = ORIENTED_EDGE('',*,*,#1200,.F.);
#1200 = EDGE_CURVE('',#485,#1201,#1203,.T.);
#1201 = VERTEX_POINT('',#1202);
#1202 = CARTESIAN_POINT('',(75.753553390593,46.75,-1.353553390593));
#1203 = SEAM_CURVE('',#1204,(#1209,#1216),.PCURVE_S1.);
#1204 = CIRCLE('',#1205,0.5);
#1205 = AXIS2_PLACEMENT_3D('',#1206,#1207,#1208);
#1206 = CARTESIAN_POINT('',(76.107106781187,46.75,-1.));
#1207 = DIRECTION('',(-0.,1.,0.));
#1208 = DIRECTION('',(1.,0.,0.));
#1209 = PCURVE('',#501,#1210);
#1210 = DEFINITIONAL_REPRESENTATION('',(#1211),#1215);
#1211 = LINE('',#1212,#1213);
#1212 = CARTESIAN_POINT('',(-0.,0.));
#1213 = VECTOR('',#1214,1.);
#1214 = DIRECTION('',(-0.,1.));
#1215 = ( GEOMETRIC_REPRESENTATION_CONTEXT(2) 
PARAMETRIC_REPRESENTATION_CONTEXT() REPRESENTATION_CONTEXT('2D SPACE',''
  ) );
#1216 = PCURVE('',#501,#1217);
#1217 = DEFINITIONAL_REPRESENTATION('',(#1218),#1222);
#1218 = LINE('',#1219,#1220);
#1219 = CARTESIAN_POINT('',(-6.28318530718,0.));
#1220 = VECTOR('',#1221,1.);
#1221 = DIRECTION('',(-0.,1.));
#1222 = ( GEOMETRIC_REPRESENTATION_CONTEXT(2) 
PARAMETRIC_REPRESENTATION_CONTEXT() REPRESENTATION_CONTEXT('2D SPACE',''
  ) );
#1223 = ORIENTED_EDGE('',*,*,#484,.F.);
#1224 = ORIENTED_EDGE('',*,*,#1200,.T.);
#1225 = ORIENTED_EDGE('',*,*,#1226,.T.);
#1226 = EDGE_CURVE('',#1201,#1201,#1227,.T.);
#1227 = SURFACE_CURVE('',#1228,(#1233,#1240),.PCURVE_S1.);
#1228 = CIRCLE('',#1229,3.753553390593);
#1229 = AXIS2_PLACEMENT_3D('',#1230,#1231,#1232);
#1230 = CARTESIAN_POINT('',(72.,46.75,-1.353553390593));
#1231 = DIRECTION('',(0.,0.,1.));
#1232 = DIRECTION('',(1.,0.,0.));
#1233 = PCURVE('',#501,#1234);
#1234 = DEFINITIONAL_REPRESENTATION('',(#1235),#1239);
#1235 = LINE('',#1236,#1237);
#1236 = CARTESIAN_POINT('',(-0.,2.356194490192));
#1237 = VECTOR('',#1238,1.);
#1238 = DIRECTION('',(-1.,0.));
#1239 = ( GEOMETRIC_REPRESENTATION_CONTEXT(2) 
PARAMETRIC_REPRESENTATION_CONTEXT() REPRESENTATION_CONTEXT('2D SPACE',''
  ) );
#1240 = PCURVE('',#1241,#1246);
#1241 = CONICAL_SURFACE('',#1242,1.4,0.785398163397);
#1242 = AXIS2_PLACEMENT_3D('',#1243,#1244,#1245);
#1243 = CARTESIAN_POINT('',(72.,46.75,1.));
#1244 = DIRECTION('',(-0.,-0.,-1.));
#1245 = DIRECTION('',(1.,0.,0.));
#1246 = DEFINITIONAL_REPRESENTATION('',(#1247),#1251);
#1247 = LINE('',#1248,#1249);
#1248 = CARTESIAN_POINT('',(0.,2.353553390593));
#1249 = VECTOR('',#1250,1.);
#1250 = DIRECTION('',(-1.,-0.));
#1251 = ( GEOMETRIC_REPRESENTATION_CONTEXT(2) 
PARAMETRIC_REPRESENTATION_CONTEXT() REPRESENTATION_CONTEXT('2D SPACE',''
  ) );
#1252 = ADVANCED_FACE('',(#1253),#532,.T.);
#1253 = FACE_BOUND('',#1254,.F.);
#1254 = EDGE_LOOP('',(#1255,#1279,#1280,#1281));
#1255 = ORIENTED_EDGE('',*,*,#1256,.F.);
#1256 = EDGE_CURVE('',#516,#1257,#1259,.T.);
#1257 = VERTEX_POINT('',#1258);
#1258 = CARTESIAN_POINT('',(75.753553390593,-46.75,-1.353553390593));
#1259 = SEAM_CURVE('',#1260,(#1265,#1272),.PCURVE_S1.);
#1260 = CIRCLE('',#1261,0.5);
#1261 = AXIS2_PLACEMENT_3D('',#1262,#1263,#1264);
#1262 = CARTESIAN_POINT('',(76.107106781187,-46.75,-1.));
#1263 = DIRECTION('',(-0.,1.,0.));
#1264 = DIRECTION('',(1.,0.,0.));
#1265 = PCURVE('',#532,#1266);
#1266 = DEFINITIONAL_REPRESENTATION('',(#1267),#1271);
#1267 = LINE('',#1268,#1269);
#1268 = CARTESIAN_POINT('',(-0.,0.));
#1269 = VECTOR('',#1270,1.);
#1270 = DIRECTION('',(-0.,1.));
#1271 = ( GEOMETRIC_REPRESENTATION_CONTEXT(2) 
PARAMETRIC_REPRESENTATION_CONTEXT() REPRESENTATION_CONTEXT('2D SPACE',''
  ) );
#1272 = PCURVE('',#532,#1273);
#1273 = DEFINITIONAL_REPRESENTATION('',(#1274),#1278);
#1274 = LINE('',#1275,#1276);
#1275 = CARTESIAN_POINT('',(-6.28318530718,0.));
#1276 = VECTOR('',#1277,1.);
#1277 = DIRECTION('',(-0.,1.));
#1278 = ( GEOMETRIC_REPRESENTATION_CONTEXT(2) 
PARAMETRIC_REPRESENTATION_CONTEXT() REPRESENTATION_CONTEXT('2D SPACE',''
  ) );
#1279 = ORIENTED_EDGE('',*,*,#515,.F.);
#1280 = ORIENTED_EDGE('',*,*,#1256,.T.);
#1281 = ORIENTED_EDGE('',*,*,#1282,.T.);
#1282 = EDGE_CURVE('',#1257,#1257,#1283,.T.);
#1283 = SURFACE_CURVE('',#1284,(#1289,#1296),.PCURVE_S1.);
#1284 = CIRCLE('',#1285,3.753553390593);
#1285 = AXIS2_PLACEMENT_3D('',#1286,#1287,#1288);
#1286 = CARTESIAN_POINT('',(72.,-46.75,-1.353553390593));
#1287 = DIRECTION('',(0.,0.,1.));
#1288 = DIRECTION('',(1.,0.,0.));
#1289 = PCURVE('',#532,#1290);
#1290 = DEFINITIONAL_REPRESENTATION('',(#1291),#1295);
#1291 = LINE('',#1292,#1293);
#1292 = CARTESIAN_POINT('',(-0.,2.356194490192));
#1293 = VECTOR('',#1294,1.);
#1294 = DIRECTION('',(-1.,0.));
#1295 = ( GEOMETRIC_REPRESENTATION_CONTEXT(2) 
PARAMETRIC_REPRESENTATION_CONTEXT() REPRESENTATION_CONTEXT('2D SPACE',''
  ) );
#1296 = PCURVE('',#1297,#1302);
#1297 = CONICAL_SURFACE('',#1298,1.4,0.785398163397);
#1298 = AXIS2_PLACEMENT_3D('',#1299,#1300,#1301);
#1299 = CARTESIAN_POINT('',(72.,-46.75,1.));
#1300 = DIRECTION('',(-0.,-0.,-1.));
#1301 = DIRECTION('',(1.,0.,0.));
#1302 = DEFINITIONAL_REPRESENTATION('',(#1303),#1307);
#1303 = LINE('',#1304,#1305);
#1304 = CARTESIAN_POINT('',(0.,2.353553390593));
#1305 = VECTOR('',#1306,1.);
#1306 = DIRECTION('',(-1.,-0.));
#1307 = ( GEOMETRIC_REPRESENTATION_CONTEXT(2) 
PARAMETRIC_REPRESENTATION_CONTEXT() REPRESENTATION_CONTEXT('2D SPACE',''
  ) );
#1308 = ADVANCED_FACE('',(#1309),#566,.T.);
#1309 = FACE_BOUND('',#1310,.F.);
#1310 = EDGE_LOOP('',(#1311,#1334,#1363,#1384));
#1311 = ORIENTED_EDGE('',*,*,#1312,.F.);
#1312 = EDGE_CURVE('',#1313,#550,#1315,.T.);
#1313 = VERTEX_POINT('',#1314);
#1314 = CARTESIAN_POINT('',(-68.6,-46.75,1.));
#1315 = SURFACE_CURVE('',#1316,(#1320,#1327),.PCURVE_S1.);
#1316 = LINE('',#1317,#1318);
#1317 = CARTESIAN_POINT('',(-68.6,-46.75,0.));
#1318 = VECTOR('',#1319,1.);
#1319 = DIRECTION('',(0.,0.,1.));
#1320 = PCURVE('',#566,#1321);
#1321 = DEFINITIONAL_REPRESENTATION('',(#1322),#1326);
#1322 = LINE('',#1323,#1324);
#1323 = CARTESIAN_POINT('',(-6.28318530718,0.));
#1324 = VECTOR('',#1325,1.);
#1325 = DIRECTION('',(-0.,-1.));
#1326 = ( GEOMETRIC_REPRESENTATION_CONTEXT(2) 
PARAMETRIC_REPRESENTATION_CONTEXT() REPRESENTATION_CONTEXT('2D SPACE',''
  ) );
#1327 = PCURVE('',#595,#1328);
#1328 = DEFINITIONAL_REPRESENTATION('',(#1329),#1333);
#1329 = LINE('',#1330,#1331);
#1330 = CARTESIAN_POINT('',(-0.,0.));
#1331 = VECTOR('',#1332,1.);
#1332 = DIRECTION('',(-0.,-1.));
#1333 = ( GEOMETRIC_REPRESENTATION_CONTEXT(2) 
PARAMETRIC_REPRESENTATION_CONTEXT() REPRESENTATION_CONTEXT('2D SPACE',''
  ) );
#1334 = ORIENTED_EDGE('',*,*,#1335,.F.);
#1335 = EDGE_CURVE('',#1336,#1313,#1338,.T.);
#1336 = VERTEX_POINT('',#1337);
#1337 = CARTESIAN_POINT('',(-71.00125078222,-50.,1.));
#1338 = SURFACE_CURVE('',#1339,(#1344,#1351),.PCURVE_S1.);
#1339 = CIRCLE('',#1340,3.4);
#1340 = AXIS2_PLACEMENT_3D('',#1341,#1342,#1343);
#1341 = CARTESIAN_POINT('',(-72.,-46.75,1.));
#1342 = DIRECTION('',(-0.,0.,1.));
#1343 = DIRECTION('',(0.293749769933,-0.955882352941,0.));
#1344 = PCURVE('',#566,#1345);
#1345 = DEFINITIONAL_REPRESENTATION('',(#1346),#1350);
#1346 = LINE('',#1347,#1348);
#1347 = CARTESIAN_POINT('',(-5.010536302729,-1.));
#1348 = VECTOR('',#1349,1.);
#1349 = DIRECTION('',(-1.,0.));
#1350 = ( GEOMETRIC_REPRESENTATION_CONTEXT(2) 
PARAMETRIC_REPRESENTATION_CONTEXT() REPRESENTATION_CONTEXT('2D SPACE',''
  ) );
#1351 = PCURVE('',#1352,#1357);
#1352 = TOROIDAL_SURFACE('',#1353,4.4,1.);
#1353 = AXIS2_PLACEMENT_3D('',#1354,#1355,#1356);
#1354 = CARTESIAN_POINT('',(-72.,-46.75,1.));
#1355 = DIRECTION('',(0.,0.,1.));
#1356 = DIRECTION('',(0.293749769933,-0.955882352941,0.));
#1357 = DEFINITIONAL_REPRESENTATION('',(#1358),#1362);
#1358 = LINE('',#1359,#1360);
#1359 = CARTESIAN_POINT('',(0.,3.14159265359));
#1360 = VECTOR('',#1361,1.);
#1361 = DIRECTION('',(1.,0.));
#1362 = ( GEOMETRIC_REPRESENTATION_CONTEXT(2) 
PARAMETRIC_REPRESENTATION_CONTEXT() REPRESENTATION_CONTEXT('2D SPACE',''
  ) );
#1363 = ORIENTED_EDGE('',*,*,#1364,.F.);
#1364 = EDGE_CURVE('',#548,#1336,#1365,.T.);
#1365 = SURFACE_CURVE('',#1366,(#1370,#1377),.PCURVE_S1.);
#1366 = LINE('',#1367,#1368);
#1367 = CARTESIAN_POINT('',(-71.00125078222,-50.,0.));
#1368 = VECTOR('',#1369,1.);
#1369 = DIRECTION('',(-0.,-0.,-1.));
#1370 = PCURVE('',#566,#1371);
#1371 = DEFINITIONAL_REPRESENTATION('',(#1372),#1376);
#1372 = LINE('',#1373,#1374);
#1373 = CARTESIAN_POINT('',(-5.010536302729,0.));
#1374 = VECTOR('',#1375,1.);
#1375 = DIRECTION('',(-0.,1.));
#1376 = ( GEOMETRIC_REPRESENTATION_CONTEXT(2) 
PARAMETRIC_REPRESENTATION_CONTEXT() REPRESENTATION_CONTEXT('2D SPACE',''
  ) );
#1377 = PCURVE('',#682,#1378);
#1378 = DEFINITIONAL_REPRESENTATION('',(#1379),#1383);
#1379 = LINE('',#1380,#1381);
#1380 = CARTESIAN_POINT('',(1.248749217772,0.));
#1381 = VECTOR('',#1382,1.);
#1382 = DIRECTION('',(0.,1.));
#1383 = ( GEOMETRIC_REPRESENTATION_CONTEXT(2) 
PARAMETRIC_REPRESENTATION_CONTEXT() REPRESENTATION_CONTEXT('2D SPACE',''
  ) );
#1384 = ORIENTED_EDGE('',*,*,#547,.T.);
#1385 = ADVANCED_FACE('',(#1386),#682,.T.);
#1386 = FACE_BOUND('',#1387,.T.);
#1387 = EDGE_LOOP('',(#1388,#1389,#1390,#1413,#1441,#1469,#1497,#1525));
#1388 = ORIENTED_EDGE('',*,*,#1364,.F.);
#1389 = ORIENTED_EDGE('',*,*,#668,.F.);
#1390 = ORIENTED_EDGE('',*,*,#1391,.T.);
#1391 = EDGE_CURVE('',#636,#1392,#1394,.T.);
#1392 = VERTEX_POINT('',#1393);
#1393 = CARTESIAN_POINT('',(-72.25,-50.,6.));
#1394 = SURFACE_CURVE('',#1395,(#1399,#1406),.PCURVE_S1.);
#1395 = LINE('',#1396,#1397);
#1396 = CARTESIAN_POINT('',(-72.25,-50.,0.));
#1397 = VECTOR('',#1398,1.);
#1398 = DIRECTION('',(0.,0.,1.));
#1399 = PCURVE('',#682,#1400);
#1400 = DEFINITIONAL_REPRESENTATION('',(#1401),#1405);
#1401 = LINE('',#1402,#1403);
#1402 = CARTESIAN_POINT('',(0.,0.));
#1403 = VECTOR('',#1404,1.);
#1404 = DIRECTION('',(0.,-1.));
#1405 = ( GEOMETRIC_REPRESENTATION_CONTEXT(2) 
PARAMETRIC_REPRESENTATION_CONTEXT() REPRESENTATION_CONTEXT('2D SPACE',''
  ) );
#1406 = PCURVE('',#656,#1407);
#1407 = DEFINITIONAL_REPRESENTATION('',(#1408),#1412);
#1408 = LINE('',#1409,#1410);
#1409 = CARTESIAN_POINT('',(-4.712388980385,0.));
#1410 = VECTOR('',#1411,1.);
#1411 = DIRECTION('',(-0.,-1.));
#1412 = ( GEOMETRIC_REPRESENTATION_CONTEXT(2) 
PARAMETRIC_REPRESENTATION_CONTEXT() REPRESENTATION_CONTEXT('2D SPACE',''
  ) );
#1413 = ORIENTED_EDGE('',*,*,#1414,.T.);
#1414 = EDGE_CURVE('',#1392,#1415,#1417,.T.);
#1415 = VERTEX_POINT('',#1416);
#1416 = CARTESIAN_POINT('',(72.25,-50.,6.));
#1417 = SURFACE_CURVE('',#1418,(#1422,#1429),.PCURVE_S1.);
#1418 = LINE('',#1419,#1420);
#1419 = CARTESIAN_POINT('',(-72.25,-50.,6.));
#1420 = VECTOR('',#1421,1.);
#1421 = DIRECTION('',(1.,0.,0.));
#1422 = PCURVE('',#682,#1423);
#1423 = DEFINITIONAL_REPRESENTATION('',(#1424),#1428);
#1424 = LINE('',#1425,#1426);
#1425 = CARTESIAN_POINT('',(0.,-6.));
#1426 = VECTOR('',#1427,1.);
#1427 = DIRECTION('',(1.,0.));
#1428 = ( GEOMETRIC_REPRESENTATION_CONTEXT(2) 
PARAMETRIC_REPRESENTATION_CONTEXT() REPRESENTATION_CONTEXT('2D SPACE',''
  ) );
#1429 = PCURVE('',#1430,#1435);
#1430 = PLANE('',#1431);
#1431 = AXIS2_PLACEMENT_3D('',#1432,#1433,#1434);
#1432 = CARTESIAN_POINT('',(1.302587842574E-15,3.490085904288E-15,6.));
#1433 = DIRECTION('',(0.,0.,1.));
#1434 = DIRECTION('',(1.,0.,0.));
#1435 = DEFINITIONAL_REPRESENTATION('',(#1436),#1440);
#1436 = LINE('',#1437,#1438);
#1437 = CARTESIAN_POINT('',(-72.25,-50.));
#1438 = VECTOR('',#1439,1.);
#1439 = DIRECTION('',(1.,0.));
#1440 = ( GEOMETRIC_REPRESENTATION_CONTEXT(2) 
PARAMETRIC_REPRESENTATION_CONTEXT() REPRESENTATION_CONTEXT('2D SPACE',''
  ) );
#1441 = ORIENTED_EDGE('',*,*,#1442,.F.);
#1442 = EDGE_CURVE('',#1443,#1415,#1445,.T.);
#1443 = VERTEX_POINT('',#1444);
#1444 = CARTESIAN_POINT('',(72.25,-50.,4.5));
#1445 = SURFACE_CURVE('',#1446,(#1450,#1457),.PCURVE_S1.);
#1446 = LINE('',#1447,#1448);
#1447 = CARTESIAN_POINT('',(72.25,-50.,0.));
#1448 = VECTOR('',#1449,1.);
#1449 = DIRECTION('',(0.,0.,1.));
#1450 = PCURVE('',#682,#1451);
#1451 = DEFINITIONAL_REPRESENTATION('',(#1452),#1456);
#1452 = LINE('',#1453,#1454);
#1453 = CARTESIAN_POINT('',(144.5,0.));
#1454 = VECTOR('',#1455,1.);
#1455 = DIRECTION('',(0.,-1.));
#1456 = ( GEOMETRIC_REPRESENTATION_CONTEXT(2) 
PARAMETRIC_REPRESENTATION_CONTEXT() REPRESENTATION_CONTEXT('2D SPACE',''
  ) );
#1457 = PCURVE('',#1458,#1463);
#1458 = CYLINDRICAL_SURFACE('',#1459,3.);
#1459 = AXIS2_PLACEMENT_3D('',#1460,#1461,#1462);
#1460 = CARTESIAN_POINT('',(72.25,-47.,0.));
#1461 = DIRECTION('',(-0.,-0.,-1.));
#1462 = DIRECTION('',(1.,0.,0.));
#1463 = DEFINITIONAL_REPRESENTATION('',(#1464),#1468);
#1464 = LINE('',#1465,#1466);
#1465 = CARTESIAN_POINT('',(-4.712388980385,0.));
#1466 = VECTOR('',#1467,1.);
#1467 = DIRECTION('',(-0.,-1.));
#1468 = ( GEOMETRIC_REPRESENTATION_CONTEXT(2) 
PARAMETRIC_REPRESENTATION_CONTEXT() REPRESENTATION_CONTEXT('2D SPACE',''
  ) );
#1469 = ORIENTED_EDGE('',*,*,#1470,.F.);
#1470 = EDGE_CURVE('',#1471,#1443,#1473,.T.);
#1471 = VERTEX_POINT('',#1472);
#1472 = CARTESIAN_POINT('',(71.001250782228,-50.,4.5));
#1473 = SURFACE_CURVE('',#1474,(#1478,#1485),.PCURVE_S1.);
#1474 = LINE('',#1475,#1476);
#1475 = CARTESIAN_POINT('',(-36.125,-50.,4.5));
#1476 = VECTOR('',#1477,1.);
#1477 = DIRECTION('',(1.,0.,0.));
#1478 = PCURVE('',#682,#1479);
#1479 = DEFINITIONAL_REPRESENTATION('',(#1480),#1484);
#1480 = LINE('',#1481,#1482);
#1481 = CARTESIAN_POINT('',(36.125,-4.5));
#1482 = VECTOR('',#1483,1.);
#1483 = DIRECTION('',(1.,0.));
#1484 = ( GEOMETRIC_REPRESENTATION_CONTEXT(2) 
PARAMETRIC_REPRESENTATION_CONTEXT() REPRESENTATION_CONTEXT('2D SPACE',''
  ) );
#1485 = PCURVE('',#1486,#1491);
#1486 = PLANE('',#1487);
#1487 = AXIS2_PLACEMENT_3D('',#1488,#1489,#1490);
#1488 = CARTESIAN_POINT('',(4.826259291316E-15,2.010941371382E-15,4.5));
#1489 = DIRECTION('',(0.,0.,1.));
#1490 = DIRECTION('',(1.,0.,0.));
#1491 = DEFINITIONAL_REPRESENTATION('',(#1492),#1496);
#1492 = LINE('',#1493,#1494);
#1493 = CARTESIAN_POINT('',(-36.125,-50.));
#1494 = VECTOR('',#1495,1.);
#1495 = DIRECTION('',(1.,0.));
#1496 = ( GEOMETRIC_REPRESENTATION_CONTEXT(2) 
PARAMETRIC_REPRESENTATION_CONTEXT() REPRESENTATION_CONTEXT('2D SPACE',''
  ) );
#1497 = ORIENTED_EDGE('',*,*,#1498,.T.);
#1498 = EDGE_CURVE('',#1471,#1499,#1501,.T.);
#1499 = VERTEX_POINT('',#1500);
#1500 = CARTESIAN_POINT('',(71.001250782228,-50.,1.));
#1501 = SURFACE_CURVE('',#1502,(#1506,#1513),.PCURVE_S1.);
#1502 = LINE('',#1503,#1504);
#1503 = CARTESIAN_POINT('',(71.001250782228,-50.,0.));
#1504 = VECTOR('',#1505,1.);
#1505 = DIRECTION('',(-0.,-0.,-1.));
#1506 = PCURVE('',#682,#1507);
#1507 = DEFINITIONAL_REPRESENTATION('',(#1508),#1512);
#1508 = LINE('',#1509,#1510);
#1509 = CARTESIAN_POINT('',(143.25125078222,0.));
#1510 = VECTOR('',#1511,1.);
#1511 = DIRECTION('',(0.,1.));
#1512 = ( GEOMETRIC_REPRESENTATION_CONTEXT(2) 
PARAMETRIC_REPRESENTATION_CONTEXT() REPRESENTATION_CONTEXT('2D SPACE',''
  ) );
#1513 = PCURVE('',#1514,#1519);
#1514 = CYLINDRICAL_SURFACE('',#1515,3.4);
#1515 = AXIS2_PLACEMENT_3D('',#1516,#1517,#1518);
#1516 = CARTESIAN_POINT('',(72.,-46.75,0.));
#1517 = DIRECTION('',(-0.,-0.,-1.));
#1518 = DIRECTION('',(1.,0.,0.));
#1519 = DEFINITIONAL_REPRESENTATION('',(#1520),#1524);
#1520 = LINE('',#1521,#1522);
#1521 = CARTESIAN_POINT('',(-4.41424165804,0.));
#1522 = VECTOR('',#1523,1.);
#1523 = DIRECTION('',(-0.,1.));
#1524 = ( GEOMETRIC_REPRESENTATION_CONTEXT(2) 
PARAMETRIC_REPRESENTATION_CONTEXT() REPRESENTATION_CONTEXT('2D SPACE',''
  ) );
#1525 = ORIENTED_EDGE('',*,*,#1526,.F.);
#1526 = EDGE_CURVE('',#1336,#1499,#1527,.T.);
#1527 = SURFACE_CURVE('',#1528,(#1532,#1539),.PCURVE_S1.);
#1528 = LINE('',#1529,#1530);
#1529 = CARTESIAN_POINT('',(-71.00125078222,-50.,1.));
#1530 = VECTOR('',#1531,1.);
#1531 = DIRECTION('',(1.,0.,0.));
#1532 = PCURVE('',#682,#1533);
#1533 = DEFINITIONAL_REPRESENTATION('',(#1534),#1538);
#1534 = LINE('',#1535,#1536);
#1535 = CARTESIAN_POINT('',(1.248749217772,-1.));
#1536 = VECTOR('',#1537,1.);
#1537 = DIRECTION('',(1.,0.));
#1538 = ( GEOMETRIC_REPRESENTATION_CONTEXT(2) 
PARAMETRIC_REPRESENTATION_CONTEXT() REPRESENTATION_CONTEXT('2D SPACE',''
  ) );
#1539 = PCURVE('',#1540,#1545);
#1540 = CYLINDRICAL_SURFACE('',#1541,1.);
#1541 = AXIS2_PLACEMENT_3D('',#1542,#1543,#1544);
#1542 = CARTESIAN_POINT('',(-71.00125078222,-49.,1.));
#1543 = DIRECTION('',(1.,0.,0.));
#1544 = DIRECTION('',(0.,-1.,0.));
#1545 = DEFINITIONAL_REPRESENTATION('',(#1546),#1550);
#1546 = LINE('',#1547,#1548);
#1547 = CARTESIAN_POINT('',(0.,0.));
#1548 = VECTOR('',#1549,1.);
#1549 = DIRECTION('',(0.,1.));
#1550 = ( GEOMETRIC_REPRESENTATION_CONTEXT(2) 
PARAMETRIC_REPRESENTATION_CONTEXT() REPRESENTATION_CONTEXT('2D SPACE',''
  ) );
#1551 = ADVANCED_FACE('',(#1552),#595,.T.);
#1552 = FACE_BOUND('',#1553,.F.);
#1553 = EDGE_LOOP('',(#1554,#1577,#1604,#1605));
#1554 = ORIENTED_EDGE('',*,*,#1555,.T.);
#1555 = EDGE_CURVE('',#579,#1556,#1558,.T.);
#1556 = VERTEX_POINT('',#1557);
#1557 = CARTESIAN_POINT('',(-75.25,-45.75125078222,1.));
#1558 = SURFACE_CURVE('',#1559,(#1563,#1570),.PCURVE_S1.);
#1559 = LINE('',#1560,#1561);
#1560 = CARTESIAN_POINT('',(-75.25,-45.75125078222,0.));
#1561 = VECTOR('',#1562,1.);
#1562 = DIRECTION('',(-0.,-0.,-1.));
#1563 = PCURVE('',#595,#1564);
#1564 = DEFINITIONAL_REPRESENTATION('',(#1565),#1569);
#1565 = LINE('',#1566,#1567);
#1566 = CARTESIAN_POINT('',(-2.843445331246,0.));
#1567 = VECTOR('',#1568,1.);
#1568 = DIRECTION('',(-0.,1.));
#1569 = ( GEOMETRIC_REPRESENTATION_CONTEXT(2) 
PARAMETRIC_REPRESENTATION_CONTEXT() REPRESENTATION_CONTEXT('2D SPACE',''
  ) );
#1570 = PCURVE('',#623,#1571);
#1571 = DEFINITIONAL_REPRESENTATION('',(#1572),#1576);
#1572 = LINE('',#1573,#1574);
#1573 = CARTESIAN_POINT('',(92.751250782273,0.));
#1574 = VECTOR('',#1575,1.);
#1575 = DIRECTION('',(0.,1.));
#1576 = ( GEOMETRIC_REPRESENTATION_CONTEXT(2) 
PARAMETRIC_REPRESENTATION_CONTEXT() REPRESENTATION_CONTEXT('2D SPACE',''
  ) );
#1577 = ORIENTED_EDGE('',*,*,#1578,.F.);
#1578 = EDGE_CURVE('',#1313,#1556,#1579,.T.);
#1579 = SURFACE_CURVE('',#1580,(#1585,#1592),.PCURVE_S1.);
#1580 = CIRCLE('',#1581,3.4);
#1581 = AXIS2_PLACEMENT_3D('',#1582,#1583,#1584);
#1582 = CARTESIAN_POINT('',(-72.,-46.75,1.));
#1583 = DIRECTION('',(0.,0.,1.));
#1584 = DIRECTION('',(1.,0.,0.));
#1585 = PCURVE('',#595,#1586);
#1586 = DEFINITIONAL_REPRESENTATION('',(#1587),#1591);
#1587 = LINE('',#1588,#1589);
#1588 = CARTESIAN_POINT('',(-0.,-1.));
#1589 = VECTOR('',#1590,1.);
#1590 = DIRECTION('',(-1.,0.));
#1591 = ( GEOMETRIC_REPRESENTATION_CONTEXT(2) 
PARAMETRIC_REPRESENTATION_CONTEXT() REPRESENTATION_CONTEXT('2D SPACE',''
  ) );
#1592 = PCURVE('',#1593,#1598);
#1593 = TOROIDAL_SURFACE('',#1594,4.4,1.);
#1594 = AXIS2_PLACEMENT_3D('',#1595,#1596,#1597);
#1595 = CARTESIAN_POINT('',(-72.,-46.75,1.));
#1596 = DIRECTION('',(0.,0.,1.));
#1597 = DIRECTION('',(1.,0.,0.));
#1598 = DEFINITIONAL_REPRESENTATION('',(#1599),#1603);
#1599 = LINE('',#1600,#1601);
#1600 = CARTESIAN_POINT('',(0.,3.14159265359));
#1601 = VECTOR('',#1602,1.);
#1602 = DIRECTION('',(1.,0.));
#1603 = ( GEOMETRIC_REPRESENTATION_CONTEXT(2) 
PARAMETRIC_REPRESENTATION_CONTEXT() REPRESENTATION_CONTEXT('2D SPACE',''
  ) );
#1604 = ORIENTED_EDGE('',*,*,#1312,.T.);
#1605 = ORIENTED_EDGE('',*,*,#578,.T.);
#1606 = ADVANCED_FACE('',(#1607),#656,.F.);
#1607 = FACE_BOUND('',#1608,.T.);
#1608 = EDGE_LOOP('',(#1609,#1610,#1633,#1655));
#1609 = ORIENTED_EDGE('',*,*,#635,.T.);
#1610 = ORIENTED_EDGE('',*,*,#1611,.T.);
#1611 = EDGE_CURVE('',#608,#1612,#1614,.T.);
#1612 = VERTEX_POINT('',#1613);
#1613 = CARTESIAN_POINT('',(-75.25,-47.00000000004,6.));
#1614 = SURFACE_CURVE('',#1615,(#1619,#1626),.PCURVE_S1.);
#1615 = LINE('',#1616,#1617);
#1616 = CARTESIAN_POINT('',(-75.25,-47.00000000004,0.));
#1617 = VECTOR('',#1618,1.);
#1618 = DIRECTION('',(0.,0.,1.));
#1619 = PCURVE('',#656,#1620);
#1620 = DEFINITIONAL_REPRESENTATION('',(#1621),#1625);
#1621 = LINE('',#1622,#1623);
#1622 = CARTESIAN_POINT('',(-3.141592653605,0.));
#1623 = VECTOR('',#1624,1.);
#1624 = DIRECTION('',(-0.,-1.));
#1625 = ( GEOMETRIC_REPRESENTATION_CONTEXT(2) 
PARAMETRIC_REPRESENTATION_CONTEXT() REPRESENTATION_CONTEXT('2D SPACE',''
  ) );
#1626 = PCURVE('',#623,#1627);
#1627 = DEFINITIONAL_REPRESENTATION('',(#1628),#1632);
#1628 = LINE('',#1629,#1630);
#1629 = CARTESIAN_POINT('',(94.000000000091,0.));
#1630 = VECTOR('',#1631,1.);
#1631 = DIRECTION('',(0.,-1.));
#1632 = ( GEOMETRIC_REPRESENTATION_CONTEXT(2) 
PARAMETRIC_REPRESENTATION_CONTEXT() REPRESENTATION_CONTEXT('2D SPACE',''
  ) );
#1633 = ORIENTED_EDGE('',*,*,#1634,.T.);
#1634 = EDGE_CURVE('',#1612,#1392,#1635,.T.);
#1635 = SURFACE_CURVE('',#1636,(#1641,#1648),.PCURVE_S1.);
#1636 = CIRCLE('',#1637,3.);
#1637 = AXIS2_PLACEMENT_3D('',#1638,#1639,#1640);
#1638 = CARTESIAN_POINT('',(-72.25,-47.,6.));
#1639 = DIRECTION('',(0.,0.,1.));
#1640 = DIRECTION('',(1.,0.,0.));
#1641 = PCURVE('',#656,#1642);
#1642 = DEFINITIONAL_REPRESENTATION('',(#1643),#1647);
#1643 = LINE('',#1644,#1645);
#1644 = CARTESIAN_POINT('',(-0.,-6.));
#1645 = VECTOR('',#1646,1.);
#1646 = DIRECTION('',(-1.,0.));
#1647 = ( GEOMETRIC_REPRESENTATION_CONTEXT(2) 
PARAMETRIC_REPRESENTATION_CONTEXT() REPRESENTATION_CONTEXT('2D SPACE',''
  ) );
#1648 = PCURVE('',#1430,#1649);
#1649 = DEFINITIONAL_REPRESENTATION('',(#1650),#1654);
#1650 = CIRCLE('',#1651,3.);
#1651 = AXIS2_PLACEMENT_2D('',#1652,#1653);
#1652 = CARTESIAN_POINT('',(-72.25,-47.));
#1653 = DIRECTION('',(1.,0.));
#1654 = ( GEOMETRIC_REPRESENTATION_CONTEXT(2) 
PARAMETRIC_REPRESENTATION_CONTEXT() REPRESENTATION_CONTEXT('2D SPACE',''
  ) );
#1655 = ORIENTED_EDGE('',*,*,#1391,.F.);
#1656 = ADVANCED_FACE('',(#1657),#623,.T.);
#1657 = FACE_BOUND('',#1658,.T.);
#1658 = EDGE_LOOP('',(#1659,#1689,#1717,#1745,#1766,#1767,#1768,#1769));
#1659 = ORIENTED_EDGE('',*,*,#1660,.F.);
#1660 = EDGE_CURVE('',#1661,#1663,#1665,.T.);
#1661 = VERTEX_POINT('',#1662);
#1662 = CARTESIAN_POINT('',(-75.25,45.751250782228,4.5));
#1663 = VERTEX_POINT('',#1664);
#1664 = CARTESIAN_POINT('',(-75.25,45.751250782228,1.));
#1665 = SURFACE_CURVE('',#1666,(#1670,#1677),.PCURVE_S1.);
#1666 = LINE('',#1667,#1668);
#1667 = CARTESIAN_POINT('',(-75.25,45.751250782228,0.));
#1668 = VECTOR('',#1669,1.);
#1669 = DIRECTION('',(-0.,-0.,-1.));
#1670 = PCURVE('',#623,#1671);
#1671 = DEFINITIONAL_REPRESENTATION('',(#1672),#1676);
#1672 = LINE('',#1673,#1674);
#1673 = CARTESIAN_POINT('',(1.248749217817,0.));
#1674 = VECTOR('',#1675,1.);
#1675 = DIRECTION('',(0.,1.));
#1676 = ( GEOMETRIC_REPRESENTATION_CONTEXT(2) 
PARAMETRIC_REPRESENTATION_CONTEXT() REPRESENTATION_CONTEXT('2D SPACE',''
  ) );
#1677 = PCURVE('',#1678,#1683);
#1678 = CYLINDRICAL_SURFACE('',#1679,3.4);
#1679 = AXIS2_PLACEMENT_3D('',#1680,#1681,#1682);
#1680 = CARTESIAN_POINT('',(-72.,46.75,0.));
#1681 = DIRECTION('',(-0.,-0.,-1.));
#1682 = DIRECTION('',(1.,0.,0.));
#1683 = DEFINITIONAL_REPRESENTATION('',(#1684),#1688);
#1684 = LINE('',#1685,#1686);
#1685 = CARTESIAN_POINT('',(-3.439739975934,0.));
#1686 = VECTOR('',#1687,1.);
#1687 = DIRECTION('',(-0.,1.));
#1688 = ( GEOMETRIC_REPRESENTATION_CONTEXT(2) 
PARAMETRIC_REPRESENTATION_CONTEXT() REPRESENTATION_CONTEXT('2D SPACE',''
  ) );
#1689 = ORIENTED_EDGE('',*,*,#1690,.F.);
#1690 = EDGE_CURVE('',#1691,#1661,#1693,.T.);
#1691 = VERTEX_POINT('',#1692);
#1692 = CARTESIAN_POINT('',(-75.25,47.000000000045,4.5));
#1693 = SURFACE_CURVE('',#1694,(#1698,#1705),.PCURVE_S1.);
#1694 = LINE('',#1695,#1696);
#1695 = CARTESIAN_POINT('',(-75.25,23.500000000023,4.5));
#1696 = VECTOR('',#1697,1.);
#1697 = DIRECTION('',(0.,-1.,0.));
#1698 = PCURVE('',#623,#1699);
#1699 = DEFINITIONAL_REPRESENTATION('',(#1700),#1704);
#1700 = LINE('',#1701,#1702);
#1701 = CARTESIAN_POINT('',(23.500000000023,-4.5));
#1702 = VECTOR('',#1703,1.);
#1703 = DIRECTION('',(1.,0.));
#1704 = ( GEOMETRIC_REPRESENTATION_CONTEXT(2) 
PARAMETRIC_REPRESENTATION_CONTEXT() REPRESENTATION_CONTEXT('2D SPACE',''
  ) );
#1705 = PCURVE('',#1706,#1711);
#1706 = PLANE('',#1707);
#1707 = AXIS2_PLACEMENT_3D('',#1708,#1709,#1710);
#1708 = CARTESIAN_POINT('',(4.826259291316E-15,2.010941371382E-15,4.5));
#1709 = DIRECTION('',(0.,0.,1.));
#1710 = DIRECTION('',(1.,0.,0.));
#1711 = DEFINITIONAL_REPRESENTATION('',(#1712),#1716);
#1712 = LINE('',#1713,#1714);
#1713 = CARTESIAN_POINT('',(-75.25,23.500000000023));
#1714 = VECTOR('',#1715,1.);
#1715 = DIRECTION('',(0.,-1.));
#1716 = ( GEOMETRIC_REPRESENTATION_CONTEXT(2) 
PARAMETRIC_REPRESENTATION_CONTEXT() REPRESENTATION_CONTEXT('2D SPACE',''
  ) );
#1717 = ORIENTED_EDGE('',*,*,#1718,.T.);
#1718 = EDGE_CURVE('',#1691,#1719,#1721,.T.);
#1719 = VERTEX_POINT('',#1720);
#1720 = CARTESIAN_POINT('',(-75.25,47.000000000045,6.));
#1721 = SURFACE_CURVE('',#1722,(#1726,#1733),.PCURVE_S1.);
#1722 = LINE('',#1723,#1724);
#1723 = CARTESIAN_POINT('',(-75.25,47.000000000045,0.));
#1724 = VECTOR('',#1725,1.);
#1725 = DIRECTION('',(0.,0.,1.));
#1726 = PCURVE('',#623,#1727);
#1727 = DEFINITIONAL_REPRESENTATION('',(#1728),#1732);
#1728 = LINE('',#1729,#1730);
#1729 = CARTESIAN_POINT('',(0.,0.));
#1730 = VECTOR('',#1731,1.);
#1731 = DIRECTION('',(0.,-1.));
#1732 = ( GEOMETRIC_REPRESENTATION_CONTEXT(2) 
PARAMETRIC_REPRESENTATION_CONTEXT() REPRESENTATION_CONTEXT('2D SPACE',''
  ) );
#1733 = PCURVE('',#1734,#1739);
#1734 = CYLINDRICAL_SURFACE('',#1735,3.);
#1735 = AXIS2_PLACEMENT_3D('',#1736,#1737,#1738);
#1736 = CARTESIAN_POINT('',(-72.25,47.,0.));
#1737 = DIRECTION('',(-0.,-0.,-1.));
#1738 = DIRECTION('',(1.,0.,0.));
#1739 = DEFINITIONAL_REPRESENTATION('',(#1740),#1744);
#1740 = LINE('',#1741,#1742);
#1741 = CARTESIAN_POINT('',(-3.141592653575,0.));
#1742 = VECTOR('',#1743,1.);
#1743 = DIRECTION('',(-0.,-1.));
#1744 = ( GEOMETRIC_REPRESENTATION_CONTEXT(2) 
PARAMETRIC_REPRESENTATION_CONTEXT() REPRESENTATION_CONTEXT('2D SPACE',''
  ) );
#1745 = ORIENTED_EDGE('',*,*,#1746,.T.);
#1746 = EDGE_CURVE('',#1719,#1612,#1747,.T.);
#1747 = SURFACE_CURVE('',#1748,(#1752,#1759),.PCURVE_S1.);
#1748 = LINE('',#1749,#1750);
#1749 = CARTESIAN_POINT('',(-75.25,47.000000000045,6.));
#1750 = VECTOR('',#1751,1.);
#1751 = DIRECTION('',(0.,-1.,0.));
#1752 = PCURVE('',#623,#1753);
#1753 = DEFINITIONAL_REPRESENTATION('',(#1754),#1758);
#1754 = LINE('',#1755,#1756);
#1755 = CARTESIAN_POINT('',(0.,-6.));
#1756 = VECTOR('',#1757,1.);
#1757 = DIRECTION('',(1.,0.));
#1758 = ( GEOMETRIC_REPRESENTATION_CONTEXT(2) 
PARAMETRIC_REPRESENTATION_CONTEXT() REPRESENTATION_CONTEXT('2D SPACE',''
  ) );
#1759 = PCURVE('',#1430,#1760);
#1760 = DEFINITIONAL_REPRESENTATION('',(#1761),#1765);
#1761 = LINE('',#1762,#1763);
#1762 = CARTESIAN_POINT('',(-75.25,47.000000000045));
#1763 = VECTOR('',#1764,1.);
#1764 = DIRECTION('',(0.,-1.));
#1765 = ( GEOMETRIC_REPRESENTATION_CONTEXT(2) 
PARAMETRIC_REPRESENTATION_CONTEXT() REPRESENTATION_CONTEXT('2D SPACE',''
  ) );
#1766 = ORIENTED_EDGE('',*,*,#1611,.F.);
#1767 = ORIENTED_EDGE('',*,*,#607,.F.);
#1768 = ORIENTED_EDGE('',*,*,#1555,.T.);
#1769 = ORIENTED_EDGE('',*,*,#1770,.F.);
#1770 = EDGE_CURVE('',#1663,#1556,#1771,.T.);
#1771 = SURFACE_CURVE('',#1772,(#1776,#1783),.PCURVE_S1.);
#1772 = LINE('',#1773,#1774);
#1773 = CARTESIAN_POINT('',(-75.25,45.751250782228,1.));
#1774 = VECTOR('',#1775,1.);
#1775 = DIRECTION('',(0.,-1.,0.));
#1776 = PCURVE('',#623,#1777);
#1777 = DEFINITIONAL_REPRESENTATION('',(#1778),#1782);
#1778 = LINE('',#1779,#1780);
#1779 = CARTESIAN_POINT('',(1.248749217817,-1.));
#1780 = VECTOR('',#1781,1.);
#1781 = DIRECTION('',(1.,0.));
#1782 = ( GEOMETRIC_REPRESENTATION_CONTEXT(2) 
PARAMETRIC_REPRESENTATION_CONTEXT() REPRESENTATION_CONTEXT('2D SPACE',''
  ) );
#1783 = PCURVE('',#1784,#1789);
#1784 = CYLINDRICAL_SURFACE('',#1785,1.);
#1785 = AXIS2_PLACEMENT_3D('',#1786,#1787,#1788);
#1786 = CARTESIAN_POINT('',(-74.25,45.751250782228,1.));
#1787 = DIRECTION('',(0.,-1.,0.));
#1788 = DIRECTION('',(-1.,0.,0.));
#1789 = DEFINITIONAL_REPRESENTATION('',(#1790),#1794);
#1790 = LINE('',#1791,#1792);
#1791 = CARTESIAN_POINT('',(0.,0.));
#1792 = VECTOR('',#1793,1.);
#1793 = DIRECTION('',(0.,1.));
#1794 = ( GEOMETRIC_REPRESENTATION_CONTEXT(2) 
PARAMETRIC_REPRESENTATION_CONTEXT() REPRESENTATION_CONTEXT('2D SPACE',''
  ) );
#1795 = ADVANCED_FACE('',(#1796),#740,.T.);
#1796 = FACE_BOUND('',#1797,.T.);
#1797 = EDGE_LOOP('',(#1798,#1821,#1822,#1845));
#1798 = ORIENTED_EDGE('',*,*,#1799,.T.);
#1799 = EDGE_CURVE('',#1800,#701,#1802,.T.);
#1800 = VERTEX_POINT('',#1801);
#1801 = CARTESIAN_POINT('',(-77.25,47.000000000016,0.));
#1802 = SURFACE_CURVE('',#1803,(#1807,#1814),.PCURVE_S1.);
#1803 = LINE('',#1804,#1805);
#1804 = CARTESIAN_POINT('',(-77.25,47.000000000016,0.));
#1805 = VECTOR('',#1806,1.);
#1806 = DIRECTION('',(-0.,-0.,-1.));
#1807 = PCURVE('',#740,#1808);
#1808 = DEFINITIONAL_REPRESENTATION('',(#1809),#1813);
#1809 = LINE('',#1810,#1811);
#1810 = CARTESIAN_POINT('',(0.,0.));
#1811 = VECTOR('',#1812,1.);
#1812 = DIRECTION('',(0.,-1.));
#1813 = ( GEOMETRIC_REPRESENTATION_CONTEXT(2) 
PARAMETRIC_REPRESENTATION_CONTEXT() REPRESENTATION_CONTEXT('2D SPACE',''
  ) );
#1814 = PCURVE('',#819,#1815);
#1815 = DEFINITIONAL_REPRESENTATION('',(#1816),#1820);
#1816 = LINE('',#1817,#1818);
#1817 = CARTESIAN_POINT('',(3.141592653587,0.));
#1818 = VECTOR('',#1819,1.);
#1819 = DIRECTION('',(0.,-1.));
#1820 = ( GEOMETRIC_REPRESENTATION_CONTEXT(2) 
PARAMETRIC_REPRESENTATION_CONTEXT() REPRESENTATION_CONTEXT('2D SPACE',''
  ) );
#1821 = ORIENTED_EDGE('',*,*,#724,.T.);
#1822 = ORIENTED_EDGE('',*,*,#1823,.F.);
#1823 = EDGE_CURVE('',#1824,#725,#1826,.T.);
#1824 = VERTEX_POINT('',#1825);
#1825 = CARTESIAN_POINT('',(-77.25,-47.,0.));
#1826 = SURFACE_CURVE('',#1827,(#1831,#1838),.PCURVE_S1.);
#1827 = LINE('',#1828,#1829);
#1828 = CARTESIAN_POINT('',(-77.25,-47.,0.));
#1829 = VECTOR('',#1830,1.);
#1830 = DIRECTION('',(-0.,-0.,-1.));
#1831 = PCURVE('',#740,#1832);
#1832 = DEFINITIONAL_REPRESENTATION('',(#1833),#1837);
#1833 = LINE('',#1834,#1835);
#1834 = CARTESIAN_POINT('',(94.000000000016,0.));
#1835 = VECTOR('',#1836,1.);
#1836 = DIRECTION('',(0.,-1.));
#1837 = ( GEOMETRIC_REPRESENTATION_CONTEXT(2) 
PARAMETRIC_REPRESENTATION_CONTEXT() REPRESENTATION_CONTEXT('2D SPACE',''
  ) );
#1838 = PCURVE('',#875,#1839);
#1839 = DEFINITIONAL_REPRESENTATION('',(#1840),#1844);
#1840 = LINE('',#1841,#1842);
#1841 = CARTESIAN_POINT('',(3.14159265359,0.));
#1842 = VECTOR('',#1843,1.);
#1843 = DIRECTION('',(0.,-1.));
#1844 = ( GEOMETRIC_REPRESENTATION_CONTEXT(2) 
PARAMETRIC_REPRESENTATION_CONTEXT() REPRESENTATION_CONTEXT('2D SPACE',''
  ) );
#1845 = ORIENTED_EDGE('',*,*,#1846,.F.);
#1846 = EDGE_CURVE('',#1800,#1824,#1847,.T.);
#1847 = SURFACE_CURVE('',#1848,(#1852,#1859),.PCURVE_S1.);
#1848 = LINE('',#1849,#1850);
#1849 = CARTESIAN_POINT('',(-77.25,47.000000000016,0.));
#1850 = VECTOR('',#1851,1.);
#1851 = DIRECTION('',(0.,-1.,0.));
#1852 = PCURVE('',#740,#1853);
#1853 = DEFINITIONAL_REPRESENTATION('',(#1854),#1858);
#1854 = LINE('',#1855,#1856);
#1855 = CARTESIAN_POINT('',(0.,0.));
#1856 = VECTOR('',#1857,1.);
#1857 = DIRECTION('',(1.,0.));
#1858 = ( GEOMETRIC_REPRESENTATION_CONTEXT(2) 
PARAMETRIC_REPRESENTATION_CONTEXT() REPRESENTATION_CONTEXT('2D SPACE',''
  ) );
#1859 = PCURVE('',#1860,#1865);
#1860 = PLANE('',#1861);
#1861 = AXIS2_PLACEMENT_3D('',#1862,#1863,#1864);
#1862 = CARTESIAN_POINT('',(-77.25,47.000000000016,0.));
#1863 = DIRECTION('',(1.,0.,0.));
#1864 = DIRECTION('',(0.,-1.,0.));
#1865 = DEFINITIONAL_REPRESENTATION('',(#1866),#1870);
#1866 = LINE('',#1867,#1868);
#1867 = CARTESIAN_POINT('',(0.,0.));
#1868 = VECTOR('',#1869,1.);
#1869 = DIRECTION('',(1.,0.));
#1870 = ( GEOMETRIC_REPRESENTATION_CONTEXT(2) 
PARAMETRIC_REPRESENTATION_CONTEXT() REPRESENTATION_CONTEXT('2D SPACE',''
  ) );
#1871 = ADVANCED_FACE('',(#1872),#819,.T.);
#1872 = FACE_BOUND('',#1873,.T.);
#1873 = EDGE_LOOP('',(#1874,#1897,#1898,#1899));
#1874 = ORIENTED_EDGE('',*,*,#1875,.T.);
#1875 = EDGE_CURVE('',#1876,#779,#1878,.T.);
#1876 = VERTEX_POINT('',#1877);
#1877 = CARTESIAN_POINT('',(-72.25,52.,0.));
#1878 = SURFACE_CURVE('',#1879,(#1883,#1890),.PCURVE_S1.);
#1879 = LINE('',#1880,#1881);
#1880 = CARTESIAN_POINT('',(-72.25,52.,0.));
#1881 = VECTOR('',#1882,1.);
#1882 = DIRECTION('',(-0.,-0.,-1.));
#1883 = PCURVE('',#819,#1884);
#1884 = DEFINITIONAL_REPRESENTATION('',(#1885),#1889);
#1885 = LINE('',#1886,#1887);
#1886 = CARTESIAN_POINT('',(1.570796326795,0.));
#1887 = VECTOR('',#1888,1.);
#1888 = DIRECTION('',(0.,-1.));
#1889 = ( GEOMETRIC_REPRESENTATION_CONTEXT(2) 
PARAMETRIC_REPRESENTATION_CONTEXT() REPRESENTATION_CONTEXT('2D SPACE',''
  ) );
#1890 = PCURVE('',#928,#1891);
#1891 = DEFINITIONAL_REPRESENTATION('',(#1892),#1896);
#1892 = LINE('',#1893,#1894);
#1893 = CARTESIAN_POINT('',(144.5,0.));
#1894 = VECTOR('',#1895,1.);
#1895 = DIRECTION('',(0.,-1.));
#1896 = ( GEOMETRIC_REPRESENTATION_CONTEXT(2) 
PARAMETRIC_REPRESENTATION_CONTEXT() REPRESENTATION_CONTEXT('2D SPACE',''
  ) );
#1897 = ORIENTED_EDGE('',*,*,#804,.T.);
#1898 = ORIENTED_EDGE('',*,*,#1799,.F.);
#1899 = ORIENTED_EDGE('',*,*,#1900,.F.);
#1900 = EDGE_CURVE('',#1876,#1800,#1901,.T.);
#1901 = SURFACE_CURVE('',#1902,(#1907,#1914),.PCURVE_S1.);
#1902 = CIRCLE('',#1903,5.);
#1903 = AXIS2_PLACEMENT_3D('',#1904,#1905,#1906);
#1904 = CARTESIAN_POINT('',(-72.25,47.,0.));
#1905 = DIRECTION('',(0.,0.,1.));
#1906 = DIRECTION('',(1.,0.,0.));
#1907 = PCURVE('',#819,#1908);
#1908 = DEFINITIONAL_REPRESENTATION('',(#1909),#1913);
#1909 = LINE('',#1910,#1911);
#1910 = CARTESIAN_POINT('',(0.,0.));
#1911 = VECTOR('',#1912,1.);
#1912 = DIRECTION('',(1.,0.));
#1913 = ( GEOMETRIC_REPRESENTATION_CONTEXT(2) 
PARAMETRIC_REPRESENTATION_CONTEXT() REPRESENTATION_CONTEXT('2D SPACE',''
  ) );
#1914 = PCURVE('',#1915,#1920);
#1915 = CYLINDRICAL_SURFACE('',#1916,5.);
#1916 = AXIS2_PLACEMENT_3D('',#1917,#1918,#1919);
#1917 = CARTESIAN_POINT('',(-72.25,47.,0.));
#1918 = DIRECTION('',(-0.,-0.,-1.));
#1919 = DIRECTION('',(1.,0.,0.));
#1920 = DEFINITIONAL_REPRESENTATION('',(#1921),#1925);
#1921 = LINE('',#1922,#1923);
#1922 = CARTESIAN_POINT('',(-0.,0.));
#1923 = VECTOR('',#1924,1.);
#1924 = DIRECTION('',(-1.,0.));
#1925 = ( GEOMETRIC_REPRESENTATION_CONTEXT(2) 
PARAMETRIC_REPRESENTATION_CONTEXT() REPRESENTATION_CONTEXT('2D SPACE',''
  ) );
#1926 = ADVANCED_FACE('',(#1927),#875,.T.);
#1927 = FACE_BOUND('',#1928,.T.);
#1928 = EDGE_LOOP('',(#1929,#1930,#1931,#1954));
#1929 = ORIENTED_EDGE('',*,*,#1823,.T.);
#1930 = ORIENTED_EDGE('',*,*,#860,.T.);
#1931 = ORIENTED_EDGE('',*,*,#1932,.F.);
#1932 = EDGE_CURVE('',#1933,#837,#1935,.T.);
#1933 = VERTEX_POINT('',#1934);
#1934 = CARTESIAN_POINT('',(-72.25,-52.,0.));
#1935 = SURFACE_CURVE('',#1936,(#1940,#1947),.PCURVE_S1.);
#1936 = LINE('',#1937,#1938);
#1937 = CARTESIAN_POINT('',(-72.25,-52.,0.));
#1938 = VECTOR('',#1939,1.);
#1939 = DIRECTION('',(-0.,-0.,-1.));
#1940 = PCURVE('',#875,#1941);
#1941 = DEFINITIONAL_REPRESENTATION('',(#1942),#1946);
#1942 = LINE('',#1943,#1944);
#1943 = CARTESIAN_POINT('',(4.712388980385,0.));
#1944 = VECTOR('',#1945,1.);
#1945 = DIRECTION('',(0.,-1.));
#1946 = ( GEOMETRIC_REPRESENTATION_CONTEXT(2) 
PARAMETRIC_REPRESENTATION_CONTEXT() REPRESENTATION_CONTEXT('2D SPACE',''
  ) );
#1947 = PCURVE('',#962,#1948);
#1948 = DEFINITIONAL_REPRESENTATION('',(#1949),#1953);
#1949 = LINE('',#1950,#1951);
#1950 = CARTESIAN_POINT('',(0.,0.));
#1951 = VECTOR('',#1952,1.);
#1952 = DIRECTION('',(0.,-1.));
#1953 = ( GEOMETRIC_REPRESENTATION_CONTEXT(2) 
PARAMETRIC_REPRESENTATION_CONTEXT() REPRESENTATION_CONTEXT('2D SPACE',''
  ) );
#1954 = ORIENTED_EDGE('',*,*,#1955,.F.);
#1955 = EDGE_CURVE('',#1824,#1933,#1956,.T.);
#1956 = SURFACE_CURVE('',#1957,(#1962,#1969),.PCURVE_S1.);
#1957 = CIRCLE('',#1958,5.);
#1958 = AXIS2_PLACEMENT_3D('',#1959,#1960,#1961);
#1959 = CARTESIAN_POINT('',(-72.25,-47.,0.));
#1960 = DIRECTION('',(0.,0.,1.));
#1961 = DIRECTION('',(1.,0.,0.));
#1962 = PCURVE('',#875,#1963);
#1963 = DEFINITIONAL_REPRESENTATION('',(#1964),#1968);
#1964 = LINE('',#1965,#1966);
#1965 = CARTESIAN_POINT('',(0.,0.));
#1966 = VECTOR('',#1967,1.);
#1967 = DIRECTION('',(1.,0.));
#1968 = ( GEOMETRIC_REPRESENTATION_CONTEXT(2) 
PARAMETRIC_REPRESENTATION_CONTEXT() REPRESENTATION_CONTEXT('2D SPACE',''
  ) );
#1969 = PCURVE('',#1970,#1975);
#1970 = CYLINDRICAL_SURFACE('',#1971,5.);
#1971 = AXIS2_PLACEMENT_3D('',#1972,#1973,#1974);
#1972 = CARTESIAN_POINT('',(-72.25,-47.,0.));
#1973 = DIRECTION('',(-0.,-0.,-1.));
#1974 = DIRECTION('',(1.,0.,0.));
#1975 = DEFINITIONAL_REPRESENTATION('',(#1976),#1980);
#1976 = LINE('',#1977,#1978);
#1977 = CARTESIAN_POINT('',(-0.,0.));
#1978 = VECTOR('',#1979,1.);
#1979 = DIRECTION('',(-1.,0.));
#1980 = ( GEOMETRIC_REPRESENTATION_CONTEXT(2) 
PARAMETRIC_REPRESENTATION_CONTEXT() REPRESENTATION_CONTEXT('2D SPACE',''
  ) );
#1981 = ADVANCED_FACE('',(#1982),#928,.T.);
#1982 = FACE_BOUND('',#1983,.T.);
#1983 = EDGE_LOOP('',(#1984,#2007,#2008,#2009));
#1984 = ORIENTED_EDGE('',*,*,#1985,.T.);
#1985 = EDGE_CURVE('',#1986,#891,#1988,.T.);
#1986 = VERTEX_POINT('',#1987);
#1987 = CARTESIAN_POINT('',(72.25,52.,0.));
#1988 = SURFACE_CURVE('',#1989,(#1993,#2000),.PCURVE_S1.);
#1989 = LINE('',#1990,#1991);
#1990 = CARTESIAN_POINT('',(72.25,52.,0.));
#1991 = VECTOR('',#1992,1.);
#1992 = DIRECTION('',(-0.,-0.,-1.));
#1993 = PCURVE('',#928,#1994);
#1994 = DEFINITIONAL_REPRESENTATION('',(#1995),#1999);
#1995 = LINE('',#1996,#1997);
#1996 = CARTESIAN_POINT('',(0.,0.));
#1997 = VECTOR('',#1998,1.);
#1998 = DIRECTION('',(0.,-1.));
#1999 = ( GEOMETRIC_REPRESENTATION_CONTEXT(2) 
PARAMETRIC_REPRESENTATION_CONTEXT() REPRESENTATION_CONTEXT('2D SPACE',''
  ) );
#2000 = PCURVE('',#1041,#2001);
#2001 = DEFINITIONAL_REPRESENTATION('',(#2002),#2006);
#2002 = LINE('',#2003,#2004);
#2003 = CARTESIAN_POINT('',(1.570796326795,0.));
#2004 = VECTOR('',#2005,1.);
#2005 = DIRECTION('',(0.,-1.));
#2006 = ( GEOMETRIC_REPRESENTATION_CONTEXT(2) 
PARAMETRIC_REPRESENTATION_CONTEXT() REPRESENTATION_CONTEXT('2D SPACE',''
  ) );
#2007 = ORIENTED_EDGE('',*,*,#914,.T.);
#2008 = ORIENTED_EDGE('',*,*,#1875,.F.);
#2009 = ORIENTED_EDGE('',*,*,#2010,.F.);
#2010 = EDGE_CURVE('',#1986,#1876,#2011,.T.);
#2011 = SURFACE_CURVE('',#2012,(#2016,#2023),.PCURVE_S1.);
#2012 = LINE('',#2013,#2014);
#2013 = CARTESIAN_POINT('',(72.25,52.,0.));
#2014 = VECTOR('',#2015,1.);
#2015 = DIRECTION('',(-1.,0.,0.));
#2016 = PCURVE('',#928,#2017);
#2017 = DEFINITIONAL_REPRESENTATION('',(#2018),#2022);
#2018 = LINE('',#2019,#2020);
#2019 = CARTESIAN_POINT('',(0.,0.));
#2020 = VECTOR('',#2021,1.);
#2021 = DIRECTION('',(1.,0.));
#2022 = ( GEOMETRIC_REPRESENTATION_CONTEXT(2) 
PARAMETRIC_REPRESENTATION_CONTEXT() REPRESENTATION_CONTEXT('2D SPACE',''
  ) );
#2023 = PCURVE('',#2024,#2029);
#2024 = PLANE('',#2025);
#2025 = AXIS2_PLACEMENT_3D('',#2026,#2027,#2028);
#2026 = CARTESIAN_POINT('',(72.25,52.,0.));
#2027 = DIRECTION('',(0.,-1.,0.));
#2028 = DIRECTION('',(-1.,0.,0.));
#2029 = DEFINITIONAL_REPRESENTATION('',(#2030),#2034);
#2030 = LINE('',#2031,#2032);
#2031 = CARTESIAN_POINT('',(0.,-0.));
#2032 = VECTOR('',#2033,1.);
#2033 = DIRECTION('',(1.,0.));
#2034 = ( GEOMETRIC_REPRESENTATION_CONTEXT(2) 
PARAMETRIC_REPRESENTATION_CONTEXT() REPRESENTATION_CONTEXT('2D SPACE',''
  ) );
#2035 = ADVANCED_FACE('',(#2036),#962,.T.);
#2036 = FACE_BOUND('',#2037,.T.);
#2037 = EDGE_LOOP('',(#2038,#2039,#2040,#2063));
#2038 = ORIENTED_EDGE('',*,*,#1932,.T.);
#2039 = ORIENTED_EDGE('',*,*,#946,.T.);
#2040 = ORIENTED_EDGE('',*,*,#2041,.F.);
#2041 = EDGE_CURVE('',#2042,#947,#2044,.T.);
#2042 = VERTEX_POINT('',#2043);
#2043 = CARTESIAN_POINT('',(72.25,-52.,0.));
#2044 = SURFACE_CURVE('',#2045,(#2049,#2056),.PCURVE_S1.);
#2045 = LINE('',#2046,#2047);
#2046 = CARTESIAN_POINT('',(72.25,-52.,0.));
#2047 = VECTOR('',#2048,1.);
#2048 = DIRECTION('',(-0.,-0.,-1.));
#2049 = PCURVE('',#962,#2050);
#2050 = DEFINITIONAL_REPRESENTATION('',(#2051),#2055);
#2051 = LINE('',#2052,#2053);
#2052 = CARTESIAN_POINT('',(144.5,0.));
#2053 = VECTOR('',#2054,1.);
#2054 = DIRECTION('',(0.,-1.));
#2055 = ( GEOMETRIC_REPRESENTATION_CONTEXT(2) 
PARAMETRIC_REPRESENTATION_CONTEXT() REPRESENTATION_CONTEXT('2D SPACE',''
  ) );
#2056 = PCURVE('',#1097,#2057);
#2057 = DEFINITIONAL_REPRESENTATION('',(#2058),#2062);
#2058 = LINE('',#2059,#2060);
#2059 = CARTESIAN_POINT('',(4.712388980385,0.));
#2060 = VECTOR('',#2061,1.);
#2061 = DIRECTION('',(0.,-1.));
#2062 = ( GEOMETRIC_REPRESENTATION_CONTEXT(2) 
PARAMETRIC_REPRESENTATION_CONTEXT() REPRESENTATION_CONTEXT('2D SPACE',''
  ) );
#2063 = ORIENTED_EDGE('',*,*,#2064,.F.);
#2064 = EDGE_CURVE('',#1933,#2042,#2065,.T.);
#2065 = SURFACE_CURVE('',#2066,(#2070,#2077),.PCURVE_S1.);
#2066 = LINE('',#2067,#2068);
#2067 = CARTESIAN_POINT('',(-72.25,-52.,0.));
#2068 = VECTOR('',#2069,1.);
#2069 = DIRECTION('',(1.,0.,0.));
#2070 = PCURVE('',#962,#2071);
#2071 = DEFINITIONAL_REPRESENTATION('',(#2072),#2076);
#2072 = LINE('',#2073,#2074);
#2073 = CARTESIAN_POINT('',(0.,0.));
#2074 = VECTOR('',#2075,1.);
#2075 = DIRECTION('',(1.,0.));
#2076 = ( GEOMETRIC_REPRESENTATION_CONTEXT(2) 
PARAMETRIC_REPRESENTATION_CONTEXT() REPRESENTATION_CONTEXT('2D SPACE',''
  ) );
#2077 = PCURVE('',#2078,#2083);
#2078 = PLANE('',#2079);
#2079 = AXIS2_PLACEMENT_3D('',#2080,#2081,#2082);
#2080 = CARTESIAN_POINT('',(-72.25,-52.,0.));
#2081 = DIRECTION('',(0.,1.,0.));
#2082 = DIRECTION('',(1.,0.,0.));
#2083 = DEFINITIONAL_REPRESENTATION('',(#2084),#2088);
#2084 = LINE('',#2085,#2086);
#2085 = CARTESIAN_POINT('',(0.,0.));
#2086 = VECTOR('',#2087,1.);
#2087 = DIRECTION('',(1.,0.));
#2088 = ( GEOMETRIC_REPRESENTATION_CONTEXT(2) 
PARAMETRIC_REPRESENTATION_CONTEXT() REPRESENTATION_CONTEXT('2D SPACE',''
  ) );
#2089 = ADVANCED_FACE('',(#2090),#1041,.T.);
#2090 = FACE_BOUND('',#2091,.T.);
#2091 = EDGE_LOOP('',(#2092,#2115,#2116,#2117));
#2092 = ORIENTED_EDGE('',*,*,#2093,.T.);
#2093 = EDGE_CURVE('',#2094,#1001,#2096,.T.);
#2094 = VERTEX_POINT('',#2095);
#2095 = CARTESIAN_POINT('',(77.25,47.,0.));
#2096 = SURFACE_CURVE('',#2097,(#2101,#2108),.PCURVE_S1.);
#2097 = LINE('',#2098,#2099);
#2098 = CARTESIAN_POINT('',(77.25,47.,0.));
#2099 = VECTOR('',#2100,1.);
#2100 = DIRECTION('',(-0.,-0.,-1.));
#2101 = PCURVE('',#1041,#2102);
#2102 = DEFINITIONAL_REPRESENTATION('',(#2103),#2107);
#2103 = LINE('',#2104,#2105);
#2104 = CARTESIAN_POINT('',(1.E-16,0.));
#2105 = VECTOR('',#2106,1.);
#2106 = DIRECTION('',(0.,-1.));
#2107 = ( GEOMETRIC_REPRESENTATION_CONTEXT(2) 
PARAMETRIC_REPRESENTATION_CONTEXT() REPRESENTATION_CONTEXT('2D SPACE',''
  ) );
#2108 = PCURVE('',#1127,#2109);
#2109 = DEFINITIONAL_REPRESENTATION('',(#2110),#2114);
#2110 = LINE('',#2111,#2112);
#2111 = CARTESIAN_POINT('',(94.000000000016,0.));
#2112 = VECTOR('',#2113,1.);
#2113 = DIRECTION('',(0.,-1.));
#2114 = ( GEOMETRIC_REPRESENTATION_CONTEXT(2) 
PARAMETRIC_REPRESENTATION_CONTEXT() REPRESENTATION_CONTEXT('2D SPACE',''
  ) );
#2115 = ORIENTED_EDGE('',*,*,#1026,.T.);
#2116 = ORIENTED_EDGE('',*,*,#1985,.F.);
#2117 = ORIENTED_EDGE('',*,*,#2118,.F.);
#2118 = EDGE_CURVE('',#2094,#1986,#2119,.T.);
#2119 = SURFACE_CURVE('',#2120,(#2125,#2132),.PCURVE_S1.);
#2120 = CIRCLE('',#2121,5.);
#2121 = AXIS2_PLACEMENT_3D('',#2122,#2123,#2124);
#2122 = CARTESIAN_POINT('',(72.25,47.,0.));
#2123 = DIRECTION('',(0.,0.,1.));
#2124 = DIRECTION('',(1.,0.,0.));
#2125 = PCURVE('',#1041,#2126);
#2126 = DEFINITIONAL_REPRESENTATION('',(#2127),#2131);
#2127 = LINE('',#2128,#2129);
#2128 = CARTESIAN_POINT('',(0.,0.));
#2129 = VECTOR('',#2130,1.);
#2130 = DIRECTION('',(1.,0.));
#2131 = ( GEOMETRIC_REPRESENTATION_CONTEXT(2) 
PARAMETRIC_REPRESENTATION_CONTEXT() REPRESENTATION_CONTEXT('2D SPACE',''
  ) );
#2132 = PCURVE('',#2133,#2138);
#2133 = CYLINDRICAL_SURFACE('',#2134,5.);
#2134 = AXIS2_PLACEMENT_3D('',#2135,#2136,#2137);
#2135 = CARTESIAN_POINT('',(72.25,47.,0.));
#2136 = DIRECTION('',(-0.,-0.,-1.));
#2137 = DIRECTION('',(1.,0.,0.));
#2138 = DEFINITIONAL_REPRESENTATION('',(#2139),#2143);
#2139 = LINE('',#2140,#2141);
#2140 = CARTESIAN_POINT('',(-0.,0.));
#2141 = VECTOR('',#2142,1.);
#2142 = DIRECTION('',(-1.,0.));
#2143 = ( GEOMETRIC_REPRESENTATION_CONTEXT(2) 
PARAMETRIC_REPRESENTATION_CONTEXT() REPRESENTATION_CONTEXT('2D SPACE',''
  ) );
#2144 = ADVANCED_FACE('',(#2145),#1097,.T.);
#2145 = FACE_BOUND('',#2146,.T.);
#2146 = EDGE_LOOP('',(#2147,#2148,#2149,#2172));
#2147 = ORIENTED_EDGE('',*,*,#2041,.T.);
#2148 = ORIENTED_EDGE('',*,*,#1082,.T.);
#2149 = ORIENTED_EDGE('',*,*,#2150,.F.);
#2150 = EDGE_CURVE('',#2151,#1059,#2153,.T.);
#2151 = VERTEX_POINT('',#2152);
#2152 = CARTESIAN_POINT('',(77.25,-47.00000000001,0.));
#2153 = SURFACE_CURVE('',#2154,(#2158,#2165),.PCURVE_S1.);
#2154 = LINE('',#2155,#2156);
#2155 = CARTESIAN_POINT('',(77.25,-47.00000000001,0.));
#2156 = VECTOR('',#2157,1.);
#2157 = DIRECTION('',(-0.,-0.,-1.));
#2158 = PCURVE('',#1097,#2159);
#2159 = DEFINITIONAL_REPRESENTATION('',(#2160),#2164);
#2160 = LINE('',#2161,#2162);
#2161 = CARTESIAN_POINT('',(6.283185307176,0.));
#2162 = VECTOR('',#2163,1.);
#2163 = DIRECTION('',(0.,-1.));
#2164 = ( GEOMETRIC_REPRESENTATION_CONTEXT(2) 
PARAMETRIC_REPRESENTATION_CONTEXT() REPRESENTATION_CONTEXT('2D SPACE',''
  ) );
#2165 = PCURVE('',#1127,#2166);
#2166 = DEFINITIONAL_REPRESENTATION('',(#2167),#2171);
#2167 = LINE('',#2168,#2169);
#2168 = CARTESIAN_POINT('',(0.,0.));
#2169 = VECTOR('',#2170,1.);
#2170 = DIRECTION('',(0.,-1.));
#2171 = ( GEOMETRIC_REPRESENTATION_CONTEXT(2) 
PARAMETRIC_REPRESENTATION_CONTEXT() REPRESENTATION_CONTEXT('2D SPACE',''
  ) );
#2172 = ORIENTED_EDGE('',*,*,#2173,.F.);
#2173 = EDGE_CURVE('',#2042,#2151,#2174,.T.);
#2174 = SURFACE_CURVE('',#2175,(#2180,#2187),.PCURVE_S1.);
#2175 = CIRCLE('',#2176,5.);
#2176 = AXIS2_PLACEMENT_3D('',#2177,#2178,#2179);
#2177 = CARTESIAN_POINT('',(72.25,-47.,0.));
#2178 = DIRECTION('',(0.,0.,1.));
#2179 = DIRECTION('',(1.,0.,0.));
#2180 = PCURVE('',#1097,#2181);
#2181 = DEFINITIONAL_REPRESENTATION('',(#2182),#2186);
#2182 = LINE('',#2183,#2184);
#2183 = CARTESIAN_POINT('',(0.,0.));
#2184 = VECTOR('',#2185,1.);
#2185 = DIRECTION('',(1.,0.));
#2186 = ( GEOMETRIC_REPRESENTATION_CONTEXT(2) 
PARAMETRIC_REPRESENTATION_CONTEXT() REPRESENTATION_CONTEXT('2D SPACE',''
  ) );
#2187 = PCURVE('',#2188,#2193);
#2188 = CYLINDRICAL_SURFACE('',#2189,5.);
#2189 = AXIS2_PLACEMENT_3D('',#2190,#2191,#2192);
#2190 = CARTESIAN_POINT('',(72.25,-47.,0.));
#2191 = DIRECTION('',(-0.,-0.,-1.));
#2192 = DIRECTION('',(1.,0.,0.));
#2193 = DEFINITIONAL_REPRESENTATION('',(#2194),#2198);
#2194 = LINE('',#2195,#2196);
#2195 = CARTESIAN_POINT('',(-0.,0.));
#2196 = VECTOR('',#2197,1.);
#2197 = DIRECTION('',(-1.,0.));
#2198 = ( GEOMETRIC_REPRESENTATION_CONTEXT(2) 
PARAMETRIC_REPRESENTATION_CONTEXT() REPRESENTATION_CONTEXT('2D SPACE',''
  ) );
#2199 = ADVANCED_FACE('',(#2200),#1127,.T.);
#2200 = FACE_BOUND('',#2201,.T.);
#2201 = EDGE_LOOP('',(#2202,#2203,#2204,#2205));
#2202 = ORIENTED_EDGE('',*,*,#2150,.T.);
#2203 = ORIENTED_EDGE('',*,*,#1113,.T.);
#2204 = ORIENTED_EDGE('',*,*,#2093,.F.);
#2205 = ORIENTED_EDGE('',*,*,#2206,.F.);
#2206 = EDGE_CURVE('',#2151,#2094,#2207,.T.);
#2207 = SURFACE_CURVE('',#2208,(#2212,#2219),.PCURVE_S1.);
#2208 = LINE('',#2209,#2210);
#2209 = CARTESIAN_POINT('',(77.25,-47.00000000001,0.));
#2210 = VECTOR('',#2211,1.);
#2211 = DIRECTION('',(0.,1.,0.));
#2212 = PCURVE('',#1127,#2213);
#2213 = DEFINITIONAL_REPRESENTATION('',(#2214),#2218);
#2214 = LINE('',#2215,#2216);
#2215 = CARTESIAN_POINT('',(0.,0.));
#2216 = VECTOR('',#2217,1.);
#2217 = DIRECTION('',(1.,0.));
#2218 = ( GEOMETRIC_REPRESENTATION_CONTEXT(2) 
PARAMETRIC_REPRESENTATION_CONTEXT() REPRESENTATION_CONTEXT('2D SPACE',''
  ) );
#2219 = PCURVE('',#2220,#2225);
#2220 = PLANE('',#2221);
#2221 = AXIS2_PLACEMENT_3D('',#2222,#2223,#2224);
#2222 = CARTESIAN_POINT('',(77.25,-47.00000000001,0.));
#2223 = DIRECTION('',(-1.,0.,0.));
#2224 = DIRECTION('',(0.,1.,0.));
#2225 = DEFINITIONAL_REPRESENTATION('',(#2226),#2230);
#2226 = LINE('',#2227,#2228);
#2227 = CARTESIAN_POINT('',(0.,0.));
#2228 = VECTOR('',#2229,1.);
#2229 = DIRECTION('',(1.,0.));
#2230 = ( GEOMETRIC_REPRESENTATION_CONTEXT(2) 
PARAMETRIC_REPRESENTATION_CONTEXT() REPRESENTATION_CONTEXT('2D SPACE',''
  ) );
#2231 = ADVANCED_FACE('',(#2232),#1185,.F.);
#2232 = FACE_BOUND('',#2233,.F.);
#2233 = EDGE_LOOP('',(#2234,#2257,#2258,#2259));
#2234 = ORIENTED_EDGE('',*,*,#2235,.F.);
#2235 = EDGE_CURVE('',#1145,#2236,#2238,.T.);
#2236 = VERTEX_POINT('',#2237);
#2237 = CARTESIAN_POINT('',(-70.6,46.75,1.));
#2238 = SEAM_CURVE('',#2239,(#2243,#2250),.PCURVE_S1.);
#2239 = LINE('',#2240,#2241);
#2240 = CARTESIAN_POINT('',(-70.6,46.75,1.));
#2241 = VECTOR('',#2242,1.);
#2242 = DIRECTION('',(-0.707106781187,0.,0.707106781187));
#2243 = PCURVE('',#1185,#2244);
#2244 = DEFINITIONAL_REPRESENTATION('',(#2245),#2249);
#2245 = LINE('',#2246,#2247);
#2246 = CARTESIAN_POINT('',(-0.,-0.));
#2247 = VECTOR('',#2248,1.);
#2248 = DIRECTION('',(-0.,-1.));
#2249 = ( GEOMETRIC_REPRESENTATION_CONTEXT(2) 
PARAMETRIC_REPRESENTATION_CONTEXT() REPRESENTATION_CONTEXT('2D SPACE',''
  ) );
#2250 = PCURVE('',#1185,#2251);
#2251 = DEFINITIONAL_REPRESENTATION('',(#2252),#2256);
#2252 = LINE('',#2253,#2254);
#2253 = CARTESIAN_POINT('',(-6.28318530718,-0.));
#2254 = VECTOR('',#2255,1.);
#2255 = DIRECTION('',(-0.,-1.));
#2256 = ( GEOMETRIC_REPRESENTATION_CONTEXT(2) 
PARAMETRIC_REPRESENTATION_CONTEXT() REPRESENTATION_CONTEXT('2D SPACE',''
  ) );
#2257 = ORIENTED_EDGE('',*,*,#1170,.T.);
#2258 = ORIENTED_EDGE('',*,*,#2235,.T.);
#2259 = ORIENTED_EDGE('',*,*,#2260,.F.);
#2260 = EDGE_CURVE('',#2236,#2236,#2261,.T.);
#2261 = SURFACE_CURVE('',#2262,(#2267,#2274),.PCURVE_S1.);
#2262 = CIRCLE('',#2263,1.4);
#2263 = AXIS2_PLACEMENT_3D('',#2264,#2265,#2266);
#2264 = CARTESIAN_POINT('',(-72.,46.75,1.));
#2265 = DIRECTION('',(0.,0.,1.));
#2266 = DIRECTION('',(1.,0.,0.));
#2267 = PCURVE('',#1185,#2268);
#2268 = DEFINITIONAL_REPRESENTATION('',(#2269),#2273);
#2269 = LINE('',#2270,#2271);
#2270 = CARTESIAN_POINT('',(-0.,-0.));
#2271 = VECTOR('',#2272,1.);
#2272 = DIRECTION('',(-1.,-0.));
#2273 = ( GEOMETRIC_REPRESENTATION_CONTEXT(2) 
PARAMETRIC_REPRESENTATION_CONTEXT() REPRESENTATION_CONTEXT('2D SPACE',''
  ) );
#2274 = PCURVE('',#2275,#2280);
#2275 = CYLINDRICAL_SURFACE('',#2276,1.4);
#2276 = AXIS2_PLACEMENT_3D('',#2277,#2278,#2279);
#2277 = CARTESIAN_POINT('',(-72.,46.75,4.5));
#2278 = DIRECTION('',(0.,0.,1.));
#2279 = DIRECTION('',(1.,0.,0.));
#2280 = DEFINITIONAL_REPRESENTATION('',(#2281),#2285);
#2281 = LINE('',#2282,#2283);
#2282 = CARTESIAN_POINT('',(0.,-3.5));
#2283 = VECTOR('',#2284,1.);
#2284 = DIRECTION('',(1.,0.));
#2285 = ( GEOMETRIC_REPRESENTATION_CONTEXT(2) 
PARAMETRIC_REPRESENTATION_CONTEXT() REPRESENTATION_CONTEXT('2D SPACE',''
  ) );
#2286 = ADVANCED_FACE('',(#2287),#1241,.F.);
#2287 = FACE_BOUND('',#2288,.F.);
#2288 = EDGE_LOOP('',(#2289,#2312,#2313,#2314));
#2289 = ORIENTED_EDGE('',*,*,#2290,.F.);
#2290 = EDGE_CURVE('',#1201,#2291,#2293,.T.);
#2291 = VERTEX_POINT('',#2292);
#2292 = CARTESIAN_POINT('',(73.4,46.75,1.));
#2293 = SEAM_CURVE('',#2294,(#2298,#2305),.PCURVE_S1.);
#2294 = LINE('',#2295,#2296);
#2295 = CARTESIAN_POINT('',(73.4,46.75,1.));
#2296 = VECTOR('',#2297,1.);
#2297 = DIRECTION('',(-0.707106781187,0.,0.707106781187));
#2298 = PCURVE('',#1241,#2299);
#2299 = DEFINITIONAL_REPRESENTATION('',(#2300),#2304);
#2300 = LINE('',#2301,#2302);
#2301 = CARTESIAN_POINT('',(-0.,-0.));
#2302 = VECTOR('',#2303,1.);
#2303 = DIRECTION('',(-0.,-1.));
#2304 = ( GEOMETRIC_REPRESENTATION_CONTEXT(2) 
PARAMETRIC_REPRESENTATION_CONTEXT() REPRESENTATION_CONTEXT('2D SPACE',''
  ) );
#2305 = PCURVE('',#1241,#2306);
#2306 = DEFINITIONAL_REPRESENTATION('',(#2307),#2311);
#2307 = LINE('',#2308,#2309);
#2308 = CARTESIAN_POINT('',(-6.28318530718,-0.));
#2309 = VECTOR('',#2310,1.);
#2310 = DIRECTION('',(-0.,-1.));
#2311 = ( GEOMETRIC_REPRESENTATION_CONTEXT(2) 
PARAMETRIC_REPRESENTATION_CONTEXT() REPRESENTATION_CONTEXT('2D SPACE',''
  ) );
#2312 = ORIENTED_EDGE('',*,*,#1226,.T.);
#2313 = ORIENTED_EDGE('',*,*,#2290,.T.);
#2314 = ORIENTED_EDGE('',*,*,#2315,.F.);
#2315 = EDGE_CURVE('',#2291,#2291,#2316,.T.);
#2316 = SURFACE_CURVE('',#2317,(#2322,#2329),.PCURVE_S1.);
#2317 = CIRCLE('',#2318,1.4);
#2318 = AXIS2_PLACEMENT_3D('',#2319,#2320,#2321);
#2319 = CARTESIAN_POINT('',(72.,46.75,1.));
#2320 = DIRECTION('',(0.,0.,1.));
#2321 = DIRECTION('',(1.,0.,0.));
#2322 = PCURVE('',#1241,#2323);
#2323 = DEFINITIONAL_REPRESENTATION('',(#2324),#2328);
#2324 = LINE('',#2325,#2326);
#2325 = CARTESIAN_POINT('',(-0.,-0.));
#2326 = VECTOR('',#2327,1.);
#2327 = DIRECTION('',(-1.,-0.));
#2328 = ( GEOMETRIC_REPRESENTATION_CONTEXT(2) 
PARAMETRIC_REPRESENTATION_CONTEXT() REPRESENTATION_CONTEXT('2D SPACE',''
  ) );
#2329 = PCURVE('',#2330,#2335);
#2330 = CYLINDRICAL_SURFACE('',#2331,1.4);
#2331 = AXIS2_PLACEMENT_3D('',#2332,#2333,#2334);
#2332 = CARTESIAN_POINT('',(72.,46.75,4.5));
#2333 = DIRECTION('',(0.,0.,1.));
#2334 = DIRECTION('',(1.,0.,0.));
#2335 = DEFINITIONAL_REPRESENTATION('',(#2336),#2340);
#2336 = LINE('',#2337,#2338);
#2337 = CARTESIAN_POINT('',(0.,-3.5));
#2338 = VECTOR('',#2339,1.);
#2339 = DIRECTION('',(1.,0.));
#2340 = ( GEOMETRIC_REPRESENTATION_CONTEXT(2) 
PARAMETRIC_REPRESENTATION_CONTEXT() REPRESENTATION_CONTEXT('2D SPACE',''
  ) );
#2341 = ADVANCED_FACE('',(#2342),#1297,.F.);
#2342 = FACE_BOUND('',#2343,.F.);
#2343 = EDGE_LOOP('',(#2344,#2367,#2368,#2369));
#2344 = ORIENTED_EDGE('',*,*,#2345,.F.);
#2345 = EDGE_CURVE('',#1257,#2346,#2348,.T.);
#2346 = VERTEX_POINT('',#2347);
#2347 = CARTESIAN_POINT('',(73.4,-46.75,1.));
#2348 = SEAM_CURVE('',#2349,(#2353,#2360),.PCURVE_S1.);
#2349 = LINE('',#2350,#2351);
#2350 = CARTESIAN_POINT('',(73.4,-46.75,1.));
#2351 = VECTOR('',#2352,1.);
#2352 = DIRECTION('',(-0.707106781187,0.,0.707106781187));
#2353 = PCURVE('',#1297,#2354);
#2354 = DEFINITIONAL_REPRESENTATION('',(#2355),#2359);
#2355 = LINE('',#2356,#2357);
#2356 = CARTESIAN_POINT('',(-0.,-0.));
#2357 = VECTOR('',#2358,1.);
#2358 = DIRECTION('',(-0.,-1.));
#2359 = ( GEOMETRIC_REPRESENTATION_CONTEXT(2) 
PARAMETRIC_REPRESENTATION_CONTEXT() REPRESENTATION_CONTEXT('2D SPACE',''
  ) );
#2360 = PCURVE('',#1297,#2361);
#2361 = DEFINITIONAL_REPRESENTATION('',(#2362),#2366);
#2362 = LINE('',#2363,#2364);
#2363 = CARTESIAN_POINT('',(-6.28318530718,-0.));
#2364 = VECTOR('',#2365,1.);
#2365 = DIRECTION('',(-0.,-1.));
#2366 = ( GEOMETRIC_REPRESENTATION_CONTEXT(2) 
PARAMETRIC_REPRESENTATION_CONTEXT() REPRESENTATION_CONTEXT('2D SPACE',''
  ) );
#2367 = ORIENTED_EDGE('',*,*,#1282,.T.);
#2368 = ORIENTED_EDGE('',*,*,#2345,.T.);
#2369 = ORIENTED_EDGE('',*,*,#2370,.F.);
#2370 = EDGE_CURVE('',#2346,#2346,#2371,.T.);
#2371 = SURFACE_CURVE('',#2372,(#2377,#2384),.PCURVE_S1.);
#2372 = CIRCLE('',#2373,1.4);
#2373 = AXIS2_PLACEMENT_3D('',#2374,#2375,#2376);
#2374 = CARTESIAN_POINT('',(72.,-46.75,1.));
#2375 = DIRECTION('',(0.,0.,1.));
#2376 = DIRECTION('',(1.,0.,0.));
#2377 = PCURVE('',#1297,#2378);
#2378 = DEFINITIONAL_REPRESENTATION('',(#2379),#2383);
#2379 = LINE('',#2380,#2381);
#2380 = CARTESIAN_POINT('',(-0.,-0.));
#2381 = VECTOR('',#2382,1.);
#2382 = DIRECTION('',(-1.,-0.));
#2383 = ( GEOMETRIC_REPRESENTATION_CONTEXT(2) 
PARAMETRIC_REPRESENTATION_CONTEXT() REPRESENTATION_CONTEXT('2D SPACE',''
  ) );
#2384 = PCURVE('',#2385,#2390);
#2385 = CYLINDRICAL_SURFACE('',#2386,1.4);
#2386 = AXIS2_PLACEMENT_3D('',#2387,#2388,#2389);
#2387 = CARTESIAN_POINT('',(72.,-46.75,4.5));
#2388 = DIRECTION('',(0.,0.,1.));
#2389 = DIRECTION('',(1.,0.,0.));
#2390 = DEFINITIONAL_REPRESENTATION('',(#2391),#2395);
#2391 = LINE('',#2392,#2393);
#2392 = CARTESIAN_POINT('',(0.,-3.5));
#2393 = VECTOR('',#2394,1.);
#2394 = DIRECTION('',(1.,0.));
#2395 = ( GEOMETRIC_REPRESENTATION_CONTEXT(2) 
PARAMETRIC_REPRESENTATION_CONTEXT() REPRESENTATION_CONTEXT('2D SPACE',''
  ) );
#2396 = ADVANCED_FACE('',(#2397),#1352,.F.);
#2397 = FACE_BOUND('',#2398,.F.);
#2398 = EDGE_LOOP('',(#2399,#2587,#2588,#2612));
#2399 = ORIENTED_EDGE('',*,*,#2400,.F.);
#2400 = EDGE_CURVE('',#1336,#2401,#2403,.T.);
#2401 = VERTEX_POINT('',#2402);
#2402 = CARTESIAN_POINT('',(-68.21879648788,-49.,-2.22044604925E-16));
#2403 = SURFACE_CURVE('',#2404,(#2463,#2525),.PCURVE_S1.);
#2404 = B_SPLINE_CURVE_WITH_KNOTS('',8,(#2405,#2406,#2407,#2408,#2409,
    #2410,#2411,#2412,#2413,#2414,#2415,#2416,#2417,#2418,#2419,#2420,
    #2421,#2422,#2423,#2424,#2425,#2426,#2427,#2428,#2429,#2430,#2431,
    #2432,#2433,#2434,#2435,#2436,#2437,#2438,#2439,#2440,#2441,#2442,
    #2443,#2444,#2445,#2446,#2447,#2448,#2449,#2450,#2451,#2452,#2453,
    #2454,#2455,#2456,#2457,#2458,#2459,#2460,#2461,#2462),
  .UNSPECIFIED.,.F.,.F.,(9,7,7,7,7,7,7,7,9),(0.,2.653340171091E-02,
    4.596562168622E-02,7.801431199838E-02,0.153643079325,0.321241868913,
    0.484308181481,0.750698949246,1.),.UNSPECIFIED.);
#2405 = CARTESIAN_POINT('',(-71.00125078222,-50.,1.));
#2406 = CARTESIAN_POINT('',(-71.00125078222,-50.,0.990603437861));
#2407 = CARTESIAN_POINT('',(-71.00057879177,-49.9998990659,
    0.981204396567));
#2408 = CARTESIAN_POINT('',(-70.99923447737,-49.99969718198,
    0.971849151195));
#2409 = CARTESIAN_POINT('',(-70.99723783667,-49.99939693076,
    0.96257581066));
#2410 = CARTESIAN_POINT('',(-70.99462412332,-49.99900284972,
    0.953415086731));
#2411 = CARTESIAN_POINT('',(-70.9914387719,-49.99852078795,
    0.944391063045));
#2412 = CARTESIAN_POINT('',(-70.98773232274,-49.99795726291,
    0.935521964128));
#2413 = CARTESIAN_POINT('',(-70.98049626251,-49.99685123964,
    0.920448559507));
#2414 = CARTESIAN_POINT('',(-70.97718384572,-49.9963433342,
    0.914164235404));
#2415 = CARTESIAN_POINT('',(-70.97363685219,-49.99579749562,
    0.907970745689));
#2416 = CARTESIAN_POINT('',(-70.96987356297,-49.99521605756,
    0.901869490404));
#2417 = CARTESIAN_POINT('',(-70.96591142162,-49.99460124332,
    0.895860631014));
#2418 = CARTESIAN_POINT('',(-70.96176667136,-49.99395511665,
    0.889943245379));
#2419 = CARTESIAN_POINT('',(-70.95745399225,-49.99327953259,
    0.884115482731));
#2420 = CARTESIAN_POINT('',(-70.94561750694,-49.99141592895,
    0.868906733464));
#2421 = CARTESIAN_POINT('',(-70.93782904778,-49.99018034446,
    0.859678089224));
#2422 = CARTESIAN_POINT('',(-70.92967768376,-49.98887641529,
    0.850675241727));
#2423 = CARTESIAN_POINT('',(-70.92121217246,-49.98751023217,
    0.841885197775));
#2424 = CARTESIAN_POINT('',(-70.91247355965,-49.98608692217,
    0.833295244341));
#2425 = CARTESIAN_POINT('',(-70.90349563282,-49.98461067481,
    0.824892677759));
#2426 = CARTESIAN_POINT('',(-70.89430537472,-49.98308476817,
    0.816664532901));
#2427 = CARTESIAN_POINT('',(-70.86278379436,-49.97779920785,
    0.78956021789));
#2428 = CARTESIAN_POINT('',(-70.83960122615,-49.97382769782,
    0.771440352324));
#2429 = CARTESIAN_POINT('',(-70.81565156468,-49.9696294459,0.75406038491
    ));
#2430 = CARTESIAN_POINT('',(-70.79111289929,-49.96522535173,
    0.737313919586));
#2431 = CARTESIAN_POINT('',(-70.76611271826,-49.96063081096,
    0.721120225019));
#2432 = CARTESIAN_POINT('',(-70.7407416117,-49.95585677179,
    0.705410764796));
#2433 = CARTESIAN_POINT('',(-70.71505446141,-49.9509089949,
    0.690128036803));
#2434 = CARTESIAN_POINT('',(-70.63151893007,-49.93444156732,
    0.642173811936));
#2435 = CARTESIAN_POINT('',(-70.57265624235,-49.92226849082,
    0.611019895716));
#2436 = CARTESIAN_POINT('',(-70.51297080104,-49.90931882764,
    0.581248337875));
#2437 = CARTESIAN_POINT('',(-70.45268872054,-49.89561681499,
    0.552658321036));
#2438 = CARTESIAN_POINT('',(-70.3919850662,-49.88118381155,
    0.525085540882));
#2439 = CARTESIAN_POINT('',(-70.33095649512,-49.86603195819,
    0.498437491536));
#2440 = CARTESIAN_POINT('',(-70.26966813722,-49.85016816616,
    0.472634173402));
#2441 = CARTESIAN_POINT('',(-70.14828777313,-49.81746201834,
    0.423277865256));
#2442 = CARTESIAN_POINT('',(-70.08823530462,-49.80066499743,
    0.39969359777));
#2443 = CARTESIAN_POINT('',(-70.02803895457,-49.78320647975,
    0.37682023084));
#2444 = CARTESIAN_POINT('',(-69.96773634638,-49.76509240285,
    0.354632438091));
#2445 = CARTESIAN_POINT('',(-69.90735692759,-49.74632838079,
    0.333117181184));
#2446 = CARTESIAN_POINT('',(-69.84692497298,-49.72691990768,
    0.31226901374));
#2447 = CARTESIAN_POINT('',(-69.78646109556,-49.70687242161,
    0.292087793577));
#2448 = CARTESIAN_POINT('',(-69.62718195728,-49.65240571707,
    0.240708241971));
#2449 = CARTESIAN_POINT('',(-69.52834653601,-49.61693058113,
    0.210632846299));
#2450 = CARTESIAN_POINT('',(-69.42955216026,-49.57978988359,
    0.182375376055));
#2451 = CARTESIAN_POINT('',(-69.33086302346,-49.54101054774,
    0.155992384813));
#2452 = CARTESIAN_POINT('',(-69.23233784997,-49.50062338042,
    0.131563598483));
#2453 = CARTESIAN_POINT('',(-69.13403430715,-49.45866403379,
    0.109185724296));
#2454 = CARTESIAN_POINT('',(-69.03601133374,-49.41517390598,
    8.897069017243E-02));
#2455 = CARTESIAN_POINT('',(-68.8469140067,-49.32811319474,
    5.427570961717E-02));
#2456 = CARTESIAN_POINT('',(-68.75580225736,-49.28472898895,
    3.9511626166E-02));
#2457 = CARTESIAN_POINT('',(-68.66504256842,-49.24008746667,
    2.686221174568E-02));
#2458 = CARTESIAN_POINT('',(-68.5746906059,-49.19423502819,
    1.644617697929E-02));
#2459 = CARTESIAN_POINT('',(-68.48481051904,-49.1472271651,
    8.396049925269E-03));
#2460 = CARTESIAN_POINT('',(-68.39547618957,-49.09913025492,
    2.859430498777E-03));
#2461 = CARTESIAN_POINT('',(-68.30677248099,-49.05002335558,
    2.448929080085E-07));
#2462 = CARTESIAN_POINT('',(-68.21879648788,-49.,0.));
#2463 = PCURVE('',#1352,#2464);
#2464 = DEFINITIONAL_REPRESENTATION('',(#2465),#2524);
#2465 = B_SPLINE_CURVE_WITH_KNOTS('',8,(#2466,#2467,#2468,#2469,#2470,
    #2471,#2472,#2473,#2474,#2475,#2476,#2477,#2478,#2479,#2480,#2481,
    #2482,#2483,#2484,#2485,#2486,#2487,#2488,#2489,#2490,#2491,#2492,
    #2493,#2494,#2495,#2496,#2497,#2498,#2499,#2500,#2501,#2502,#2503,
    #2504,#2505,#2506,#2507,#2508,#2509,#2510,#2511,#2512,#2513,#2514,
    #2515,#2516,#2517,#2518,#2519,#2520,#2521,#2522,#2523),
  .UNSPECIFIED.,.F.,.F.,(9,7,7,7,7,7,7,7,9),(0.,2.653340171091E-02,
    4.596562168622E-02,7.801431199838E-02,0.153643079325,0.321241868913,
    0.484308181481,0.750698949246,1.),.UNSPECIFIED.);
#2466 = CARTESIAN_POINT('',(-8.881784197001E-16,3.14159265359));
#2467 = CARTESIAN_POINT('',(-8.881784197001E-16,3.150989215729));
#2468 = CARTESIAN_POINT('',(1.976434691384E-04,3.160388245264));
#2469 = CARTESIAN_POINT('',(5.930313735512E-04,3.169744769642));
#2470 = CARTESIAN_POINT('',(1.180245822454E-03,3.179021915794));
#2471 = CARTESIAN_POINT('',(1.948852631181E-03,3.188190096975));
#2472 = CARTESIAN_POINT('',(2.885403884203E-03,3.197226199594));
#2473 = CARTESIAN_POINT('',(3.974940498148E-03,3.20611277005));
#2474 = CARTESIAN_POINT('',(6.101516523174E-03,3.221226697877));
#2475 = CARTESIAN_POINT('',(7.074848057268E-03,3.22753133999));
#2476 = CARTESIAN_POINT('',(8.116935429444E-03,3.233748566119));
#2477 = CARTESIAN_POINT('',(9.222364769911E-03,3.239877160461));
#2478 = CARTESIAN_POINT('',(1.038596947878E-02,3.245917106708));
#2479 = CARTESIAN_POINT('',(1.160293740806E-02,3.251869441561));
#2480 = CARTESIAN_POINT('',(1.286891804367E-02,3.257736108248));
#2481 = CARTESIAN_POINT('',(1.634265234108E-02,3.273058610419));
#2482 = CARTESIAN_POINT('',(1.862754381267E-02,3.282369022586));
#2483 = CARTESIAN_POINT('',(2.101792169564E-02,3.291464943937));
#2484 = CARTESIAN_POINT('',(2.349932320231E-02,3.30035959407));
#2485 = CARTESIAN_POINT('',(2.605956845092E-02,3.309065828353));
#2486 = CARTESIAN_POINT('',(2.86886237525E-02,3.317596451481));
#2487 = CARTESIAN_POINT('',(3.13784648978E-02,3.325964531051));
#2488 = CARTESIAN_POINT('',(4.05993767825E-02,3.35357940096));
#2489 = CARTESIAN_POINT('',(4.737286461353E-02,3.372124423622));
#2490 = CARTESIAN_POINT('',(5.436119633312E-02,3.38999770654));
#2491 = CARTESIAN_POINT('',(6.151115830311E-02,3.407306843852));
#2492 = CARTESIAN_POINT('',(6.878458686053E-02,3.424133679256));
#2493 = CARTESIAN_POINT('',(7.615426191234E-02,3.440548043321));
#2494 = CARTESIAN_POINT('',(8.360347472552E-02,3.456609216669));
#2495 = CARTESIAN_POINT('',(0.107787151592,3.507312114552));
#2496 = CARTESIAN_POINT('',(0.124765436103,3.540730759585));
#2497 = CARTESIAN_POINT('',(0.141911289438,3.57315904224));
#2498 = CARTESIAN_POINT('',(0.159153424577,3.604821032463));
#2499 = CARTESIAN_POINT('',(0.176436141022,3.635905068414));
#2500 = CARTESIAN_POINT('',(0.193727198838,3.666529257918));
#2501 = CARTESIAN_POINT('',(0.211003727355,3.696801579956));
#2502 = CARTESIAN_POINT('',(0.245038063292,3.756010846618));
#2503 = CARTESIAN_POINT('',(0.26178967128,3.784948872097));
#2504 = CARTESIAN_POINT('',(0.278491075529,3.813697562102));
#2505 = CARTESIAN_POINT('',(0.295128389255,3.842310001711));
#2506 = CARTESIAN_POINT('',(0.311690404178,3.870828010886));
#2507 = CARTESIAN_POINT('',(0.328167694661,3.89928693549));
#2508 = CARTESIAN_POINT('',(0.344552161358,3.927718102353));
#2509 = CARTESIAN_POINT('',(0.387440513477,4.002594535404));
#2510 = CARTESIAN_POINT('',(0.413776871606,4.049037448163));
#2511 = CARTESIAN_POINT('',(0.439815935556,4.095596874799));
#2512 = CARTESIAN_POINT('',(0.465533018389,4.142367681852));
#2513 = CARTESIAN_POINT('',(0.490907056828,4.18943193136));
#2514 = CARTESIAN_POINT('',(0.515919377354,4.236867110114));
#2515 = CARTESIAN_POINT('',(0.54055307103,4.284751061087));
#2516 = CARTESIAN_POINT('',(0.587477824878,4.378470371353));
#2517 = CARTESIAN_POINT('',(0.609816553552,4.424237645927));
#2518 = CARTESIAN_POINT('',(0.631797066167,4.470532307258));
#2519 = CARTESIAN_POINT('',(0.653407027894,4.517420547036));
#2520 = CARTESIAN_POINT('',(0.674633719958,4.56497108704));
#2521 = CARTESIAN_POINT('',(0.695463893659,4.613258384036));
#2522 = CARTESIAN_POINT('',(0.715883624375,4.662365834674));
#2523 = CARTESIAN_POINT('',(0.735878165579,4.712388980385));
#2524 = ( GEOMETRIC_REPRESENTATION_CONTEXT(2) 
PARAMETRIC_REPRESENTATION_CONTEXT() REPRESENTATION_CONTEXT('2D SPACE',''
  ) );
#2525 = PCURVE('',#1540,#2526);
#2526 = DEFINITIONAL_REPRESENTATION('',(#2527),#2586);
#2527 = B_SPLINE_CURVE_WITH_KNOTS('',8,(#2528,#2529,#2530,#2531,#2532,
    #2533,#2534,#2535,#2536,#2537,#2538,#2539,#2540,#2541,#2542,#2543,
    #2544,#2545,#2546,#2547,#2548,#2549,#2550,#2551,#2552,#2553,#2554,
    #2555,#2556,#2557,#2558,#2559,#2560,#2561,#2562,#2563,#2564,#2565,
    #2566,#2567,#2568,#2569,#2570,#2571,#2572,#2573,#2574,#2575,#2576,
    #2577,#2578,#2579,#2580,#2581,#2582,#2583,#2584,#2585),
  .UNSPECIFIED.,.F.,.F.,(9,7,7,7,7,7,7,7,9),(0.,2.653340171091E-02,
    4.596562168622E-02,7.801431199838E-02,0.153643079325,0.321241868913,
    0.484308181481,0.750698949246,1.),.UNSPECIFIED.);
#2528 = CARTESIAN_POINT('',(0.,0.));
#2529 = CARTESIAN_POINT('',(9.396562138845E-03,-7.102834253282E-18));
#2530 = CARTESIAN_POINT('',(1.879559167451E-02,6.719904548874E-04));
#2531 = CARTESIAN_POINT('',(2.815211605205E-02,2.016304853902E-03));
#2532 = CARTESIAN_POINT('',(3.742926220415E-02,4.012945554946E-03));
#2533 = CARTESIAN_POINT('',(4.659744338499E-02,6.626658899185E-03));
#2534 = CARTESIAN_POINT('',(5.563354600411E-02,9.812010325634E-03));
#2535 = CARTESIAN_POINT('',(6.452011646031E-02,1.351845948576E-02));
#2536 = CARTESIAN_POINT('',(7.963404428699E-02,2.075451971017E-02));
#2537 = CARTESIAN_POINT('',(8.593868639995E-02,2.40669365045E-02));
#2538 = CARTESIAN_POINT('',(9.215591252927E-02,2.761393003588E-02));
#2539 = CARTESIAN_POINT('',(9.82845068712E-02,3.137721925496E-02));
#2540 = CARTESIAN_POINT('',(0.104324453118,3.533936060578E-02));
#2541 = CARTESIAN_POINT('',(0.110276787971,3.948411086343E-02));
#2542 = CARTESIAN_POINT('',(0.116143454658,4.379678997158E-02));
#2543 = CARTESIAN_POINT('',(0.131465956829,5.563327527969E-02));
#2544 = CARTESIAN_POINT('',(0.140776368996,6.342173444116E-02));
#2545 = CARTESIAN_POINT('',(0.149872290347,7.157309846009E-02));
#2546 = CARTESIAN_POINT('',(0.15876694048,8.003860976234E-02));
#2547 = CARTESIAN_POINT('',(0.167473174763,8.877722257645E-02));
#2548 = CARTESIAN_POINT('',(0.176003797892,9.775514940598E-02));
#2549 = CARTESIAN_POINT('',(0.184371877462,0.106945407502));
#2550 = CARTESIAN_POINT('',(0.21198674737,0.138466987863));
#2551 = CARTESIAN_POINT('',(0.230531770032,0.161649556069));
#2552 = CARTESIAN_POINT('',(0.24840505295,0.185599217545));
#2553 = CARTESIAN_POINT('',(0.265714190262,0.210137882933));
#2554 = CARTESIAN_POINT('',(0.282541025666,0.235138063959));
#2555 = CARTESIAN_POINT('',(0.298955389731,0.260509170523));
#2556 = CARTESIAN_POINT('',(0.315016563079,0.286196320809));
#2557 = CARTESIAN_POINT('',(0.365719460962,0.36973185215));
#2558 = CARTESIAN_POINT('',(0.399138105995,0.42859453987));
#2559 = CARTESIAN_POINT('',(0.43156638865,0.488279981182));
#2560 = CARTESIAN_POINT('',(0.463228378873,0.548562061684));
#2561 = CARTESIAN_POINT('',(0.494312414824,0.609265716025));
#2562 = CARTESIAN_POINT('',(0.524936604328,0.670294287104));
#2563 = CARTESIAN_POINT('',(0.555208926366,0.731582644999));
#2564 = CARTESIAN_POINT('',(0.614418193029,0.852963009098));
#2565 = CARTESIAN_POINT('',(0.643356218507,0.913015477601));
#2566 = CARTESIAN_POINT('',(0.672104908512,0.973211827653));
#2567 = CARTESIAN_POINT('',(0.700717348121,1.033514435841));
#2568 = CARTESIAN_POINT('',(0.729235357296,1.09389385463));
#2569 = CARTESIAN_POINT('',(0.7576942819,1.154325809248));
#2570 = CARTESIAN_POINT('',(0.786125448764,1.214789686662));
#2571 = CARTESIAN_POINT('',(0.861001881814,1.374068824943));
#2572 = CARTESIAN_POINT('',(0.907444794573,1.472904246212));
#2573 = CARTESIAN_POINT('',(0.954004221209,1.571698621966));
#2574 = CARTESIAN_POINT('',(1.000775028262,1.670387758761));
#2575 = CARTESIAN_POINT('',(1.04783927777,1.768912932253));
#2576 = CARTESIAN_POINT('',(1.095274456524,1.867216475069));
#2577 = CARTESIAN_POINT('',(1.143158407497,1.965239448482));
#2578 = CARTESIAN_POINT('',(1.236877717763,2.154336775527));
#2579 = CARTESIAN_POINT('',(1.282644992337,2.245448524866));
#2580 = CARTESIAN_POINT('',(1.328939653668,2.336208213808));
#2581 = CARTESIAN_POINT('',(1.375827893446,2.426560176323));
#2582 = CARTESIAN_POINT('',(1.42337843345,2.51644026318));
#2583 = CARTESIAN_POINT('',(1.471665730447,2.605774592651));
#2584 = CARTESIAN_POINT('',(1.520773181085,2.69447830123));
#2585 = CARTESIAN_POINT('',(1.570796326795,2.782454294339));
#2586 = ( GEOMETRIC_REPRESENTATION_CONTEXT(2) 
PARAMETRIC_REPRESENTATION_CONTEXT() REPRESENTATION_CONTEXT('2D SPACE',''
  ) );
#2587 = ORIENTED_EDGE('',*,*,#1335,.T.);
#2588 = ORIENTED_EDGE('',*,*,#2589,.T.);
#2589 = EDGE_CURVE('',#1313,#2590,#2592,.T.);
#2590 = VERTEX_POINT('',#2591);
#2591 = CARTESIAN_POINT('',(-67.6,-46.75,0.));
#2592 = SURFACE_CURVE('',#2593,(#2598,#2605),.PCURVE_S1.);
#2593 = CIRCLE('',#2594,1.);
#2594 = AXIS2_PLACEMENT_3D('',#2595,#2596,#2597);
#2595 = CARTESIAN_POINT('',(-67.6,-46.75,1.));
#2596 = DIRECTION('',(3.885780586188E-16,-1.,0.));
#2597 = DIRECTION('',(1.,3.885780586188E-16,0.));
#2598 = PCURVE('',#1352,#2599);
#2599 = DEFINITIONAL_REPRESENTATION('',(#2600),#2604);
#2600 = LINE('',#2601,#2602);
#2601 = CARTESIAN_POINT('',(1.272649004451,0.));
#2602 = VECTOR('',#2603,1.);
#2603 = DIRECTION('',(0.,1.));
#2604 = ( GEOMETRIC_REPRESENTATION_CONTEXT(2) 
PARAMETRIC_REPRESENTATION_CONTEXT() REPRESENTATION_CONTEXT('2D SPACE',''
  ) );
#2605 = PCURVE('',#1593,#2606);
#2606 = DEFINITIONAL_REPRESENTATION('',(#2607),#2611);
#2607 = LINE('',#2608,#2609);
#2608 = CARTESIAN_POINT('',(0.,0.));
#2609 = VECTOR('',#2610,1.);
#2610 = DIRECTION('',(0.,1.));
#2611 = ( GEOMETRIC_REPRESENTATION_CONTEXT(2) 
PARAMETRIC_REPRESENTATION_CONTEXT() REPRESENTATION_CONTEXT('2D SPACE',''
  ) );
#2612 = ORIENTED_EDGE('',*,*,#2613,.F.);
#2613 = EDGE_CURVE('',#2401,#2590,#2614,.T.);
#2614 = SURFACE_CURVE('',#2615,(#2620,#2627),.PCURVE_S1.);
#2615 = CIRCLE('',#2616,4.4);
#2616 = AXIS2_PLACEMENT_3D('',#2617,#2618,#2619);
#2617 = CARTESIAN_POINT('',(-72.,-46.75,0.));
#2618 = DIRECTION('',(-0.,0.,1.));
#2619 = DIRECTION('',(0.293749769933,-0.955882352941,0.));
#2620 = PCURVE('',#1352,#2621);
#2621 = DEFINITIONAL_REPRESENTATION('',(#2622),#2626);
#2622 = LINE('',#2623,#2624);
#2623 = CARTESIAN_POINT('',(0.,4.712388980385));
#2624 = VECTOR('',#2625,1.);
#2625 = DIRECTION('',(1.,0.));
#2626 = ( GEOMETRIC_REPRESENTATION_CONTEXT(2) 
PARAMETRIC_REPRESENTATION_CONTEXT() REPRESENTATION_CONTEXT('2D SPACE',''
  ) );
#2627 = PCURVE('',#2628,#2633);
#2628 = PLANE('',#2629);
#2629 = AXIS2_PLACEMENT_3D('',#2630,#2631,#2632);
#2630 = CARTESIAN_POINT('',(2.573324107366E-15,3.314553333944E-15,0.));
#2631 = DIRECTION('',(0.,0.,1.));
#2632 = DIRECTION('',(1.,0.,0.));
#2633 = DEFINITIONAL_REPRESENTATION('',(#2634),#2638);
#2634 = CIRCLE('',#2635,4.4);
#2635 = AXIS2_PLACEMENT_2D('',#2636,#2637);
#2636 = CARTESIAN_POINT('',(-72.,-46.75));
#2637 = DIRECTION('',(0.293749769933,-0.955882352941));
#2638 = ( GEOMETRIC_REPRESENTATION_CONTEXT(2) 
PARAMETRIC_REPRESENTATION_CONTEXT() REPRESENTATION_CONTEXT('2D SPACE',''
  ) );
#2639 = ADVANCED_FACE('',(#2640),#1540,.F.);
#2640 = FACE_BOUND('',#2641,.F.);
#2641 = EDGE_LOOP('',(#2642,#2643,#2666,#2857));
#2642 = ORIENTED_EDGE('',*,*,#2400,.T.);
#2643 = ORIENTED_EDGE('',*,*,#2644,.T.);
#2644 = EDGE_CURVE('',#2401,#2645,#2647,.T.);
#2645 = VERTEX_POINT('',#2646);
#2646 = CARTESIAN_POINT('',(68.218796487889,-49.,0.));
#2647 = SURFACE_CURVE('',#2648,(#2652,#2659),.PCURVE_S1.);
#2648 = LINE('',#2649,#2650);
#2649 = CARTESIAN_POINT('',(-71.00125078222,-49.,-2.22044604925E-16));
#2650 = VECTOR('',#2651,1.);
#2651 = DIRECTION('',(1.,0.,0.));
#2652 = PCURVE('',#1540,#2653);
#2653 = DEFINITIONAL_REPRESENTATION('',(#2654),#2658);
#2654 = LINE('',#2655,#2656);
#2655 = CARTESIAN_POINT('',(1.570796326795,0.));
#2656 = VECTOR('',#2657,1.);
#2657 = DIRECTION('',(0.,1.));
#2658 = ( GEOMETRIC_REPRESENTATION_CONTEXT(2) 
PARAMETRIC_REPRESENTATION_CONTEXT() REPRESENTATION_CONTEXT('2D SPACE',''
  ) );
#2659 = PCURVE('',#2628,#2660);
#2660 = DEFINITIONAL_REPRESENTATION('',(#2661),#2665);
#2661 = LINE('',#2662,#2663);
#2662 = CARTESIAN_POINT('',(-71.00125078222,-49.));
#2663 = VECTOR('',#2664,1.);
#2664 = DIRECTION('',(1.,0.));
#2665 = ( GEOMETRIC_REPRESENTATION_CONTEXT(2) 
PARAMETRIC_REPRESENTATION_CONTEXT() REPRESENTATION_CONTEXT('2D SPACE',''
  ) );
#2666 = ORIENTED_EDGE('',*,*,#2667,.F.);
#2667 = EDGE_CURVE('',#1499,#2645,#2668,.T.);
#2668 = SURFACE_CURVE('',#2669,(#2728,#2790),.PCURVE_S1.);
#2669 = B_SPLINE_CURVE_WITH_KNOTS('',8,(#2670,#2671,#2672,#2673,#2674,
    #2675,#2676,#2677,#2678,#2679,#2680,#2681,#2682,#2683,#2684,#2685,
    #2686,#2687,#2688,#2689,#2690,#2691,#2692,#2693,#2694,#2695,#2696,
    #2697,#2698,#2699,#2700,#2701,#2702,#2703,#2704,#2705,#2706,#2707,
    #2708,#2709,#2710,#2711,#2712,#2713,#2714,#2715,#2716,#2717,#2718,
    #2719,#2720,#2721,#2722,#2723,#2724,#2725,#2726,#2727),
  .UNSPECIFIED.,.F.,.F.,(9,7,7,7,7,7,7,7,9),(0.,2.653340152115E-02,
    4.596562136889E-02,7.801431147059E-02,0.153643078303,0.321241866802,
    0.484308178315,0.750698944359,1.),.UNSPECIFIED.);
#2670 = CARTESIAN_POINT('',(71.001250782228,-50.,1.));
#2671 = CARTESIAN_POINT('',(71.001250782228,-50.,0.990603437868));
#2672 = CARTESIAN_POINT('',(71.000578791774,-49.9998990659,0.98120439658
    ));
#2673 = CARTESIAN_POINT('',(70.999234477377,-49.99969718198,
    0.971849151214));
#2674 = CARTESIAN_POINT('',(70.997237836679,-49.99939693077,
    0.962575810686));
#2675 = CARTESIAN_POINT('',(70.994624123338,-49.99900284972,
    0.953415086762));
#2676 = CARTESIAN_POINT('',(70.991438771916,-49.99852078795,
    0.944391063082));
#2677 = CARTESIAN_POINT('',(70.98773232276,-49.99795726291,
    0.935521964171));
#2678 = CARTESIAN_POINT('',(70.980496262543,-49.99685123964,
    0.920448559555));
#2679 = CARTESIAN_POINT('',(70.977183845751,-49.99634333421,
    0.914164235452));
#2680 = CARTESIAN_POINT('',(70.973636852221,-49.99579749562,
    0.907970745737));
#2681 = CARTESIAN_POINT('',(70.969873563004,-49.99521605756,
    0.901869490452));
#2682 = CARTESIAN_POINT('',(70.965911421655,-49.99460124332,
    0.895860631062));
#2683 = CARTESIAN_POINT('',(70.961766671399,-49.99395511666,
    0.889943245428));
#2684 = CARTESIAN_POINT('',(70.957453992292,-49.99327953259,
    0.884115482779));
#2685 = CARTESIAN_POINT('',(70.945617506988,-49.99141592895,
    0.868906733512));
#2686 = CARTESIAN_POINT('',(70.937829047829,-49.99018034447,
    0.859678089272));
#2687 = CARTESIAN_POINT('',(70.929677683813,-49.9888764153,
    0.850675241775));
#2688 = CARTESIAN_POINT('',(70.921212172513,-49.98751023218,
    0.841885197822));
#2689 = CARTESIAN_POINT('',(70.912473559701,-49.98608692218,
    0.833295244389));
#2690 = CARTESIAN_POINT('',(70.903495632873,-49.98461067482,
    0.824892677807));
#2691 = CARTESIAN_POINT('',(70.894305374779,-49.98308476818,
    0.816664532948));
#2692 = CARTESIAN_POINT('',(70.862783794424,-49.97779920786,
    0.789560217937));
#2693 = CARTESIAN_POINT('',(70.839601226222,-49.97382769783,
    0.771440352371));
#2694 = CARTESIAN_POINT('',(70.815651564749,-49.96962944591,
    0.754060384956));
#2695 = CARTESIAN_POINT('',(70.791112899364,-49.96522535175,
    0.737313919632));
#2696 = CARTESIAN_POINT('',(70.766112718341,-49.96063081098,
    0.721120225064));
#2697 = CARTESIAN_POINT('',(70.74074161178,-49.9558567718,0.705410764841
    ));
#2698 = CARTESIAN_POINT('',(70.715054461496,-49.95090899491,
    0.690128036849));
#2699 = CARTESIAN_POINT('',(70.631518930161,-49.93444156733,
    0.64217381198));
#2700 = CARTESIAN_POINT('',(70.572656242444,-49.92226849084,
    0.61101989576));
#2701 = CARTESIAN_POINT('',(70.512970801135,-49.90931882766,
    0.581248337917));
#2702 = CARTESIAN_POINT('',(70.452688720635,-49.89561681501,
    0.552658321078));
#2703 = CARTESIAN_POINT('',(70.391985066295,-49.88118381157,
    0.525085540923));
#2704 = CARTESIAN_POINT('',(70.33095649522,-49.86603195821,
    0.498437491578));
#2705 = CARTESIAN_POINT('',(70.269668137326,-49.85016816618,
    0.472634173442));
#2706 = CARTESIAN_POINT('',(70.14828777323,-49.81746201837,
    0.423277865295));
#2707 = CARTESIAN_POINT('',(70.088235304727,-49.80066499746,
    0.399693597808));
#2708 = CARTESIAN_POINT('',(70.028038954676,-49.78320647978,
    0.376820230878));
#2709 = CARTESIAN_POINT('',(69.967736346489,-49.76509240288,
    0.354632438127));
#2710 = CARTESIAN_POINT('',(69.9073569277,-49.74632838082,0.33311718122)
  );
#2711 = CARTESIAN_POINT('',(69.846924973083,-49.72691990772,
    0.312269013775));
#2712 = CARTESIAN_POINT('',(69.786461095669,-49.70687242164,
    0.292087793611));
#2713 = CARTESIAN_POINT('',(69.627181957388,-49.65240571711,
    0.240708242002));
#2714 = CARTESIAN_POINT('',(69.528346536118,-49.61693058117,
    0.210632846328));
#2715 = CARTESIAN_POINT('',(69.429552160364,-49.57978988363,
    0.182375376083));
#2716 = CARTESIAN_POINT('',(69.330863023568,-49.54101054778,
    0.155992384838));
#2717 = CARTESIAN_POINT('',(69.232337850075,-49.50062338046,
    0.131563598507));
#2718 = CARTESIAN_POINT('',(69.134034307258,-49.45866403384,
    0.109185724318));
#2719 = CARTESIAN_POINT('',(69.036011333845,-49.41517390602,
    8.897069019246E-02));
#2720 = CARTESIAN_POINT('',(68.846914004415,-49.32811319369,
    5.42757091959E-02));
#2721 = CARTESIAN_POINT('',(68.75580225071,-49.28472899088,
    3.951162534101E-02));
#2722 = CARTESIAN_POINT('',(68.665042560276,-49.24008746426,
    2.686221067027E-02));
#2723 = CARTESIAN_POINT('',(68.574690597797,-49.19423501798,
    1.644617582629E-02));
#2724 = CARTESIAN_POINT('',(68.484810508924,-49.14722715279,
    8.39604883849E-03));
#2725 = CARTESIAN_POINT('',(68.395476173523,-49.09913025057,
    2.859429594138E-03));
#2726 = CARTESIAN_POINT('',(68.306772458923,-49.05002335882,
    2.443093303421E-07));
#2727 = CARTESIAN_POINT('',(68.218796473167,-48.99999997525,0.));
#2728 = PCURVE('',#1540,#2729);
#2729 = DEFINITIONAL_REPRESENTATION('',(#2730),#2789);
#2730 = B_SPLINE_CURVE_WITH_KNOTS('',8,(#2731,#2732,#2733,#2734,#2735,
    #2736,#2737,#2738,#2739,#2740,#2741,#2742,#2743,#2744,#2745,#2746,
    #2747,#2748,#2749,#2750,#2751,#2752,#2753,#2754,#2755,#2756,#2757,
    #2758,#2759,#2760,#2761,#2762,#2763,#2764,#2765,#2766,#2767,#2768,
    #2769,#2770,#2771,#2772,#2773,#2774,#2775,#2776,#2777,#2778,#2779,
    #2780,#2781,#2782,#2783,#2784,#2785,#2786,#2787,#2788),
  .UNSPECIFIED.,.F.,.F.,(9,7,7,7,7,7,7,7,9),(0.,2.653340152115E-02,
    4.596562136889E-02,7.801431147059E-02,0.153643078303,0.321241866802,
    0.484308178315,0.750698944359,1.),.UNSPECIFIED.);
#2731 = CARTESIAN_POINT('',(0.,142.00250156445));
#2732 = CARTESIAN_POINT('',(9.396562132425E-03,142.00250156445));
#2733 = CARTESIAN_POINT('',(1.879559166145E-02,142.001829574));
#2734 = CARTESIAN_POINT('',(2.815211603252E-02,142.0004852596));
#2735 = CARTESIAN_POINT('',(3.742926217842E-02,141.9984886189));
#2736 = CARTESIAN_POINT('',(4.659744335329E-02,141.99587490556));
#2737 = CARTESIAN_POINT('',(5.56335459666E-02,141.99268955414));
#2738 = CARTESIAN_POINT('',(6.452011641716E-02,141.98898310498));
#2739 = CARTESIAN_POINT('',(7.963404423854E-02,141.98174704477));
#2740 = CARTESIAN_POINT('',(8.593868635147E-02,141.97843462797));
#2741 = CARTESIAN_POINT('',(9.215591248077E-02,141.97488763444));
#2742 = CARTESIAN_POINT('',(9.82845068227E-02,141.97112434523));
#2743 = CARTESIAN_POINT('',(0.104324453069,141.96716220388));
#2744 = CARTESIAN_POINT('',(0.110276787923,141.96301745362));
#2745 = CARTESIAN_POINT('',(0.11614345461,141.95870477452));
#2746 = CARTESIAN_POINT('',(0.13146595678,141.94686828921));
#2747 = CARTESIAN_POINT('',(0.140776368948,141.93907983005));
#2748 = CARTESIAN_POINT('',(0.149872290299,141.93092846604));
#2749 = CARTESIAN_POINT('',(0.158766940432,141.92246295474));
#2750 = CARTESIAN_POINT('',(0.167473174715,141.91372434192));
#2751 = CARTESIAN_POINT('',(0.176003797843,141.9047464151));
#2752 = CARTESIAN_POINT('',(0.184371877413,141.895556157));
#2753 = CARTESIAN_POINT('',(0.211986747322,141.86403457665));
#2754 = CARTESIAN_POINT('',(0.230531769985,141.84085200845));
#2755 = CARTESIAN_POINT('',(0.248405052903,141.81690234697));
#2756 = CARTESIAN_POINT('',(0.265714190215,141.79236368159));
#2757 = CARTESIAN_POINT('',(0.282541025618,141.76736350056));
#2758 = CARTESIAN_POINT('',(0.298955389683,141.741992394));
#2759 = CARTESIAN_POINT('',(0.315016563031,141.71630524372));
#2760 = CARTESIAN_POINT('',(0.365719460914,141.63276971238));
#2761 = CARTESIAN_POINT('',(0.399138105948,141.57390702467));
#2762 = CARTESIAN_POINT('',(0.431566388603,141.51422158336));
#2763 = CARTESIAN_POINT('',(0.463228378825,141.45393950286));
#2764 = CARTESIAN_POINT('',(0.494312414778,141.39323584852));
#2765 = CARTESIAN_POINT('',(0.52493660428,141.33220727744));
#2766 = CARTESIAN_POINT('',(0.555208926318,141.27091891955));
#2767 = CARTESIAN_POINT('',(0.614418192981,141.14953855545));
#2768 = CARTESIAN_POINT('',(0.643356218459,141.08948608695));
#2769 = CARTESIAN_POINT('',(0.672104908464,141.0292897369));
#2770 = CARTESIAN_POINT('',(0.700717348073,140.96898712871));
#2771 = CARTESIAN_POINT('',(0.729235357248,140.90860770992));
#2772 = CARTESIAN_POINT('',(0.757694281852,140.84817575531));
#2773 = CARTESIAN_POINT('',(0.786125448715,140.78771187789));
#2774 = CARTESIAN_POINT('',(0.861001881766,140.62843273961));
#2775 = CARTESIAN_POINT('',(0.907444794525,140.52959731834));
#2776 = CARTESIAN_POINT('',(0.954004221161,140.43080294259));
#2777 = CARTESIAN_POINT('',(1.000775028214,140.33211380579));
#2778 = CARTESIAN_POINT('',(1.047839277722,140.2335886323));
#2779 = CARTESIAN_POINT('',(1.095274456476,140.13528508948));
#2780 = CARTESIAN_POINT('',(1.143158407449,140.03726211607));
#2781 = CARTESIAN_POINT('',(1.236877718895,139.84816478664));
#2782 = CARTESIAN_POINT('',(1.282644990544,139.75705303293));
#2783 = CARTESIAN_POINT('',(1.328939656227,139.6662933425));
#2784 = CARTESIAN_POINT('',(1.375827903767,139.57594138002));
#2785 = CARTESIAN_POINT('',(1.423378445829,139.48606129115));
#2786 = CARTESIAN_POINT('',(1.471665734831,139.39672695575));
#2787 = CARTESIAN_POINT('',(1.520773177851,139.30802324115));
#2788 = CARTESIAN_POINT('',(1.570796351536,139.22004725539));
#2789 = ( GEOMETRIC_REPRESENTATION_CONTEXT(2) 
PARAMETRIC_REPRESENTATION_CONTEXT() REPRESENTATION_CONTEXT('2D SPACE',''
  ) );
#2790 = PCURVE('',#2791,#2796);
#2791 = TOROIDAL_SURFACE('',#2792,4.4,1.);
#2792 = AXIS2_PLACEMENT_3D('',#2793,#2794,#2795);
#2793 = CARTESIAN_POINT('',(72.,-46.75,1.));
#2794 = DIRECTION('',(0.,0.,1.));
#2795 = DIRECTION('',(0.955882352941,0.293749769933,0.));
#2796 = DEFINITIONAL_REPRESENTATION('',(#2797),#2856);
#2797 = B_SPLINE_CURVE_WITH_KNOTS('',8,(#2798,#2799,#2800,#2801,#2802,
    #2803,#2804,#2805,#2806,#2807,#2808,#2809,#2810,#2811,#2812,#2813,
    #2814,#2815,#2816,#2817,#2818,#2819,#2820,#2821,#2822,#2823,#2824,
    #2825,#2826,#2827,#2828,#2829,#2830,#2831,#2832,#2833,#2834,#2835,
    #2836,#2837,#2838,#2839,#2840,#2841,#2842,#2843,#2844,#2845,#2846,
    #2847,#2848,#2849,#2850,#2851,#2852,#2853,#2854,#2855),
  .UNSPECIFIED.,.F.,.F.,(9,7,7,7,7,7,7,7,9),(0.,2.653340152115E-02,
    4.596562136889E-02,7.801431147059E-02,0.153643078303,0.321241866802,
    0.484308178315,0.750698944359,1.),.UNSPECIFIED.);
#2798 = CARTESIAN_POINT('',(4.116094335696,3.14159265359));
#2799 = CARTESIAN_POINT('',(4.116094335696,3.150989215722));
#2800 = CARTESIAN_POINT('',(4.115896692227,3.160388245251));
#2801 = CARTESIAN_POINT('',(4.115501304324,3.169744769622));
#2802 = CARTESIAN_POINT('',(4.114914089876,3.179021915768));
#2803 = CARTESIAN_POINT('',(4.114145483068,3.188190096943));
#2804 = CARTESIAN_POINT('',(4.113208931816,3.197226199556));
#2805 = CARTESIAN_POINT('',(4.112119395203,3.206112770007));
#2806 = CARTESIAN_POINT('',(4.109992819181,3.221226697828));
#2807 = CARTESIAN_POINT('',(4.109019487647,3.227531339941));
#2808 = CARTESIAN_POINT('',(4.107977400275,3.233748566071));
#2809 = CARTESIAN_POINT('',(4.106871970935,3.239877160412));
#2810 = CARTESIAN_POINT('',(4.105708366227,3.245917106659));
#2811 = CARTESIAN_POINT('',(4.104491398298,3.251869441512));
#2812 = CARTESIAN_POINT('',(4.103225417663,3.257736108199));
#2813 = CARTESIAN_POINT('',(4.099751683367,3.27305861037));
#2814 = CARTESIAN_POINT('',(4.097466791896,3.282369022538));
#2815 = CARTESIAN_POINT('',(4.095076414014,3.291464943888));
#2816 = CARTESIAN_POINT('',(4.092595012508,3.300359594022));
#2817 = CARTESIAN_POINT('',(4.09003476726,3.309065828304));
#2818 = CARTESIAN_POINT('',(4.087405711959,3.317596451433));
#2819 = CARTESIAN_POINT('',(4.084715870814,3.325964531003));
#2820 = CARTESIAN_POINT('',(4.075494958931,3.353579400912));
#2821 = CARTESIAN_POINT('',(4.068721471101,3.372124423574));
#2822 = CARTESIAN_POINT('',(4.061733139382,3.389997706493));
#2823 = CARTESIAN_POINT('',(4.054583177413,3.407306843805));
#2824 = CARTESIAN_POINT('',(4.047309748857,3.424133679208));
#2825 = CARTESIAN_POINT('',(4.039940073806,3.440548043273));
#2826 = CARTESIAN_POINT('',(4.032490860993,3.456609216621));
#2827 = CARTESIAN_POINT('',(4.008307184129,3.507312114504));
#2828 = CARTESIAN_POINT('',(3.991328899618,3.540730759538));
#2829 = CARTESIAN_POINT('',(3.974183046283,3.573159042193));
#2830 = CARTESIAN_POINT('',(3.956940911145,3.604821032415));
#2831 = CARTESIAN_POINT('',(3.9396581947,3.635905068367));
#2832 = CARTESIAN_POINT('',(3.922367136886,3.66652925787));
#2833 = CARTESIAN_POINT('',(3.905090608369,3.696801579908));
#2834 = CARTESIAN_POINT('',(3.871056272433,3.75601084657));
#2835 = CARTESIAN_POINT('',(3.854304664444,3.784948872049));
#2836 = CARTESIAN_POINT('',(3.837603260195,3.813697562054));
#2837 = CARTESIAN_POINT('',(3.82096594647,3.842310001663));
#2838 = CARTESIAN_POINT('',(3.804403931546,3.870828010838));
#2839 = CARTESIAN_POINT('',(3.787926641063,3.899286935442));
#2840 = CARTESIAN_POINT('',(3.771542174366,3.927718102305));
#2841 = CARTESIAN_POINT('',(3.728653822247,4.002594535356));
#2842 = CARTESIAN_POINT('',(3.702317464118,4.049037448115));
#2843 = CARTESIAN_POINT('',(3.676278400167,4.095596874751));
#2844 = CARTESIAN_POINT('',(3.650561317333,4.142367681804));
#2845 = CARTESIAN_POINT('',(3.625187278894,4.189431931312));
#2846 = CARTESIAN_POINT('',(3.600174958367,4.236867110066));
#2847 = CARTESIAN_POINT('',(3.575541264691,4.284751061039));
#2848 = CARTESIAN_POINT('',(3.52861651025,4.378470372485));
#2849 = CARTESIAN_POINT('',(3.506277781565,4.424237652051));
#2850 = CARTESIAN_POINT('',(3.484297267879,4.470532312267));
#2851 = CARTESIAN_POINT('',(3.462687304628,4.517420547975));
#2852 = CARTESIAN_POINT('',(3.441460611942,4.564971088683));
#2853 = CARTESIAN_POINT('',(3.420630439149,4.61325839497));
#2854 = CARTESIAN_POINT('',(3.400210709281,4.66236585489));
#2855 = CARTESIAN_POINT('',(3.380216163574,4.712388980385));
#2856 = ( GEOMETRIC_REPRESENTATION_CONTEXT(2) 
PARAMETRIC_REPRESENTATION_CONTEXT() REPRESENTATION_CONTEXT('2D SPACE',''
  ) );
#2857 = ORIENTED_EDGE('',*,*,#1526,.F.);
#2858 = ADVANCED_FACE('',(#2859),#1514,.T.);
#2859 = FACE_BOUND('',#2860,.F.);
#2860 = EDGE_LOOP('',(#2861,#2862,#2886,#2914));
#2861 = ORIENTED_EDGE('',*,*,#1498,.T.);
#2862 = ORIENTED_EDGE('',*,*,#2863,.F.);
#2863 = EDGE_CURVE('',#2864,#1499,#2866,.T.);
#2864 = VERTEX_POINT('',#2865);
#2865 = CARTESIAN_POINT('',(75.25,-45.75125078222,1.));
#2866 = SURFACE_CURVE('',#2867,(#2872,#2879),.PCURVE_S1.);
#2867 = CIRCLE('',#2868,3.4);
#2868 = AXIS2_PLACEMENT_3D('',#2869,#2870,#2871);
#2869 = CARTESIAN_POINT('',(72.,-46.75,1.));
#2870 = DIRECTION('',(0.,-0.,1.));
#2871 = DIRECTION('',(0.955882352941,0.293749769933,0.));
#2872 = PCURVE('',#1514,#2873);
#2873 = DEFINITIONAL_REPRESENTATION('',(#2874),#2878);
#2874 = LINE('',#2875,#2876);
#2875 = CARTESIAN_POINT('',(-0.298147322344,-1.));
#2876 = VECTOR('',#2877,1.);
#2877 = DIRECTION('',(-1.,0.));
#2878 = ( GEOMETRIC_REPRESENTATION_CONTEXT(2) 
PARAMETRIC_REPRESENTATION_CONTEXT() REPRESENTATION_CONTEXT('2D SPACE',''
  ) );
#2879 = PCURVE('',#2791,#2880);
#2880 = DEFINITIONAL_REPRESENTATION('',(#2881),#2885);
#2881 = LINE('',#2882,#2883);
#2882 = CARTESIAN_POINT('',(0.,3.14159265359));
#2883 = VECTOR('',#2884,1.);
#2884 = DIRECTION('',(1.,0.));
#2885 = ( GEOMETRIC_REPRESENTATION_CONTEXT(2) 
PARAMETRIC_REPRESENTATION_CONTEXT() REPRESENTATION_CONTEXT('2D SPACE',''
  ) );
#2886 = ORIENTED_EDGE('',*,*,#2887,.F.);
#2887 = EDGE_CURVE('',#2888,#2864,#2890,.T.);
#2888 = VERTEX_POINT('',#2889);
#2889 = CARTESIAN_POINT('',(75.25,-45.75125078222,4.5));
#2890 = SURFACE_CURVE('',#2891,(#2895,#2902),.PCURVE_S1.);
#2891 = LINE('',#2892,#2893);
#2892 = CARTESIAN_POINT('',(75.25,-45.75125078222,0.));
#2893 = VECTOR('',#2894,1.);
#2894 = DIRECTION('',(-0.,-0.,-1.));
#2895 = PCURVE('',#1514,#2896);
#2896 = DEFINITIONAL_REPRESENTATION('',(#2897),#2901);
#2897 = LINE('',#2898,#2899);
#2898 = CARTESIAN_POINT('',(-0.298147322344,0.));
#2899 = VECTOR('',#2900,1.);
#2900 = DIRECTION('',(-0.,1.));
#2901 = ( GEOMETRIC_REPRESENTATION_CONTEXT(2) 
PARAMETRIC_REPRESENTATION_CONTEXT() REPRESENTATION_CONTEXT('2D SPACE',''
  ) );
#2902 = PCURVE('',#2903,#2908);
#2903 = PLANE('',#2904);
#2904 = AXIS2_PLACEMENT_3D('',#2905,#2906,#2907);
#2905 = CARTESIAN_POINT('',(75.25,-47.00000000004,0.));
#2906 = DIRECTION('',(-1.,0.,0.));
#2907 = DIRECTION('',(0.,1.,0.));
#2908 = DEFINITIONAL_REPRESENTATION('',(#2909),#2913);
#2909 = LINE('',#2910,#2911);
#2910 = CARTESIAN_POINT('',(1.248749217817,0.));
#2911 = VECTOR('',#2912,1.);
#2912 = DIRECTION('',(0.,1.));
#2913 = ( GEOMETRIC_REPRESENTATION_CONTEXT(2) 
PARAMETRIC_REPRESENTATION_CONTEXT() REPRESENTATION_CONTEXT('2D SPACE',''
  ) );
#2914 = ORIENTED_EDGE('',*,*,#2915,.T.);
#2915 = EDGE_CURVE('',#2888,#1471,#2916,.T.);
#2916 = SURFACE_CURVE('',#2917,(#2922,#2929),.PCURVE_S1.);
#2917 = CIRCLE('',#2918,3.4);
#2918 = AXIS2_PLACEMENT_3D('',#2919,#2920,#2921);
#2919 = CARTESIAN_POINT('',(72.,-46.75,4.5));
#2920 = DIRECTION('',(0.,0.,1.));
#2921 = DIRECTION('',(1.,0.,0.));
#2922 = PCURVE('',#1514,#2923);
#2923 = DEFINITIONAL_REPRESENTATION('',(#2924),#2928);
#2924 = LINE('',#2925,#2926);
#2925 = CARTESIAN_POINT('',(-0.,-4.5));
#2926 = VECTOR('',#2927,1.);
#2927 = DIRECTION('',(-1.,0.));
#2928 = ( GEOMETRIC_REPRESENTATION_CONTEXT(2) 
PARAMETRIC_REPRESENTATION_CONTEXT() REPRESENTATION_CONTEXT('2D SPACE',''
  ) );
#2929 = PCURVE('',#1486,#2930);
#2930 = DEFINITIONAL_REPRESENTATION('',(#2931),#2935);
#2931 = CIRCLE('',#2932,3.4);
#2932 = AXIS2_PLACEMENT_2D('',#2933,#2934);
#2933 = CARTESIAN_POINT('',(72.,-46.75));
#2934 = DIRECTION('',(1.,0.));
#2935 = ( GEOMETRIC_REPRESENTATION_CONTEXT(2) 
PARAMETRIC_REPRESENTATION_CONTEXT() REPRESENTATION_CONTEXT('2D SPACE',''
  ) );
#2936 = ADVANCED_FACE('',(#2937,#2990),#1486,.T.);
#2937 = FACE_BOUND('',#2938,.T.);
#2938 = EDGE_LOOP('',(#2939,#2962,#2963,#2964));
#2939 = ORIENTED_EDGE('',*,*,#2940,.T.);
#2940 = EDGE_CURVE('',#2941,#2888,#2943,.T.);
#2941 = VERTEX_POINT('',#2942);
#2942 = CARTESIAN_POINT('',(75.25,-47.00000000004,4.5));
#2943 = SURFACE_CURVE('',#2944,(#2948,#2955),.PCURVE_S1.);
#2944 = LINE('',#2945,#2946);
#2945 = CARTESIAN_POINT('',(75.25,-23.50000000002,4.5));
#2946 = VECTOR('',#2947,1.);
#2947 = DIRECTION('',(0.,1.,0.));
#2948 = PCURVE('',#1486,#2949);
#2949 = DEFINITIONAL_REPRESENTATION('',(#2950),#2954);
#2950 = LINE('',#2951,#2952);
#2951 = CARTESIAN_POINT('',(75.25,-23.50000000002));
#2952 = VECTOR('',#2953,1.);
#2953 = DIRECTION('',(0.,1.));
#2954 = ( GEOMETRIC_REPRESENTATION_CONTEXT(2) 
PARAMETRIC_REPRESENTATION_CONTEXT() REPRESENTATION_CONTEXT('2D SPACE',''
  ) );
#2955 = PCURVE('',#2903,#2956);
#2956 = DEFINITIONAL_REPRESENTATION('',(#2957),#2961);
#2957 = LINE('',#2958,#2959);
#2958 = CARTESIAN_POINT('',(23.500000000023,-4.5));
#2959 = VECTOR('',#2960,1.);
#2960 = DIRECTION('',(1.,0.));
#2961 = ( GEOMETRIC_REPRESENTATION_CONTEXT(2) 
PARAMETRIC_REPRESENTATION_CONTEXT() REPRESENTATION_CONTEXT('2D SPACE',''
  ) );
#2962 = ORIENTED_EDGE('',*,*,#2915,.T.);
#2963 = ORIENTED_EDGE('',*,*,#1470,.T.);
#2964 = ORIENTED_EDGE('',*,*,#2965,.F.);
#2965 = EDGE_CURVE('',#2941,#1443,#2966,.T.);
#2966 = SURFACE_CURVE('',#2967,(#2972,#2983),.PCURVE_S1.);
#2967 = CIRCLE('',#2968,3.);
#2968 = AXIS2_PLACEMENT_3D('',#2969,#2970,#2971);
#2969 = CARTESIAN_POINT('',(72.25,-47.,4.5));
#2970 = DIRECTION('',(0.,0.,-1.));
#2971 = DIRECTION('',(1.,0.,0.));
#2972 = PCURVE('',#1486,#2973);
#2973 = DEFINITIONAL_REPRESENTATION('',(#2974),#2982);
#2974 = ( BOUNDED_CURVE() B_SPLINE_CURVE(2,(#2975,#2976,#2977,#2978,
#2979,#2980,#2981),.UNSPECIFIED.,.T.,.F.) B_SPLINE_CURVE_WITH_KNOTS((1,2
    ,2,2,2,1),(-2.094395102393,0.,2.094395102393,4.188790204786,
6.28318530718,8.377580409573),.UNSPECIFIED.) CURVE() 
GEOMETRIC_REPRESENTATION_ITEM() RATIONAL_B_SPLINE_CURVE((1.,0.5,1.,0.5,
1.,0.5,1.)) REPRESENTATION_ITEM('') );
#2975 = CARTESIAN_POINT('',(75.25,-47.));
#2976 = CARTESIAN_POINT('',(75.25,-52.1961524227));
#2977 = CARTESIAN_POINT('',(70.75,-49.59807621135));
#2978 = CARTESIAN_POINT('',(66.25,-47.));
#2979 = CARTESIAN_POINT('',(70.75,-44.40192378864));
#2980 = CARTESIAN_POINT('',(75.25,-41.80384757729));
#2981 = CARTESIAN_POINT('',(75.25,-47.));
#2982 = ( GEOMETRIC_REPRESENTATION_CONTEXT(2) 
PARAMETRIC_REPRESENTATION_CONTEXT() REPRESENTATION_CONTEXT('2D SPACE',''
  ) );
#2983 = PCURVE('',#1458,#2984);
#2984 = DEFINITIONAL_REPRESENTATION('',(#2985),#2989);
#2985 = LINE('',#2986,#2987);
#2986 = CARTESIAN_POINT('',(-6.28318530718,-4.5));
#2987 = VECTOR('',#2988,1.);
#2988 = DIRECTION('',(1.,-0.));
#2989 = ( GEOMETRIC_REPRESENTATION_CONTEXT(2) 
PARAMETRIC_REPRESENTATION_CONTEXT() REPRESENTATION_CONTEXT('2D SPACE',''
  ) );
#2990 = FACE_BOUND('',#2991,.T.);
#2991 = EDGE_LOOP('',(#2992));
#2992 = ORIENTED_EDGE('',*,*,#2993,.F.);
#2993 = EDGE_CURVE('',#2994,#2994,#2996,.T.);
#2994 = VERTEX_POINT('',#2995);
#2995 = CARTESIAN_POINT('',(73.4,-46.75,4.5));
#2996 = SURFACE_CURVE('',#2997,(#3002,#3009),.PCURVE_S1.);
#2997 = CIRCLE('',#2998,1.4);
#2998 = AXIS2_PLACEMENT_3D('',#2999,#3000,#3001);
#2999 = CARTESIAN_POINT('',(72.,-46.75,4.5));
#3000 = DIRECTION('',(0.,0.,1.));
#3001 = DIRECTION('',(1.,0.,0.));
#3002 = PCURVE('',#1486,#3003);
#3003 = DEFINITIONAL_REPRESENTATION('',(#3004),#3008);
#3004 = CIRCLE('',#3005,1.4);
#3005 = AXIS2_PLACEMENT_2D('',#3006,#3007);
#3006 = CARTESIAN_POINT('',(72.,-46.75));
#3007 = DIRECTION('',(1.,0.));
#3008 = ( GEOMETRIC_REPRESENTATION_CONTEXT(2) 
PARAMETRIC_REPRESENTATION_CONTEXT() REPRESENTATION_CONTEXT('2D SPACE',''
  ) );
#3009 = PCURVE('',#2385,#3010);
#3010 = DEFINITIONAL_REPRESENTATION('',(#3011),#3015);
#3011 = LINE('',#3012,#3013);
#3012 = CARTESIAN_POINT('',(0.,0.));
#3013 = VECTOR('',#3014,1.);
#3014 = DIRECTION('',(1.,0.));
#3015 = ( GEOMETRIC_REPRESENTATION_CONTEXT(2) 
PARAMETRIC_REPRESENTATION_CONTEXT() REPRESENTATION_CONTEXT('2D SPACE',''
  ) );
#3016 = ADVANCED_FACE('',(#3017),#1430,.T.);
#3017 = FACE_BOUND('',#3018,.T.);
#3018 = EDGE_LOOP('',(#3019,#3045,#3068,#3092,#3115,#3139,#3162,#3186,
    #3209,#3237,#3265,#3294,#3317,#3339,#3340,#3341,#3342,#3366,#3389,
    #3417));
#3019 = ORIENTED_EDGE('',*,*,#3020,.T.);
#3020 = EDGE_CURVE('',#3021,#3023,#3025,.T.);
#3021 = VERTEX_POINT('',#3022);
#3022 = CARTESIAN_POINT('',(-72.25,52.,6.));
#3023 = VERTEX_POINT('',#3024);
#3024 = CARTESIAN_POINT('',(-77.25,47.000000000016,6.));
#3025 = SURFACE_CURVE('',#3026,(#3031,#3038),.PCURVE_S1.);
#3026 = CIRCLE('',#3027,5.);
#3027 = AXIS2_PLACEMENT_3D('',#3028,#3029,#3030);
#3028 = CARTESIAN_POINT('',(-72.25,47.,6.));
#3029 = DIRECTION('',(0.,0.,1.));
#3030 = DIRECTION('',(1.,0.,0.));
#3031 = PCURVE('',#1430,#3032);
#3032 = DEFINITIONAL_REPRESENTATION('',(#3033),#3037);
#3033 = CIRCLE('',#3034,5.);
#3034 = AXIS2_PLACEMENT_2D('',#3035,#3036);
#3035 = CARTESIAN_POINT('',(-72.25,47.));
#3036 = DIRECTION('',(1.,0.));
#3037 = ( GEOMETRIC_REPRESENTATION_CONTEXT(2) 
PARAMETRIC_REPRESENTATION_CONTEXT() REPRESENTATION_CONTEXT('2D SPACE',''
  ) );
#3038 = PCURVE('',#1915,#3039);
#3039 = DEFINITIONAL_REPRESENTATION('',(#3040),#3044);
#3040 = LINE('',#3041,#3042);
#3041 = CARTESIAN_POINT('',(-0.,-6.));
#3042 = VECTOR('',#3043,1.);
#3043 = DIRECTION('',(-1.,0.));
#3044 = ( GEOMETRIC_REPRESENTATION_CONTEXT(2) 
PARAMETRIC_REPRESENTATION_CONTEXT() REPRESENTATION_CONTEXT('2D SPACE',''
  ) );
#3045 = ORIENTED_EDGE('',*,*,#3046,.T.);
#3046 = EDGE_CURVE('',#3023,#3047,#3049,.T.);
#3047 = VERTEX_POINT('',#3048);
#3048 = CARTESIAN_POINT('',(-77.25,-47.,6.));
#3049 = SURFACE_CURVE('',#3050,(#3054,#3061),.PCURVE_S1.);
#3050 = LINE('',#3051,#3052);
#3051 = CARTESIAN_POINT('',(-77.25,47.000000000016,6.));
#3052 = VECTOR('',#3053,1.);
#3053 = DIRECTION('',(0.,-1.,0.));
#3054 = PCURVE('',#1430,#3055);
#3055 = DEFINITIONAL_REPRESENTATION('',(#3056),#3060);
#3056 = LINE('',#3057,#3058);
#3057 = CARTESIAN_POINT('',(-77.25,47.000000000016));
#3058 = VECTOR('',#3059,1.);
#3059 = DIRECTION('',(0.,-1.));
#3060 = ( GEOMETRIC_REPRESENTATION_CONTEXT(2) 
PARAMETRIC_REPRESENTATION_CONTEXT() REPRESENTATION_CONTEXT('2D SPACE',''
  ) );
#3061 = PCURVE('',#1860,#3062);
#3062 = DEFINITIONAL_REPRESENTATION('',(#3063),#3067);
#3063 = LINE('',#3064,#3065);
#3064 = CARTESIAN_POINT('',(0.,-6.));
#3065 = VECTOR('',#3066,1.);
#3066 = DIRECTION('',(1.,0.));
#3067 = ( GEOMETRIC_REPRESENTATION_CONTEXT(2) 
PARAMETRIC_REPRESENTATION_CONTEXT() REPRESENTATION_CONTEXT('2D SPACE',''
  ) );
#3068 = ORIENTED_EDGE('',*,*,#3069,.T.);
#3069 = EDGE_CURVE('',#3047,#3070,#3072,.T.);
#3070 = VERTEX_POINT('',#3071);
#3071 = CARTESIAN_POINT('',(-72.25,-52.,6.));
#3072 = SURFACE_CURVE('',#3073,(#3078,#3085),.PCURVE_S1.);
#3073 = CIRCLE('',#3074,5.);
#3074 = AXIS2_PLACEMENT_3D('',#3075,#3076,#3077);
#3075 = CARTESIAN_POINT('',(-72.25,-47.,6.));
#3076 = DIRECTION('',(0.,0.,1.));
#3077 = DIRECTION('',(1.,0.,0.));
#3078 = PCURVE('',#1430,#3079);
#3079 = DEFINITIONAL_REPRESENTATION('',(#3080),#3084);
#3080 = CIRCLE('',#3081,5.);
#3081 = AXIS2_PLACEMENT_2D('',#3082,#3083);
#3082 = CARTESIAN_POINT('',(-72.25,-47.));
#3083 = DIRECTION('',(1.,0.));
#3084 = ( GEOMETRIC_REPRESENTATION_CONTEXT(2) 
PARAMETRIC_REPRESENTATION_CONTEXT() REPRESENTATION_CONTEXT('2D SPACE',''
  ) );
#3085 = PCURVE('',#1970,#3086);
#3086 = DEFINITIONAL_REPRESENTATION('',(#3087),#3091);
#3087 = LINE('',#3088,#3089);
#3088 = CARTESIAN_POINT('',(-0.,-6.));
#3089 = VECTOR('',#3090,1.);
#3090 = DIRECTION('',(-1.,0.));
#3091 = ( GEOMETRIC_REPRESENTATION_CONTEXT(2) 
PARAMETRIC_REPRESENTATION_CONTEXT() REPRESENTATION_CONTEXT('2D SPACE',''
  ) );
#3092 = ORIENTED_EDGE('',*,*,#3093,.T.);
#3093 = EDGE_CURVE('',#3070,#3094,#3096,.T.);
#3094 = VERTEX_POINT('',#3095);
#3095 = CARTESIAN_POINT('',(72.25,-52.,6.));
#3096 = SURFACE_CURVE('',#3097,(#3101,#3108),.PCURVE_S1.);
#3097 = LINE('',#3098,#3099);
#3098 = CARTESIAN_POINT('',(-72.25,-52.,6.));
#3099 = VECTOR('',#3100,1.);
#3100 = DIRECTION('',(1.,0.,0.));
#3101 = PCURVE('',#1430,#3102);
#3102 = DEFINITIONAL_REPRESENTATION('',(#3103),#3107);
#3103 = LINE('',#3104,#3105);
#3104 = CARTESIAN_POINT('',(-72.25,-52.));
#3105 = VECTOR('',#3106,1.);
#3106 = DIRECTION('',(1.,0.));
#3107 = ( GEOMETRIC_REPRESENTATION_CONTEXT(2) 
PARAMETRIC_REPRESENTATION_CONTEXT() REPRESENTATION_CONTEXT('2D SPACE',''
  ) );
#3108 = PCURVE('',#2078,#3109);
#3109 = DEFINITIONAL_REPRESENTATION('',(#3110),#3114);
#3110 = LINE('',#3111,#3112);
#3111 = CARTESIAN_POINT('',(0.,-6.));
#3112 = VECTOR('',#3113,1.);
#3113 = DIRECTION('',(1.,0.));
#3114 = ( GEOMETRIC_REPRESENTATION_CONTEXT(2) 
PARAMETRIC_REPRESENTATION_CONTEXT() REPRESENTATION_CONTEXT('2D SPACE',''
  ) );
#3115 = ORIENTED_EDGE('',*,*,#3116,.T.);
#3116 = EDGE_CURVE('',#3094,#3117,#3119,.T.);
#3117 = VERTEX_POINT('',#3118);
#3118 = CARTESIAN_POINT('',(77.25,-47.00000000001,6.));
#3119 = SURFACE_CURVE('',#3120,(#3125,#3132),.PCURVE_S1.);
#3120 = CIRCLE('',#3121,5.);
#3121 = AXIS2_PLACEMENT_3D('',#3122,#3123,#3124);
#3122 = CARTESIAN_POINT('',(72.25,-47.,6.));
#3123 = DIRECTION('',(0.,0.,1.));
#3124 = DIRECTION('',(1.,0.,0.));
#3125 = PCURVE('',#1430,#3126);
#3126 = DEFINITIONAL_REPRESENTATION('',(#3127),#3131);
#3127 = CIRCLE('',#3128,5.);
#3128 = AXIS2_PLACEMENT_2D('',#3129,#3130);
#3129 = CARTESIAN_POINT('',(72.25,-47.));
#3130 = DIRECTION('',(1.,0.));
#3131 = ( GEOMETRIC_REPRESENTATION_CONTEXT(2) 
PARAMETRIC_REPRESENTATION_CONTEXT() REPRESENTATION_CONTEXT('2D SPACE',''
  ) );
#3132 = PCURVE('',#2188,#3133);
#3133 = DEFINITIONAL_REPRESENTATION('',(#3134),#3138);
#3134 = LINE('',#3135,#3136);
#3135 = CARTESIAN_POINT('',(-0.,-6.));
#3136 = VECTOR('',#3137,1.);
#3137 = DIRECTION('',(-1.,0.));
#3138 = ( GEOMETRIC_REPRESENTATION_CONTEXT(2) 
PARAMETRIC_REPRESENTATION_CONTEXT() REPRESENTATION_CONTEXT('2D SPACE',''
  ) );
#3139 = ORIENTED_EDGE('',*,*,#3140,.T.);
#3140 = EDGE_CURVE('',#3117,#3141,#3143,.T.);
#3141 = VERTEX_POINT('',#3142);
#3142 = CARTESIAN_POINT('',(77.25,47.,6.));
#3143 = SURFACE_CURVE('',#3144,(#3148,#3155),.PCURVE_S1.);
#3144 = LINE('',#3145,#3146);
#3145 = CARTESIAN_POINT('',(77.25,-47.00000000001,6.));
#3146 = VECTOR('',#3147,1.);
#3147 = DIRECTION('',(0.,1.,0.));
#3148 = PCURVE('',#1430,#3149);
#3149 = DEFINITIONAL_REPRESENTATION('',(#3150),#3154);
#3150 = LINE('',#3151,#3152);
#3151 = CARTESIAN_POINT('',(77.25,-47.00000000001));
#3152 = VECTOR('',#3153,1.);
#3153 = DIRECTION('',(0.,1.));
#3154 = ( GEOMETRIC_REPRESENTATION_CONTEXT(2) 
PARAMETRIC_REPRESENTATION_CONTEXT() REPRESENTATION_CONTEXT('2D SPACE',''
  ) );
#3155 = PCURVE('',#2220,#3156);
#3156 = DEFINITIONAL_REPRESENTATION('',(#3157),#3161);
#3157 = LINE('',#3158,#3159);
#3158 = CARTESIAN_POINT('',(0.,-6.));
#3159 = VECTOR('',#3160,1.);
#3160 = DIRECTION('',(1.,0.));
#3161 = ( GEOMETRIC_REPRESENTATION_CONTEXT(2) 
PARAMETRIC_REPRESENTATION_CONTEXT() REPRESENTATION_CONTEXT('2D SPACE',''
  ) );
#3162 = ORIENTED_EDGE('',*,*,#3163,.T.);
#3163 = EDGE_CURVE('',#3141,#3164,#3166,.T.);
#3164 = VERTEX_POINT('',#3165);
#3165 = CARTESIAN_POINT('',(72.25,52.,6.));
#3166 = SURFACE_CURVE('',#3167,(#3172,#3179),.PCURVE_S1.);
#3167 = CIRCLE('',#3168,5.);
#3168 = AXIS2_PLACEMENT_3D('',#3169,#3170,#3171);
#3169 = CARTESIAN_POINT('',(72.25,47.,6.));
#3170 = DIRECTION('',(0.,0.,1.));
#3171 = DIRECTION('',(1.,0.,0.));
#3172 = PCURVE('',#1430,#3173);
#3173 = DEFINITIONAL_REPRESENTATION('',(#3174),#3178);
#3174 = CIRCLE('',#3175,5.);
#3175 = AXIS2_PLACEMENT_2D('',#3176,#3177);
#3176 = CARTESIAN_POINT('',(72.25,47.));
#3177 = DIRECTION('',(1.,0.));
#3178 = ( GEOMETRIC_REPRESENTATION_CONTEXT(2) 
PARAMETRIC_REPRESENTATION_CONTEXT() REPRESENTATION_CONTEXT('2D SPACE',''
  ) );
#3179 = PCURVE('',#2133,#3180);
#3180 = DEFINITIONAL_REPRESENTATION('',(#3181),#3185);
#3181 = LINE('',#3182,#3183);
#3182 = CARTESIAN_POINT('',(-0.,-6.));
#3183 = VECTOR('',#3184,1.);
#3184 = DIRECTION('',(-1.,0.));
#3185 = ( GEOMETRIC_REPRESENTATION_CONTEXT(2) 
PARAMETRIC_REPRESENTATION_CONTEXT() REPRESENTATION_CONTEXT('2D SPACE',''
  ) );
#3186 = ORIENTED_EDGE('',*,*,#3187,.T.);
#3187 = EDGE_CURVE('',#3164,#3188,#3190,.T.);
#3188 = VERTEX_POINT('',#3189);
#3189 = CARTESIAN_POINT('',(-45.12334403427,52.,6.));
#3190 = SURFACE_CURVE('',#3191,(#3195,#3202),.PCURVE_S1.);
#3191 = LINE('',#3192,#3193);
#3192 = CARTESIAN_POINT('',(72.25,52.,6.));
#3193 = VECTOR('',#3194,1.);
#3194 = DIRECTION('',(-1.,0.,0.));
#3195 = PCURVE('',#1430,#3196);
#3196 = DEFINITIONAL_REPRESENTATION('',(#3197),#3201);
#3197 = LINE('',#3198,#3199);
#3198 = CARTESIAN_POINT('',(72.25,52.));
#3199 = VECTOR('',#3200,1.);
#3200 = DIRECTION('',(-1.,0.));
#3201 = ( GEOMETRIC_REPRESENTATION_CONTEXT(2) 
PARAMETRIC_REPRESENTATION_CONTEXT() REPRESENTATION_CONTEXT('2D SPACE',''
  ) );
#3202 = PCURVE('',#2024,#3203);
#3203 = DEFINITIONAL_REPRESENTATION('',(#3204),#3208);
#3204 = LINE('',#3205,#3206);
#3205 = CARTESIAN_POINT('',(0.,-6.));
#3206 = VECTOR('',#3207,1.);
#3207 = DIRECTION('',(1.,0.));
#3208 = ( GEOMETRIC_REPRESENTATION_CONTEXT(2) 
PARAMETRIC_REPRESENTATION_CONTEXT() REPRESENTATION_CONTEXT('2D SPACE',''
  ) );
#3209 = ORIENTED_EDGE('',*,*,#3210,.F.);
#3210 = EDGE_CURVE('',#3211,#3188,#3213,.T.);
#3211 = VERTEX_POINT('',#3212);
#3212 = CARTESIAN_POINT('',(-45.12334403427,50.,6.));
#3213 = SURFACE_CURVE('',#3214,(#3218,#3225),.PCURVE_S1.);
#3214 = LINE('',#3215,#3216);
#3215 = CARTESIAN_POINT('',(-45.12334403427,52.,6.));
#3216 = VECTOR('',#3217,1.);
#3217 = DIRECTION('',(0.,1.,-2.22044604925E-16));
#3218 = PCURVE('',#1430,#3219);
#3219 = DEFINITIONAL_REPRESENTATION('',(#3220),#3224);
#3220 = LINE('',#3221,#3222);
#3221 = CARTESIAN_POINT('',(-45.12334403427,52.));
#3222 = VECTOR('',#3223,1.);
#3223 = DIRECTION('',(0.,1.));
#3224 = ( GEOMETRIC_REPRESENTATION_CONTEXT(2) 
PARAMETRIC_REPRESENTATION_CONTEXT() REPRESENTATION_CONTEXT('2D SPACE',''
  ) );
#3225 = PCURVE('',#3226,#3231);
#3226 = CYLINDRICAL_SURFACE('',#3227,3.25);
#3227 = AXIS2_PLACEMENT_3D('',#3228,#3229,#3230);
#3228 = CARTESIAN_POINT('',(-47.2,52.,8.5));
#3229 = DIRECTION('',(0.,1.,-2.22044604925E-16));
#3230 = DIRECTION('',(-1.,0.,0.));
#3231 = DEFINITIONAL_REPRESENTATION('',(#3232),#3236);
#3232 = LINE('',#3233,#3234);
#3233 = CARTESIAN_POINT('',(4.019229072808,5.551115123126E-16));
#3234 = VECTOR('',#3235,1.);
#3235 = DIRECTION('',(0.,1.));
#3236 = ( GEOMETRIC_REPRESENTATION_CONTEXT(2) 
PARAMETRIC_REPRESENTATION_CONTEXT() REPRESENTATION_CONTEXT('2D SPACE',''
  ) );
#3237 = ORIENTED_EDGE('',*,*,#3238,.F.);
#3238 = EDGE_CURVE('',#3239,#3211,#3241,.T.);
#3239 = VERTEX_POINT('',#3240);
#3240 = CARTESIAN_POINT('',(72.25,50.,6.));
#3241 = SURFACE_CURVE('',#3242,(#3246,#3253),.PCURVE_S1.);
#3242 = LINE('',#3243,#3244);
#3243 = CARTESIAN_POINT('',(72.25,50.,6.));
#3244 = VECTOR('',#3245,1.);
#3245 = DIRECTION('',(-1.,0.,0.));
#3246 = PCURVE('',#1430,#3247);
#3247 = DEFINITIONAL_REPRESENTATION('',(#3248),#3252);
#3248 = LINE('',#3249,#3250);
#3249 = CARTESIAN_POINT('',(72.25,50.));
#3250 = VECTOR('',#3251,1.);
#3251 = DIRECTION('',(-1.,0.));
#3252 = ( GEOMETRIC_REPRESENTATION_CONTEXT(2) 
PARAMETRIC_REPRESENTATION_CONTEXT() REPRESENTATION_CONTEXT('2D SPACE',''
  ) );
#3253 = PCURVE('',#3254,#3259);
#3254 = PLANE('',#3255);
#3255 = AXIS2_PLACEMENT_3D('',#3256,#3257,#3258);
#3256 = CARTESIAN_POINT('',(72.25,50.,0.));
#3257 = DIRECTION('',(0.,-1.,0.));
#3258 = DIRECTION('',(-1.,0.,0.));
#3259 = DEFINITIONAL_REPRESENTATION('',(#3260),#3264);
#3260 = LINE('',#3261,#3262);
#3261 = CARTESIAN_POINT('',(0.,-6.));
#3262 = VECTOR('',#3263,1.);
#3263 = DIRECTION('',(1.,0.));
#3264 = ( GEOMETRIC_REPRESENTATION_CONTEXT(2) 
PARAMETRIC_REPRESENTATION_CONTEXT() REPRESENTATION_CONTEXT('2D SPACE',''
  ) );
#3265 = ORIENTED_EDGE('',*,*,#3266,.F.);
#3266 = EDGE_CURVE('',#3267,#3239,#3269,.T.);
#3267 = VERTEX_POINT('',#3268);
#3268 = CARTESIAN_POINT('',(75.25,47.000000000045,6.));
#3269 = SURFACE_CURVE('',#3270,(#3275,#3282),.PCURVE_S1.);
#3270 = CIRCLE('',#3271,3.);
#3271 = AXIS2_PLACEMENT_3D('',#3272,#3273,#3274);
#3272 = CARTESIAN_POINT('',(72.25,47.,6.));
#3273 = DIRECTION('',(0.,0.,1.));
#3274 = DIRECTION('',(1.,0.,0.));
#3275 = PCURVE('',#1430,#3276);
#3276 = DEFINITIONAL_REPRESENTATION('',(#3277),#3281);
#3277 = CIRCLE('',#3278,3.);
#3278 = AXIS2_PLACEMENT_2D('',#3279,#3280);
#3279 = CARTESIAN_POINT('',(72.25,47.));
#3280 = DIRECTION('',(1.,0.));
#3281 = ( GEOMETRIC_REPRESENTATION_CONTEXT(2) 
PARAMETRIC_REPRESENTATION_CONTEXT() REPRESENTATION_CONTEXT('2D SPACE',''
  ) );
#3282 = PCURVE('',#3283,#3288);
#3283 = CYLINDRICAL_SURFACE('',#3284,3.);
#3284 = AXIS2_PLACEMENT_3D('',#3285,#3286,#3287);
#3285 = CARTESIAN_POINT('',(72.25,47.,0.));
#3286 = DIRECTION('',(-0.,-0.,-1.));
#3287 = DIRECTION('',(1.,0.,0.));
#3288 = DEFINITIONAL_REPRESENTATION('',(#3289),#3293);
#3289 = LINE('',#3290,#3291);
#3290 = CARTESIAN_POINT('',(-0.,-6.));
#3291 = VECTOR('',#3292,1.);
#3292 = DIRECTION('',(-1.,0.));
#3293 = ( GEOMETRIC_REPRESENTATION_CONTEXT(2) 
PARAMETRIC_REPRESENTATION_CONTEXT() REPRESENTATION_CONTEXT('2D SPACE',''
  ) );
#3294 = ORIENTED_EDGE('',*,*,#3295,.F.);
#3295 = EDGE_CURVE('',#3296,#3267,#3298,.T.);
#3296 = VERTEX_POINT('',#3297);
#3297 = CARTESIAN_POINT('',(75.25,-47.00000000004,6.));
#3298 = SURFACE_CURVE('',#3299,(#3303,#3310),.PCURVE_S1.);
#3299 = LINE('',#3300,#3301);
#3300 = CARTESIAN_POINT('',(75.25,-47.00000000004,6.));
#3301 = VECTOR('',#3302,1.);
#3302 = DIRECTION('',(0.,1.,0.));
#3303 = PCURVE('',#1430,#3304);
#3304 = DEFINITIONAL_REPRESENTATION('',(#3305),#3309);
#3305 = LINE('',#3306,#3307);
#3306 = CARTESIAN_POINT('',(75.25,-47.00000000004));
#3307 = VECTOR('',#3308,1.);
#3308 = DIRECTION('',(0.,1.));
#3309 = ( GEOMETRIC_REPRESENTATION_CONTEXT(2) 
PARAMETRIC_REPRESENTATION_CONTEXT() REPRESENTATION_CONTEXT('2D SPACE',''
  ) );
#3310 = PCURVE('',#2903,#3311);
#3311 = DEFINITIONAL_REPRESENTATION('',(#3312),#3316);
#3312 = LINE('',#3313,#3314);
#3313 = CARTESIAN_POINT('',(0.,-6.));
#3314 = VECTOR('',#3315,1.);
#3315 = DIRECTION('',(1.,0.));
#3316 = ( GEOMETRIC_REPRESENTATION_CONTEXT(2) 
PARAMETRIC_REPRESENTATION_CONTEXT() REPRESENTATION_CONTEXT('2D SPACE',''
  ) );
#3317 = ORIENTED_EDGE('',*,*,#3318,.F.);
#3318 = EDGE_CURVE('',#1415,#3296,#3319,.T.);
#3319 = SURFACE_CURVE('',#3320,(#3325,#3332),.PCURVE_S1.);
#3320 = CIRCLE('',#3321,3.);
#3321 = AXIS2_PLACEMENT_3D('',#3322,#3323,#3324);
#3322 = CARTESIAN_POINT('',(72.25,-47.,6.));
#3323 = DIRECTION('',(0.,0.,1.));
#3324 = DIRECTION('',(1.,0.,0.));
#3325 = PCURVE('',#1430,#3326);
#3326 = DEFINITIONAL_REPRESENTATION('',(#3327),#3331);
#3327 = CIRCLE('',#3328,3.);
#3328 = AXIS2_PLACEMENT_2D('',#3329,#3330);
#3329 = CARTESIAN_POINT('',(72.25,-47.));
#3330 = DIRECTION('',(1.,0.));
#3331 = ( GEOMETRIC_REPRESENTATION_CONTEXT(2) 
PARAMETRIC_REPRESENTATION_CONTEXT() REPRESENTATION_CONTEXT('2D SPACE',''
  ) );
#3332 = PCURVE('',#1458,#3333);
#3333 = DEFINITIONAL_REPRESENTATION('',(#3334),#3338);
#3334 = LINE('',#3335,#3336);
#3335 = CARTESIAN_POINT('',(-0.,-6.));
#3336 = VECTOR('',#3337,1.);
#3337 = DIRECTION('',(-1.,0.));
#3338 = ( GEOMETRIC_REPRESENTATION_CONTEXT(2) 
PARAMETRIC_REPRESENTATION_CONTEXT() REPRESENTATION_CONTEXT('2D SPACE',''
  ) );
#3339 = ORIENTED_EDGE('',*,*,#1414,.F.);
#3340 = ORIENTED_EDGE('',*,*,#1634,.F.);
#3341 = ORIENTED_EDGE('',*,*,#1746,.F.);
#3342 = ORIENTED_EDGE('',*,*,#3343,.F.);
#3343 = EDGE_CURVE('',#3344,#1719,#3346,.T.);
#3344 = VERTEX_POINT('',#3345);
#3345 = CARTESIAN_POINT('',(-72.25,50.,6.));
#3346 = SURFACE_CURVE('',#3347,(#3352,#3359),.PCURVE_S1.);
#3347 = CIRCLE('',#3348,3.);
#3348 = AXIS2_PLACEMENT_3D('',#3349,#3350,#3351);
#3349 = CARTESIAN_POINT('',(-72.25,47.,6.));
#3350 = DIRECTION('',(0.,0.,1.));
#3351 = DIRECTION('',(1.,0.,0.));
#3352 = PCURVE('',#1430,#3353);
#3353 = DEFINITIONAL_REPRESENTATION('',(#3354),#3358);
#3354 = CIRCLE('',#3355,3.);
#3355 = AXIS2_PLACEMENT_2D('',#3356,#3357);
#3356 = CARTESIAN_POINT('',(-72.25,47.));
#3357 = DIRECTION('',(1.,0.));
#3358 = ( GEOMETRIC_REPRESENTATION_CONTEXT(2) 
PARAMETRIC_REPRESENTATION_CONTEXT() REPRESENTATION_CONTEXT('2D SPACE',''
  ) );
#3359 = PCURVE('',#1734,#3360);
#3360 = DEFINITIONAL_REPRESENTATION('',(#3361),#3365);
#3361 = LINE('',#3362,#3363);
#3362 = CARTESIAN_POINT('',(-0.,-6.));
#3363 = VECTOR('',#3364,1.);
#3364 = DIRECTION('',(-1.,0.));
#3365 = ( GEOMETRIC_REPRESENTATION_CONTEXT(2) 
PARAMETRIC_REPRESENTATION_CONTEXT() REPRESENTATION_CONTEXT('2D SPACE',''
  ) );
#3366 = ORIENTED_EDGE('',*,*,#3367,.F.);
#3367 = EDGE_CURVE('',#3368,#3344,#3370,.T.);
#3368 = VERTEX_POINT('',#3369);
#3369 = CARTESIAN_POINT('',(-63.67665596573,50.,6.));
#3370 = SURFACE_CURVE('',#3371,(#3375,#3382),.PCURVE_S1.);
#3371 = LINE('',#3372,#3373);
#3372 = CARTESIAN_POINT('',(72.25,50.,6.));
#3373 = VECTOR('',#3374,1.);
#3374 = DIRECTION('',(-1.,0.,0.));
#3375 = PCURVE('',#1430,#3376);
#3376 = DEFINITIONAL_REPRESENTATION('',(#3377),#3381);
#3377 = LINE('',#3378,#3379);
#3378 = CARTESIAN_POINT('',(72.25,50.));
#3379 = VECTOR('',#3380,1.);
#3380 = DIRECTION('',(-1.,0.));
#3381 = ( GEOMETRIC_REPRESENTATION_CONTEXT(2) 
PARAMETRIC_REPRESENTATION_CONTEXT() REPRESENTATION_CONTEXT('2D SPACE',''
  ) );
#3382 = PCURVE('',#3254,#3383);
#3383 = DEFINITIONAL_REPRESENTATION('',(#3384),#3388);
#3384 = LINE('',#3385,#3386);
#3385 = CARTESIAN_POINT('',(0.,-6.));
#3386 = VECTOR('',#3387,1.);
#3387 = DIRECTION('',(1.,0.));
#3388 = ( GEOMETRIC_REPRESENTATION_CONTEXT(2) 
PARAMETRIC_REPRESENTATION_CONTEXT() REPRESENTATION_CONTEXT('2D SPACE',''
  ) );
#3389 = ORIENTED_EDGE('',*,*,#3390,.T.);
#3390 = EDGE_CURVE('',#3368,#3391,#3393,.T.);
#3391 = VERTEX_POINT('',#3392);
#3392 = CARTESIAN_POINT('',(-63.67665596573,52.,6.));
#3393 = SURFACE_CURVE('',#3394,(#3398,#3405),.PCURVE_S1.);
#3394 = LINE('',#3395,#3396);
#3395 = CARTESIAN_POINT('',(-63.67665596573,52.,6.));
#3396 = VECTOR('',#3397,1.);
#3397 = DIRECTION('',(0.,1.,-2.22044604925E-16));
#3398 = PCURVE('',#1430,#3399);
#3399 = DEFINITIONAL_REPRESENTATION('',(#3400),#3404);
#3400 = LINE('',#3401,#3402);
#3401 = CARTESIAN_POINT('',(-63.67665596573,52.));
#3402 = VECTOR('',#3403,1.);
#3403 = DIRECTION('',(0.,1.));
#3404 = ( GEOMETRIC_REPRESENTATION_CONTEXT(2) 
PARAMETRIC_REPRESENTATION_CONTEXT() REPRESENTATION_CONTEXT('2D SPACE',''
  ) );
#3405 = PCURVE('',#3406,#3411);
#3406 = CYLINDRICAL_SURFACE('',#3407,3.25);
#3407 = AXIS2_PLACEMENT_3D('',#3408,#3409,#3410);
#3408 = CARTESIAN_POINT('',(-61.6,52.,8.5));
#3409 = DIRECTION('',(0.,1.,-2.22044604925E-16));
#3410 = DIRECTION('',(-1.,0.,0.));
#3411 = DEFINITIONAL_REPRESENTATION('',(#3412),#3416);
#3412 = LINE('',#3413,#3414);
#3413 = CARTESIAN_POINT('',(5.405548887961,5.551115123126E-16));
#3414 = VECTOR('',#3415,1.);
#3415 = DIRECTION('',(0.,1.));
#3416 = ( GEOMETRIC_REPRESENTATION_CONTEXT(2) 
PARAMETRIC_REPRESENTATION_CONTEXT() REPRESENTATION_CONTEXT('2D SPACE',''
  ) );
#3417 = ORIENTED_EDGE('',*,*,#3418,.T.);
#3418 = EDGE_CURVE('',#3391,#3021,#3419,.T.);
#3419 = SURFACE_CURVE('',#3420,(#3424,#3431),.PCURVE_S1.);
#3420 = LINE('',#3421,#3422);
#3421 = CARTESIAN_POINT('',(72.25,52.,6.));
#3422 = VECTOR('',#3423,1.);
#3423 = DIRECTION('',(-1.,0.,0.));
#3424 = PCURVE('',#1430,#3425);
#3425 = DEFINITIONAL_REPRESENTATION('',(#3426),#3430);
#3426 = LINE('',#3427,#3428);
#3427 = CARTESIAN_POINT('',(72.25,52.));
#3428 = VECTOR('',#3429,1.);
#3429 = DIRECTION('',(-1.,0.));
#3430 = ( GEOMETRIC_REPRESENTATION_CONTEXT(2) 
PARAMETRIC_REPRESENTATION_CONTEXT() REPRESENTATION_CONTEXT('2D SPACE',''
  ) );
#3431 = PCURVE('',#2024,#3432);
#3432 = DEFINITIONAL_REPRESENTATION('',(#3433),#3437);
#3433 = LINE('',#3434,#3435);
#3434 = CARTESIAN_POINT('',(0.,-6.));
#3435 = VECTOR('',#3436,1.);
#3436 = DIRECTION('',(1.,0.));
#3437 = ( GEOMETRIC_REPRESENTATION_CONTEXT(2) 
PARAMETRIC_REPRESENTATION_CONTEXT() REPRESENTATION_CONTEXT('2D SPACE',''
  ) );
#3438 = ADVANCED_FACE('',(#3439),#1458,.F.);
#3439 = FACE_BOUND('',#3440,.T.);
#3440 = EDGE_LOOP('',(#3441,#3442,#3443,#3444));
#3441 = ORIENTED_EDGE('',*,*,#2965,.T.);
#3442 = ORIENTED_EDGE('',*,*,#1442,.T.);
#3443 = ORIENTED_EDGE('',*,*,#3318,.T.);
#3444 = ORIENTED_EDGE('',*,*,#3445,.F.);
#3445 = EDGE_CURVE('',#2941,#3296,#3446,.T.);
#3446 = SURFACE_CURVE('',#3447,(#3451,#3458),.PCURVE_S1.);
#3447 = LINE('',#3448,#3449);
#3448 = CARTESIAN_POINT('',(75.25,-47.00000000004,0.));
#3449 = VECTOR('',#3450,1.);
#3450 = DIRECTION('',(0.,0.,1.));
#3451 = PCURVE('',#1458,#3452);
#3452 = DEFINITIONAL_REPRESENTATION('',(#3453),#3457);
#3453 = LINE('',#3454,#3455);
#3454 = CARTESIAN_POINT('',(-6.283185307164,0.));
#3455 = VECTOR('',#3456,1.);
#3456 = DIRECTION('',(-0.,-1.));
#3457 = ( GEOMETRIC_REPRESENTATION_CONTEXT(2) 
PARAMETRIC_REPRESENTATION_CONTEXT() REPRESENTATION_CONTEXT('2D SPACE',''
  ) );
#3458 = PCURVE('',#2903,#3459);
#3459 = DEFINITIONAL_REPRESENTATION('',(#3460),#3464);
#3460 = LINE('',#3461,#3462);
#3461 = CARTESIAN_POINT('',(0.,0.));
#3462 = VECTOR('',#3463,1.);
#3463 = DIRECTION('',(0.,-1.));
#3464 = ( GEOMETRIC_REPRESENTATION_CONTEXT(2) 
PARAMETRIC_REPRESENTATION_CONTEXT() REPRESENTATION_CONTEXT('2D SPACE',''
  ) );
#3465 = ADVANCED_FACE('',(#3466),#1593,.F.);
#3466 = FACE_BOUND('',#3467,.F.);
#3467 = EDGE_LOOP('',(#3468,#3469,#3470,#3658));
#3468 = ORIENTED_EDGE('',*,*,#2589,.F.);
#3469 = ORIENTED_EDGE('',*,*,#1578,.T.);
#3470 = ORIENTED_EDGE('',*,*,#3471,.T.);
#3471 = EDGE_CURVE('',#1556,#3472,#3474,.T.);
#3472 = VERTEX_POINT('',#3473);
#3473 = CARTESIAN_POINT('',(-74.25,-42.96879648788,0.));
#3474 = SURFACE_CURVE('',#3475,(#3534,#3596),.PCURVE_S1.);
#3475 = B_SPLINE_CURVE_WITH_KNOTS('',8,(#3476,#3477,#3478,#3479,#3480,
    #3481,#3482,#3483,#3484,#3485,#3486,#3487,#3488,#3489,#3490,#3491,
    #3492,#3493,#3494,#3495,#3496,#3497,#3498,#3499,#3500,#3501,#3502,
    #3503,#3504,#3505,#3506,#3507,#3508,#3509,#3510,#3511,#3512,#3513,
    #3514,#3515,#3516,#3517,#3518,#3519,#3520,#3521,#3522,#3523,#3524,
    #3525,#3526,#3527,#3528,#3529,#3530,#3531,#3532,#3533),
  .UNSPECIFIED.,.F.,.F.,(9,7,7,7,7,7,7,7,9),(0.,2.65334016986E-02,
    4.596562167335E-02,7.801431198462E-02,0.153643079311,0.321241868905,
    0.48430818148,0.750698949261,1.),.UNSPECIFIED.);
#3476 = CARTESIAN_POINT('',(-75.25,-45.75125078222,1.));
#3477 = CARTESIAN_POINT('',(-75.25,-45.75125078222,0.990603437866));
#3478 = CARTESIAN_POINT('',(-75.2498990659,-45.75057879177,
    0.981204396577));
#3479 = CARTESIAN_POINT('',(-75.24969718198,-45.74923447737,
    0.971849151209));
#3480 = CARTESIAN_POINT('',(-75.24939693077,-45.74723783667,
    0.962575810679));
#3481 = CARTESIAN_POINT('',(-75.24900284972,-45.74462412333,
    0.953415086754));
#3482 = CARTESIAN_POINT('',(-75.24852078795,-45.74143877191,
    0.944391063073));
#3483 = CARTESIAN_POINT('',(-75.24795726291,-45.73773232275,
    0.93552196416));
#3484 = CARTESIAN_POINT('',(-75.24685123964,-45.73049626253,
    0.920448559543));
#3485 = CARTESIAN_POINT('',(-75.2463433342,-45.72718384574,0.91416423544
    ));
#3486 = CARTESIAN_POINT('',(-75.24579749562,-45.72363685221,
    0.907970745725));
#3487 = CARTESIAN_POINT('',(-75.24521605756,-45.71987356299,
    0.90186949044));
#3488 = CARTESIAN_POINT('',(-75.24460124332,-45.71591142164,
    0.895860631049));
#3489 = CARTESIAN_POINT('',(-75.24395511666,-45.71176667139,
    0.889943245415));
#3490 = CARTESIAN_POINT('',(-75.24327953259,-45.70745399228,
    0.884115482767));
#3491 = CARTESIAN_POINT('',(-75.24141592895,-45.69561750697,0.8689067335
    ));
#3492 = CARTESIAN_POINT('',(-75.24018034447,-45.68782904781,
    0.85967808926));
#3493 = CARTESIAN_POINT('',(-75.2388764153,-45.6796776838,0.850675241763
    ));
#3494 = CARTESIAN_POINT('',(-75.23751023217,-45.6712121725,0.84188519781
    ));
#3495 = CARTESIAN_POINT('',(-75.23608692217,-45.66247355968,
    0.833295244377));
#3496 = CARTESIAN_POINT('',(-75.23461067481,-45.65349563286,
    0.824892677795));
#3497 = CARTESIAN_POINT('',(-75.23308476818,-45.64430537476,
    0.816664532936));
#3498 = CARTESIAN_POINT('',(-75.22779920786,-45.6127837944,
    0.789560217925));
#3499 = CARTESIAN_POINT('',(-75.22382769783,-45.5896012262,
    0.771440352359));
#3500 = CARTESIAN_POINT('',(-75.21962944591,-45.56565156473,
    0.754060384944));
#3501 = CARTESIAN_POINT('',(-75.21522535174,-45.54111289934,
    0.73731391962));
#3502 = CARTESIAN_POINT('',(-75.21063081097,-45.51611271832,
    0.721120225053));
#3503 = CARTESIAN_POINT('',(-75.2058567718,-45.49074161176,
    0.705410764829));
#3504 = CARTESIAN_POINT('',(-75.20090899491,-45.46505446147,
    0.690128036837));
#3505 = CARTESIAN_POINT('',(-75.18444156733,-45.38151893014,
    0.642173811969));
#3506 = CARTESIAN_POINT('',(-75.17226849084,-45.32265624242,
    0.611019895749));
#3507 = CARTESIAN_POINT('',(-75.15931882765,-45.26297080111,
    0.581248337906));
#3508 = CARTESIAN_POINT('',(-75.14561681501,-45.20268872061,
    0.552658321068));
#3509 = CARTESIAN_POINT('',(-75.13118381157,-45.14198506627,
    0.525085540912));
#3510 = CARTESIAN_POINT('',(-75.1160319582,-45.08095649519,
    0.498437491567));
#3511 = CARTESIAN_POINT('',(-75.10016816618,-45.0196681373,
    0.472634173432));
#3512 = CARTESIAN_POINT('',(-75.06746201836,-44.8982877732,
    0.423277865285));
#3513 = CARTESIAN_POINT('',(-75.05066499745,-44.8382353047,
    0.399693597799));
#3514 = CARTESIAN_POINT('',(-75.03320647977,-44.77803895465,
    0.376820230868));
#3515 = CARTESIAN_POINT('',(-75.01509240287,-44.71773634646,
    0.354632438118));
#3516 = CARTESIAN_POINT('',(-74.99632838081,-44.65735692767,
    0.333117181211));
#3517 = CARTESIAN_POINT('',(-74.97691990771,-44.59692497305,
    0.312269013766));
#3518 = CARTESIAN_POINT('',(-74.95687242163,-44.53646109564,
    0.292087793602));
#3519 = CARTESIAN_POINT('',(-74.9024057171,-44.37718195736,
    0.240708241994));
#3520 = CARTESIAN_POINT('',(-74.86693058116,-44.27834653609,
    0.210632846321));
#3521 = CARTESIAN_POINT('',(-74.82978988362,-44.17955216033,
    0.182375376076));
#3522 = CARTESIAN_POINT('',(-74.79101054777,-44.08086302354,
    0.155992384832));
#3523 = CARTESIAN_POINT('',(-74.75062338045,-43.98233785004,
    0.131563598501));
#3524 = CARTESIAN_POINT('',(-74.70866403383,-43.88403430723,
    0.109185724313));
#3525 = CARTESIAN_POINT('',(-74.66517390601,-43.78601133382,
    8.897069018736E-02));
#3526 = CARTESIAN_POINT('',(-74.57811319478,-43.59691400678,
    5.427570963096E-02));
#3527 = CARTESIAN_POINT('',(-74.53472898895,-43.50580225745,
    3.951162617998E-02));
#3528 = CARTESIAN_POINT('',(-74.49008746671,-43.41504256852,
    2.686221175916E-02));
#3529 = CARTESIAN_POINT('',(-74.44423502831,-43.32469060601,
    1.644617699149E-02));
#3530 = CARTESIAN_POINT('',(-74.39722716524,-43.23481051917,
    8.396049935507E-03));
#3531 = CARTESIAN_POINT('',(-74.34913025495,-43.14547618971,
    2.859430506451E-03));
#3532 = CARTESIAN_POINT('',(-74.3000233555,-43.05677248114,
    2.448973232213E-07));
#3533 = CARTESIAN_POINT('',(-74.25000000025,-42.96879648803,0.));
#3534 = PCURVE('',#1593,#3535);
#3535 = DEFINITIONAL_REPRESENTATION('',(#3536),#3595);
#3536 = B_SPLINE_CURVE_WITH_KNOTS('',8,(#3537,#3538,#3539,#3540,#3541,
    #3542,#3543,#3544,#3545,#3546,#3547,#3548,#3549,#3550,#3551,#3552,
    #3553,#3554,#3555,#3556,#3557,#3558,#3559,#3560,#3561,#3562,#3563,
    #3564,#3565,#3566,#3567,#3568,#3569,#3570,#3571,#3572,#3573,#3574,
    #3575,#3576,#3577,#3578,#3579,#3580,#3581,#3582,#3583,#3584,#3585,
    #3586,#3587,#3588,#3589,#3590,#3591,#3592,#3593,#3594),
  .UNSPECIFIED.,.F.,.F.,(9,7,7,7,7,7,7,7,9),(0.,2.65334016986E-02,
    4.596562167335E-02,7.801431198462E-02,0.153643079311,0.321241868905,
    0.48430818148,0.750698949261,1.),.UNSPECIFIED.);
#3537 = CARTESIAN_POINT('',(2.843445331246,3.14159265359));
#3538 = CARTESIAN_POINT('',(2.843445331246,3.150989215724));
#3539 = CARTESIAN_POINT('',(2.843247687777,3.160388245255));
#3540 = CARTESIAN_POINT('',(2.842852299873,3.169744769627));
#3541 = CARTESIAN_POINT('',(2.842265085424,3.179021915775));
#3542 = CARTESIAN_POINT('',(2.841496478616,3.188190096951));
#3543 = CARTESIAN_POINT('',(2.840559927364,3.197226199566));
#3544 = CARTESIAN_POINT('',(2.839470390751,3.206112770018));
#3545 = CARTESIAN_POINT('',(2.837343814728,3.221226697841));
#3546 = CARTESIAN_POINT('',(2.836370483194,3.227531339954));
#3547 = CARTESIAN_POINT('',(2.835328395822,3.233748566083));
#3548 = CARTESIAN_POINT('',(2.834222966482,3.239877160425));
#3549 = CARTESIAN_POINT('',(2.833059361774,3.245917106671));
#3550 = CARTESIAN_POINT('',(2.831842393845,3.251869441525));
#3551 = CARTESIAN_POINT('',(2.83057641321,3.257736108212));
#3552 = CARTESIAN_POINT('',(2.827102678913,3.273058610383));
#3553 = CARTESIAN_POINT('',(2.824817787442,3.28236902255));
#3554 = CARTESIAN_POINT('',(2.82242740956,3.291464943901));
#3555 = CARTESIAN_POINT('',(2.819946008054,3.300359594034));
#3556 = CARTESIAN_POINT('',(2.817385762805,3.309065828317));
#3557 = CARTESIAN_POINT('',(2.814756707504,3.317596451446));
#3558 = CARTESIAN_POINT('',(2.812066866359,3.325964531015));
#3559 = CARTESIAN_POINT('',(2.802845954476,3.353579400924));
#3560 = CARTESIAN_POINT('',(2.796072466646,3.372124423586));
#3561 = CARTESIAN_POINT('',(2.789084134927,3.389997706505));
#3562 = CARTESIAN_POINT('',(2.781934172957,3.407306843817));
#3563 = CARTESIAN_POINT('',(2.774660744401,3.42413367922));
#3564 = CARTESIAN_POINT('',(2.767291069349,3.440548043286));
#3565 = CARTESIAN_POINT('',(2.759841856537,3.456609216633));
#3566 = CARTESIAN_POINT('',(2.735658179672,3.507312114517));
#3567 = CARTESIAN_POINT('',(2.718679895161,3.54073075955));
#3568 = CARTESIAN_POINT('',(2.701534041826,3.573159042206));
#3569 = CARTESIAN_POINT('',(2.684291906689,3.604821032427));
#3570 = CARTESIAN_POINT('',(2.667009190242,3.63590506838));
#3571 = CARTESIAN_POINT('',(2.649718132428,3.666529257882));
#3572 = CARTESIAN_POINT('',(2.632441603911,3.69680157992));
#3573 = CARTESIAN_POINT('',(2.598407267975,3.756010846583));
#3574 = CARTESIAN_POINT('',(2.581655659986,3.784948872061));
#3575 = CARTESIAN_POINT('',(2.564954255737,3.813697562066));
#3576 = CARTESIAN_POINT('',(2.548316942012,3.842310001675));
#3577 = CARTESIAN_POINT('',(2.531754927088,3.87082801085));
#3578 = CARTESIAN_POINT('',(2.515277636605,3.899286935454));
#3579 = CARTESIAN_POINT('',(2.498893169908,3.927718102318));
#3580 = CARTESIAN_POINT('',(2.456004817789,4.002594535368));
#3581 = CARTESIAN_POINT('',(2.42966845966,4.049037448127));
#3582 = CARTESIAN_POINT('',(2.40362939571,4.095596874763));
#3583 = CARTESIAN_POINT('',(2.377912312876,4.142367681816));
#3584 = CARTESIAN_POINT('',(2.352538274437,4.189431931325));
#3585 = CARTESIAN_POINT('',(2.32752595391,4.236867110078));
#3586 = CARTESIAN_POINT('',(2.302892260234,4.284751061051));
#3587 = CARTESIAN_POINT('',(2.255967506388,4.378470371311));
#3588 = CARTESIAN_POINT('',(2.233628777707,4.424237645852));
#3589 = CARTESIAN_POINT('',(2.2116482651,4.470532307196));
#3590 = CARTESIAN_POINT('',(2.190038303391,4.517420547009));
#3591 = CARTESIAN_POINT('',(2.16881161133,4.564971087012));
#3592 = CARTESIAN_POINT('',(2.147981437609,4.613258383941));
#3593 = CARTESIAN_POINT('',(2.127561706873,4.662365834513));
#3594 = CARTESIAN_POINT('',(2.107567165733,4.712388980385));
#3595 = ( GEOMETRIC_REPRESENTATION_CONTEXT(2) 
PARAMETRIC_REPRESENTATION_CONTEXT() REPRESENTATION_CONTEXT('2D SPACE',''
  ) );
#3596 = PCURVE('',#1784,#3597);
#3597 = DEFINITIONAL_REPRESENTATION('',(#3598),#3657);
#3598 = B_SPLINE_CURVE_WITH_KNOTS('',8,(#3599,#3600,#3601,#3602,#3603,
    #3604,#3605,#3606,#3607,#3608,#3609,#3610,#3611,#3612,#3613,#3614,
    #3615,#3616,#3617,#3618,#3619,#3620,#3621,#3622,#3623,#3624,#3625,
    #3626,#3627,#3628,#3629,#3630,#3631,#3632,#3633,#3634,#3635,#3636,
    #3637,#3638,#3639,#3640,#3641,#3642,#3643,#3644,#3645,#3646,#3647,
    #3648,#3649,#3650,#3651,#3652,#3653,#3654,#3655,#3656),
  .UNSPECIFIED.,.F.,.F.,(9,7,7,7,7,7,7,7,9),(0.,2.65334016986E-02,
    4.596562167335E-02,7.801431198462E-02,0.153643079311,0.321241868905,
    0.48430818148,0.750698949261,1.),.UNSPECIFIED.);
#3599 = CARTESIAN_POINT('',(0.,91.502501564456));
#3600 = CARTESIAN_POINT('',(9.396562134057E-03,91.502501564456));
#3601 = CARTESIAN_POINT('',(1.879559166477E-02,91.501829574002));
#3602 = CARTESIAN_POINT('',(2.81521160375E-02,91.500485259604));
#3603 = CARTESIAN_POINT('',(3.742926218499E-02,91.498488618905));
#3604 = CARTESIAN_POINT('',(4.659744336139E-02,91.495874905564));
#3605 = CARTESIAN_POINT('',(5.563354597617E-02,91.49268955414));
#3606 = CARTESIAN_POINT('',(6.452011642816E-02,91.488983104984));
#3607 = CARTESIAN_POINT('',(7.963404425089E-02,91.481747044765));
#3608 = CARTESIAN_POINT('',(8.593868636384E-02,91.478434627972));
#3609 = CARTESIAN_POINT('',(9.215591249315E-02,91.474887634442));
#3610 = CARTESIAN_POINT('',(9.828450683507E-02,91.471124345224));
#3611 = CARTESIAN_POINT('',(0.104324453082,91.467162203875));
#3612 = CARTESIAN_POINT('',(0.110276787935,91.463017453618));
#3613 = CARTESIAN_POINT('',(0.116143454622,91.458704774511));
#3614 = CARTESIAN_POINT('',(0.131465956793,91.446868289206));
#3615 = CARTESIAN_POINT('',(0.14077636896,91.439079830047));
#3616 = CARTESIAN_POINT('',(0.149872290311,91.430928466029));
#3617 = CARTESIAN_POINT('',(0.158766940444,91.422462954729));
#3618 = CARTESIAN_POINT('',(0.167473174727,91.413724341916));
#3619 = CARTESIAN_POINT('',(0.176003797856,91.404746415088));
#3620 = CARTESIAN_POINT('',(0.184371877426,91.395556156994));
#3621 = CARTESIAN_POINT('',(0.211986747334,91.364034576637));
#3622 = CARTESIAN_POINT('',(0.230531769996,91.340852008434));
#3623 = CARTESIAN_POINT('',(0.248405052915,91.31690234696));
#3624 = CARTESIAN_POINT('',(0.265714190227,91.292363681574));
#3625 = CARTESIAN_POINT('',(0.28254102563,91.267363500551));
#3626 = CARTESIAN_POINT('',(0.298955389696,91.241992393988));
#3627 = CARTESIAN_POINT('',(0.315016563043,91.216305243704));
#3628 = CARTESIAN_POINT('',(0.365719460927,91.132769712368));
#3629 = CARTESIAN_POINT('',(0.39913810596,91.07390702465));
#3630 = CARTESIAN_POINT('',(0.431566388616,91.01422158334));
#3631 = CARTESIAN_POINT('',(0.463228378836,90.95393950284));
#3632 = CARTESIAN_POINT('',(0.49431241479,90.8932358485));
#3633 = CARTESIAN_POINT('',(0.524936604292,90.832207277424));
#3634 = CARTESIAN_POINT('',(0.555208926331,90.77091891953));
#3635 = CARTESIAN_POINT('',(0.614418192993,90.649538555432));
#3636 = CARTESIAN_POINT('',(0.643356218471,90.58948608693));
#3637 = CARTESIAN_POINT('',(0.672104908476,90.529289736879));
#3638 = CARTESIAN_POINT('',(0.700717348085,90.468987128691));
#3639 = CARTESIAN_POINT('',(0.72923535726,90.408607709902));
#3640 = CARTESIAN_POINT('',(0.757694281864,90.348175755285));
#3641 = CARTESIAN_POINT('',(0.786125448728,90.28771187787));
#3642 = CARTESIAN_POINT('',(0.861001881778,90.12843273959));
#3643 = CARTESIAN_POINT('',(0.907444794537,90.02959731832));
#3644 = CARTESIAN_POINT('',(0.954004221173,89.930802942566));
#3645 = CARTESIAN_POINT('',(1.000775028227,89.832113805771));
#3646 = CARTESIAN_POINT('',(1.047839277735,89.733588632277));
#3647 = CARTESIAN_POINT('',(1.095274456488,89.635285089461));
#3648 = CARTESIAN_POINT('',(1.143158407462,89.537262116048));
#3649 = CARTESIAN_POINT('',(1.236877717722,89.348164789012));
#3650 = CARTESIAN_POINT('',(1.282644992262,89.257053039685));
#3651 = CARTESIAN_POINT('',(1.328939653606,89.166293350753));
#3652 = CARTESIAN_POINT('',(1.375827893419,89.075941388246));
#3653 = CARTESIAN_POINT('',(1.423378433422,88.986061301399));
#3654 = CARTESIAN_POINT('',(1.471665730352,88.896726971939));
#3655 = CARTESIAN_POINT('',(1.520773180923,88.808023263372));
#3656 = CARTESIAN_POINT('',(1.570796326795,88.720047270267));
#3657 = ( GEOMETRIC_REPRESENTATION_CONTEXT(2) 
PARAMETRIC_REPRESENTATION_CONTEXT() REPRESENTATION_CONTEXT('2D SPACE',''
  ) );
#3658 = ORIENTED_EDGE('',*,*,#3659,.F.);
#3659 = EDGE_CURVE('',#2590,#3472,#3660,.T.);
#3660 = SURFACE_CURVE('',#3661,(#3666,#3673),.PCURVE_S1.);
#3661 = CIRCLE('',#3662,4.4);
#3662 = AXIS2_PLACEMENT_3D('',#3663,#3664,#3665);
#3663 = CARTESIAN_POINT('',(-72.,-46.75,0.));
#3664 = DIRECTION('',(0.,0.,1.));
#3665 = DIRECTION('',(1.,0.,0.));
#3666 = PCURVE('',#1593,#3667);
#3667 = DEFINITIONAL_REPRESENTATION('',(#3668),#3672);
#3668 = LINE('',#3669,#3670);
#3669 = CARTESIAN_POINT('',(0.,4.712388980385));
#3670 = VECTOR('',#3671,1.);
#3671 = DIRECTION('',(1.,0.));
#3672 = ( GEOMETRIC_REPRESENTATION_CONTEXT(2) 
PARAMETRIC_REPRESENTATION_CONTEXT() REPRESENTATION_CONTEXT('2D SPACE',''
  ) );
#3673 = PCURVE('',#2628,#3674);
#3674 = DEFINITIONAL_REPRESENTATION('',(#3675),#3679);
#3675 = CIRCLE('',#3676,4.4);
#3676 = AXIS2_PLACEMENT_2D('',#3677,#3678);
#3677 = CARTESIAN_POINT('',(-72.,-46.75));
#3678 = DIRECTION('',(1.,0.));
#3679 = ( GEOMETRIC_REPRESENTATION_CONTEXT(2) 
PARAMETRIC_REPRESENTATION_CONTEXT() REPRESENTATION_CONTEXT('2D SPACE',''
  ) );
#3680 = ADVANCED_FACE('',(#3681),#1678,.T.);
#3681 = FACE_BOUND('',#3682,.F.);
#3682 = EDGE_LOOP('',(#3683,#3713,#3740,#3741));
#3683 = ORIENTED_EDGE('',*,*,#3684,.F.);
#3684 = EDGE_CURVE('',#3685,#3687,#3689,.T.);
#3685 = VERTEX_POINT('',#3686);
#3686 = CARTESIAN_POINT('',(-68.6,46.75,1.));
#3687 = VERTEX_POINT('',#3688);
#3688 = CARTESIAN_POINT('',(-68.6,46.75,4.5));
#3689 = SURFACE_CURVE('',#3690,(#3694,#3701),.PCURVE_S1.);
#3690 = LINE('',#3691,#3692);
#3691 = CARTESIAN_POINT('',(-68.6,46.75,0.));
#3692 = VECTOR('',#3693,1.);
#3693 = DIRECTION('',(0.,0.,1.));
#3694 = PCURVE('',#1678,#3695);
#3695 = DEFINITIONAL_REPRESENTATION('',(#3696),#3700);
#3696 = LINE('',#3697,#3698);
#3697 = CARTESIAN_POINT('',(-6.28318530718,0.));
#3698 = VECTOR('',#3699,1.);
#3699 = DIRECTION('',(-0.,-1.));
#3700 = ( GEOMETRIC_REPRESENTATION_CONTEXT(2) 
PARAMETRIC_REPRESENTATION_CONTEXT() REPRESENTATION_CONTEXT('2D SPACE',''
  ) );
#3701 = PCURVE('',#3702,#3707);
#3702 = CYLINDRICAL_SURFACE('',#3703,3.4);
#3703 = AXIS2_PLACEMENT_3D('',#3704,#3705,#3706);
#3704 = CARTESIAN_POINT('',(-72.,46.75,0.));
#3705 = DIRECTION('',(-0.,-0.,-1.));
#3706 = DIRECTION('',(1.,0.,0.));
#3707 = DEFINITIONAL_REPRESENTATION('',(#3708),#3712);
#3708 = LINE('',#3709,#3710);
#3709 = CARTESIAN_POINT('',(-0.,0.));
#3710 = VECTOR('',#3711,1.);
#3711 = DIRECTION('',(-0.,-1.));
#3712 = ( GEOMETRIC_REPRESENTATION_CONTEXT(2) 
PARAMETRIC_REPRESENTATION_CONTEXT() REPRESENTATION_CONTEXT('2D SPACE',''
  ) );
#3713 = ORIENTED_EDGE('',*,*,#3714,.F.);
#3714 = EDGE_CURVE('',#1663,#3685,#3715,.T.);
#3715 = SURFACE_CURVE('',#3716,(#3721,#3728),.PCURVE_S1.);
#3716 = CIRCLE('',#3717,3.4);
#3717 = AXIS2_PLACEMENT_3D('',#3718,#3719,#3720);
#3718 = CARTESIAN_POINT('',(-72.,46.75,1.));
#3719 = DIRECTION('',(0.,0.,1.));
#3720 = DIRECTION('',(-0.955882352941,-0.293749769933,0.));
#3721 = PCURVE('',#1678,#3722);
#3722 = DEFINITIONAL_REPRESENTATION('',(#3723),#3727);
#3723 = LINE('',#3724,#3725);
#3724 = CARTESIAN_POINT('',(-3.439739975934,-1.));
#3725 = VECTOR('',#3726,1.);
#3726 = DIRECTION('',(-1.,0.));
#3727 = ( GEOMETRIC_REPRESENTATION_CONTEXT(2) 
PARAMETRIC_REPRESENTATION_CONTEXT() REPRESENTATION_CONTEXT('2D SPACE',''
  ) );
#3728 = PCURVE('',#3729,#3734);
#3729 = TOROIDAL_SURFACE('',#3730,4.4,1.);
#3730 = AXIS2_PLACEMENT_3D('',#3731,#3732,#3733);
#3731 = CARTESIAN_POINT('',(-72.,46.75,1.));
#3732 = DIRECTION('',(0.,0.,1.));
#3733 = DIRECTION('',(-0.955882352941,-0.293749769933,0.));
#3734 = DEFINITIONAL_REPRESENTATION('',(#3735),#3739);
#3735 = LINE('',#3736,#3737);
#3736 = CARTESIAN_POINT('',(0.,3.14159265359));
#3737 = VECTOR('',#3738,1.);
#3738 = DIRECTION('',(1.,0.));
#3739 = ( GEOMETRIC_REPRESENTATION_CONTEXT(2) 
PARAMETRIC_REPRESENTATION_CONTEXT() REPRESENTATION_CONTEXT('2D SPACE',''
  ) );
#3740 = ORIENTED_EDGE('',*,*,#1660,.F.);
#3741 = ORIENTED_EDGE('',*,*,#3742,.T.);
#3742 = EDGE_CURVE('',#1661,#3687,#3743,.T.);
#3743 = SURFACE_CURVE('',#3744,(#3749,#3756),.PCURVE_S1.);
#3744 = CIRCLE('',#3745,3.4);
#3745 = AXIS2_PLACEMENT_3D('',#3746,#3747,#3748);
#3746 = CARTESIAN_POINT('',(-72.,46.75,4.5));
#3747 = DIRECTION('',(0.,0.,1.));
#3748 = DIRECTION('',(1.,0.,0.));
#3749 = PCURVE('',#1678,#3750);
#3750 = DEFINITIONAL_REPRESENTATION('',(#3751),#3755);
#3751 = LINE('',#3752,#3753);
#3752 = CARTESIAN_POINT('',(-0.,-4.5));
#3753 = VECTOR('',#3754,1.);
#3754 = DIRECTION('',(-1.,0.));
#3755 = ( GEOMETRIC_REPRESENTATION_CONTEXT(2) 
PARAMETRIC_REPRESENTATION_CONTEXT() REPRESENTATION_CONTEXT('2D SPACE',''
  ) );
#3756 = PCURVE('',#1706,#3757);
#3757 = DEFINITIONAL_REPRESENTATION('',(#3758),#3762);
#3758 = CIRCLE('',#3759,3.4);
#3759 = AXIS2_PLACEMENT_2D('',#3760,#3761);
#3760 = CARTESIAN_POINT('',(-72.,46.75));
#3761 = DIRECTION('',(1.,0.));
#3762 = ( GEOMETRIC_REPRESENTATION_CONTEXT(2) 
PARAMETRIC_REPRESENTATION_CONTEXT() REPRESENTATION_CONTEXT('2D SPACE',''
  ) );
#3763 = ADVANCED_FACE('',(#3764),#1784,.F.);
#3764 = FACE_BOUND('',#3765,.F.);
#3765 = EDGE_LOOP('',(#3766,#3954,#3975,#3976));
#3766 = ORIENTED_EDGE('',*,*,#3767,.T.);
#3767 = EDGE_CURVE('',#1663,#3768,#3770,.T.);
#3768 = VERTEX_POINT('',#3769);
#3769 = CARTESIAN_POINT('',(-74.25,42.968796487889,-2.22044604925E-16));
#3770 = SURFACE_CURVE('',#3771,(#3830,#3892),.PCURVE_S1.);
#3771 = B_SPLINE_CURVE_WITH_KNOTS('',8,(#3772,#3773,#3774,#3775,#3776,
    #3777,#3778,#3779,#3780,#3781,#3782,#3783,#3784,#3785,#3786,#3787,
    #3788,#3789,#3790,#3791,#3792,#3793,#3794,#3795,#3796,#3797,#3798,
    #3799,#3800,#3801,#3802,#3803,#3804,#3805,#3806,#3807,#3808,#3809,
    #3810,#3811,#3812,#3813,#3814,#3815,#3816,#3817,#3818,#3819,#3820,
    #3821,#3822,#3823,#3824,#3825,#3826,#3827,#3828,#3829),
  .UNSPECIFIED.,.F.,.F.,(9,7,7,7,7,7,7,7,9),(0.,2.653340169879E-02,
    4.596562167281E-02,7.80143119827E-02,0.153643079306,0.321241868891,
    0.484308181458,0.750698949224,1.),.UNSPECIFIED.);
#3772 = CARTESIAN_POINT('',(-75.25,45.751250782228,1.));
#3773 = CARTESIAN_POINT('',(-75.25,45.751250782228,0.990603437865));
#3774 = CARTESIAN_POINT('',(-75.2498990659,45.750578791774,
    0.981204396576));
#3775 = CARTESIAN_POINT('',(-75.24969718198,45.749234477376,
    0.971849151208));
#3776 = CARTESIAN_POINT('',(-75.24939693077,45.747237836677,
    0.962575810677));
#3777 = CARTESIAN_POINT('',(-75.24900284972,45.744624123335,
    0.953415086752));
#3778 = CARTESIAN_POINT('',(-75.24852078795,45.741438771911,
    0.94439106307));
#3779 = CARTESIAN_POINT('',(-75.24795726291,45.737732322754,
    0.935521964157));
#3780 = CARTESIAN_POINT('',(-75.24685123964,45.730496262535,
    0.920448559539));
#3781 = CARTESIAN_POINT('',(-75.2463433342,45.727183845741,
    0.914164235436));
#3782 = CARTESIAN_POINT('',(-75.24579749562,45.723636852211,
    0.907970745721));
#3783 = CARTESIAN_POINT('',(-75.24521605756,45.719873562993,
    0.901869490436));
#3784 = CARTESIAN_POINT('',(-75.24460124332,45.715911421644,
    0.895860631045));
#3785 = CARTESIAN_POINT('',(-75.24395511666,45.711766671387,
    0.889943245411));
#3786 = CARTESIAN_POINT('',(-75.24327953259,45.70745399228,
    0.884115482763));
#3787 = CARTESIAN_POINT('',(-75.24141592895,45.695617506975,
    0.868906733496));
#3788 = CARTESIAN_POINT('',(-75.24018034447,45.687829047815,
    0.859678089256));
#3789 = CARTESIAN_POINT('',(-75.2388764153,45.679677683798,
    0.850675241759));
#3790 = CARTESIAN_POINT('',(-75.23751023217,45.671212172497,
    0.841885197806));
#3791 = CARTESIAN_POINT('',(-75.23608692217,45.662473559684,
    0.833295244373));
#3792 = CARTESIAN_POINT('',(-75.23461067481,45.653495632856,
    0.824892677791));
#3793 = CARTESIAN_POINT('',(-75.23308476818,45.644305374761,
    0.816664532932));
#3794 = CARTESIAN_POINT('',(-75.22779920786,45.612783794404,
    0.789560217921));
#3795 = CARTESIAN_POINT('',(-75.22382769783,45.589601226201,
    0.771440352355));
#3796 = CARTESIAN_POINT('',(-75.21962944591,45.565651564726,
    0.75406038494));
#3797 = CARTESIAN_POINT('',(-75.21522535174,45.541112899341,
    0.737313919616));
#3798 = CARTESIAN_POINT('',(-75.21063081097,45.516112718317,
    0.721120225049));
#3799 = CARTESIAN_POINT('',(-75.2058567718,45.490741611754,
    0.705410764826));
#3800 = CARTESIAN_POINT('',(-75.20090899491,45.46505446147,
    0.690128036833));
#3801 = CARTESIAN_POINT('',(-75.18444156733,45.381518930133,
    0.642173811965));
#3802 = CARTESIAN_POINT('',(-75.17226849084,45.322656242415,
    0.611019895745));
#3803 = CARTESIAN_POINT('',(-75.15931882765,45.262970801105,
    0.581248337903));
#3804 = CARTESIAN_POINT('',(-75.14561681501,45.202688720605,
    0.552658321064));
#3805 = CARTESIAN_POINT('',(-75.13118381156,45.141985066264,
    0.525085540909));
#3806 = CARTESIAN_POINT('',(-75.1160319582,45.080956495188,
    0.498437491564));
#3807 = CARTESIAN_POINT('',(-75.10016816618,45.019668137294,
    0.472634173428));
#3808 = CARTESIAN_POINT('',(-75.06746201836,44.898287773196,
    0.423277865282));
#3809 = CARTESIAN_POINT('',(-75.05066499745,44.838235304694,
    0.399693597795));
#3810 = CARTESIAN_POINT('',(-75.03320647977,44.778038954642,
    0.376820230865));
#3811 = CARTESIAN_POINT('',(-75.01509240287,44.717736346454,
    0.354632438115));
#3812 = CARTESIAN_POINT('',(-74.99632838081,44.657356927666,
    0.333117181208));
#3813 = CARTESIAN_POINT('',(-74.97691990771,44.596924973048,
    0.312269013764));
#3814 = CARTESIAN_POINT('',(-74.95687242163,44.536461095634,0.2920877936
    ));
#3815 = CARTESIAN_POINT('',(-74.90240571709,44.377181957353,
    0.240708241992));
#3816 = CARTESIAN_POINT('',(-74.86693058115,44.278346536084,
    0.210632846318));
#3817 = CARTESIAN_POINT('',(-74.82978988362,44.179552160329,
    0.182375376074));
#3818 = CARTESIAN_POINT('',(-74.79101054777,44.080863023534,
    0.15599238483));
#3819 = CARTESIAN_POINT('',(-74.75062338045,43.982337850041,
    0.131563598499));
#3820 = CARTESIAN_POINT('',(-74.70866403382,43.884034307225,
    0.109185724311));
#3821 = CARTESIAN_POINT('',(-74.66517390601,43.786011333812,
    8.897069018571E-02));
#3822 = CARTESIAN_POINT('',(-74.57811319477,43.596914006757,
    5.427570962632E-02));
#3823 = CARTESIAN_POINT('',(-74.53472898898,43.50580225741,
    3.951162617271E-02));
#3824 = CARTESIAN_POINT('',(-74.49008746669,43.41504256846,
    2.686221175028E-02));
#3825 = CARTESIAN_POINT('',(-74.4442350282,43.324690605937,
    1.644617698213E-02));
#3826 = CARTESIAN_POINT('',(-74.39722716511,43.234810519072,
    8.396049926743E-03));
#3827 = CARTESIAN_POINT('',(-74.34913025493,43.145476189593,
    2.859430499286E-03));
#3828 = CARTESIAN_POINT('',(-74.30002335558,43.056772481006,
    2.448929046323E-07));
#3829 = CARTESIAN_POINT('',(-74.25,42.968796487889,0.));
#3830 = PCURVE('',#1784,#3831);
#3831 = DEFINITIONAL_REPRESENTATION('',(#3832),#3891);
#3832 = B_SPLINE_CURVE_WITH_KNOTS('',8,(#3833,#3834,#3835,#3836,#3837,
    #3838,#3839,#3840,#3841,#3842,#3843,#3844,#3845,#3846,#3847,#3848,
    #3849,#3850,#3851,#3852,#3853,#3854,#3855,#3856,#3857,#3858,#3859,
    #3860,#3861,#3862,#3863,#3864,#3865,#3866,#3867,#3868,#3869,#3870,
    #3871,#3872,#3873,#3874,#3875,#3876,#3877,#3878,#3879,#3880,#3881,
    #3882,#3883,#3884,#3885,#3886,#3887,#3888,#3889,#3890),
  .UNSPECIFIED.,.F.,.F.,(9,7,7,7,7,7,7,7,9),(0.,2.653340169879E-02,
    4.596562167281E-02,7.80143119827E-02,0.153643079306,0.321241868891,
    0.484308181458,0.750698949224,1.),.UNSPECIFIED.);
#3833 = CARTESIAN_POINT('',(0.,2.060573933704E-13));
#3834 = CARTESIAN_POINT('',(9.396562134579E-03,2.060502905362E-13));
#3835 = CARTESIAN_POINT('',(1.879559166585E-02,6.71990454361E-04));
#3836 = CARTESIAN_POINT('',(2.81521160391E-02,2.016304852096E-03));
#3837 = CARTESIAN_POINT('',(3.742926218709E-02,4.012945551371E-03));
#3838 = CARTESIAN_POINT('',(4.659744336396E-02,6.626658893342E-03));
#3839 = CARTESIAN_POINT('',(5.563354597923E-02,9.812010317021E-03));
#3840 = CARTESIAN_POINT('',(6.452011643171E-02,1.351845947394E-02));
#3841 = CARTESIAN_POINT('',(7.963404425487E-02,2.075451969362E-02));
#3842 = CARTESIAN_POINT('',(8.593868636779E-02,2.406693648668E-02));
#3843 = CARTESIAN_POINT('',(9.215591249709E-02,2.761393001682E-02));
#3844 = CARTESIAN_POINT('',(9.828450683905E-02,3.137721923469E-02));
#3845 = CARTESIAN_POINT('',(0.104324453086,3.533936058436E-02));
#3846 = CARTESIAN_POINT('',(0.110276787939,3.94841108409E-02));
#3847 = CARTESIAN_POINT('',(0.116143454626,4.379678994797E-02));
#3848 = CARTESIAN_POINT('',(0.131465956797,5.563327525329E-02));
#3849 = CARTESIAN_POINT('',(0.140776368964,6.342173441312E-02));
#3850 = CARTESIAN_POINT('',(0.149872290315,7.157309843048E-02));
#3851 = CARTESIAN_POINT('',(0.158766940448,8.003860973124E-02));
#3852 = CARTESIAN_POINT('',(0.167473174731,8.877722254393E-02));
#3853 = CARTESIAN_POINT('',(0.17600379786,9.775514937209E-02));
#3854 = CARTESIAN_POINT('',(0.18437187743,0.106945407467));
#3855 = CARTESIAN_POINT('',(0.211986747338,0.138466987824));
#3856 = CARTESIAN_POINT('',(0.23053177,0.161649556027));
#3857 = CARTESIAN_POINT('',(0.248405052919,0.185599217502));
#3858 = CARTESIAN_POINT('',(0.265714190231,0.210137882887));
#3859 = CARTESIAN_POINT('',(0.282541025634,0.235138063911));
#3860 = CARTESIAN_POINT('',(0.2989553897,0.260509170474));
#3861 = CARTESIAN_POINT('',(0.315016563047,0.286196320758));
#3862 = CARTESIAN_POINT('',(0.365719460931,0.369731852095));
#3863 = CARTESIAN_POINT('',(0.399138105964,0.428594539813));
#3864 = CARTESIAN_POINT('',(0.431566388619,0.488279981124));
#3865 = CARTESIAN_POINT('',(0.463228378841,0.548562061623));
#3866 = CARTESIAN_POINT('',(0.494312414793,0.609265715965));
#3867 = CARTESIAN_POINT('',(0.524936604297,0.67029428704));
#3868 = CARTESIAN_POINT('',(0.555208926335,0.731582644935));
#3869 = CARTESIAN_POINT('',(0.614418192997,0.852963009032));
#3870 = CARTESIAN_POINT('',(0.643356218475,0.913015477535));
#3871 = CARTESIAN_POINT('',(0.67210490848,0.973211827586));
#3872 = CARTESIAN_POINT('',(0.700717348089,1.033514435774));
#3873 = CARTESIAN_POINT('',(0.729235357264,1.093893854563));
#3874 = CARTESIAN_POINT('',(0.757694281868,1.15432580918));
#3875 = CARTESIAN_POINT('',(0.786125448732,1.214789686594));
#3876 = CARTESIAN_POINT('',(0.861001881782,1.374068824875));
#3877 = CARTESIAN_POINT('',(0.907444794541,1.472904246144));
#3878 = CARTESIAN_POINT('',(0.954004221177,1.571698621899));
#3879 = CARTESIAN_POINT('',(1.000775028231,1.670387758694));
#3880 = CARTESIAN_POINT('',(1.047839277739,1.768912932187));
#3881 = CARTESIAN_POINT('',(1.095274456492,1.867216475003));
#3882 = CARTESIAN_POINT('',(1.143158407466,1.965239448416));
#3883 = CARTESIAN_POINT('',(1.236877717735,2.154336775471));
#3884 = CARTESIAN_POINT('',(1.282644992313,2.245448524818));
#3885 = CARTESIAN_POINT('',(1.328939653647,2.336208213768));
#3886 = CARTESIAN_POINT('',(1.375827893429,2.426560176291));
#3887 = CARTESIAN_POINT('',(1.423378433437,2.516440263156));
#3888 = CARTESIAN_POINT('',(1.471665730438,2.605774592635));
#3889 = CARTESIAN_POINT('',(1.52077318108,2.694478301222));
#3890 = CARTESIAN_POINT('',(1.570796326795,2.782454294339));
#3891 = ( GEOMETRIC_REPRESENTATION_CONTEXT(2) 
PARAMETRIC_REPRESENTATION_CONTEXT() REPRESENTATION_CONTEXT('2D SPACE',''
  ) );
#3892 = PCURVE('',#3729,#3893);
#3893 = DEFINITIONAL_REPRESENTATION('',(#3894),#3953);
#3894 = B_SPLINE_CURVE_WITH_KNOTS('',8,(#3895,#3896,#3897,#3898,#3899,
    #3900,#3901,#3902,#3903,#3904,#3905,#3906,#3907,#3908,#3909,#3910,
    #3911,#3912,#3913,#3914,#3915,#3916,#3917,#3918,#3919,#3920,#3921,
    #3922,#3923,#3924,#3925,#3926,#3927,#3928,#3929,#3930,#3931,#3932,
    #3933,#3934,#3935,#3936,#3937,#3938,#3939,#3940,#3941,#3942,#3943,
    #3944,#3945,#3946,#3947,#3948,#3949,#3950,#3951,#3952),
  .UNSPECIFIED.,.F.,.F.,(9,7,7,7,7,7,7,7,9),(0.,2.653340169879E-02,
    4.596562167281E-02,7.80143119827E-02,0.153643079306,0.321241868891,
    0.484308181458,0.750698949224,1.),.UNSPECIFIED.);
#3895 = CARTESIAN_POINT('',(6.306066779871E-14,3.14159265359));
#3896 = CARTESIAN_POINT('',(6.306066779871E-14,3.150989215724));
#3897 = CARTESIAN_POINT('',(1.976434689821E-04,3.160388245256));
#3898 = CARTESIAN_POINT('',(5.930313730156E-04,3.169744769629));
#3899 = CARTESIAN_POINT('',(1.180245821401E-03,3.179021915777));
#3900 = CARTESIAN_POINT('',(1.948852629466E-03,3.188190096954));
#3901 = CARTESIAN_POINT('',(2.885403881674E-03,3.197226199569));
#3902 = CARTESIAN_POINT('',(3.974940494675E-03,3.206112770022));
#3903 = CARTESIAN_POINT('',(6.101516518311E-03,3.221226697845));
#3904 = CARTESIAN_POINT('',(7.074848052031E-03,3.227531339958));
#3905 = CARTESIAN_POINT('',(8.116935423844E-03,3.233748566087));
#3906 = CARTESIAN_POINT('',(9.222364763961E-03,3.239877160429));
#3907 = CARTESIAN_POINT('',(1.038596947249E-02,3.245917106675));
#3908 = CARTESIAN_POINT('',(1.160293740144E-02,3.251869441529));
#3909 = CARTESIAN_POINT('',(1.286891803674E-02,3.257736108216));
#3910 = CARTESIAN_POINT('',(1.634265233333E-02,3.273058610387));
#3911 = CARTESIAN_POINT('',(1.862754380445E-02,3.282369022554));
#3912 = CARTESIAN_POINT('',(2.101792168696E-02,3.291464943905));
#3913 = CARTESIAN_POINT('',(2.34993231932E-02,3.300359594038));
#3914 = CARTESIAN_POINT('',(2.605956844139E-02,3.309065828321));
#3915 = CARTESIAN_POINT('',(2.868862374258E-02,3.317596451449));
#3916 = CARTESIAN_POINT('',(3.13784648875E-02,3.325964531019));
#3917 = CARTESIAN_POINT('',(4.059937677111E-02,3.353579400928));
#3918 = CARTESIAN_POINT('',(4.737286460134E-02,3.37212442359));
#3919 = CARTESIAN_POINT('',(5.436119632054E-02,3.389997706509));
#3920 = CARTESIAN_POINT('',(6.151115828984E-02,3.407306843821));
#3921 = CARTESIAN_POINT('',(6.878458684663E-02,3.424133679224));
#3922 = CARTESIAN_POINT('',(7.615426189816E-02,3.44054804329));
#3923 = CARTESIAN_POINT('',(8.360347471068E-02,3.456609216637));
#3924 = CARTESIAN_POINT('',(0.107787151576,3.50731211452));
#3925 = CARTESIAN_POINT('',(0.124765436087,3.540730759554));
#3926 = CARTESIAN_POINT('',(0.141911289421,3.57315904221));
#3927 = CARTESIAN_POINT('',(0.15915342456,3.60482103243));
#3928 = CARTESIAN_POINT('',(0.176436141005,3.635905068383));
#3929 = CARTESIAN_POINT('',(0.19372719882,3.666529257886));
#3930 = CARTESIAN_POINT('',(0.211003727336,3.696801579924));
#3931 = CARTESIAN_POINT('',(0.245038063273,3.756010846587));
#3932 = CARTESIAN_POINT('',(0.261789671262,3.784948872065));
#3933 = CARTESIAN_POINT('',(0.278491075511,3.81369756207));
#3934 = CARTESIAN_POINT('',(0.295128389236,3.842310001679));
#3935 = CARTESIAN_POINT('',(0.311690404159,3.870828010854));
#3936 = CARTESIAN_POINT('',(0.328167694643,3.899286935458));
#3937 = CARTESIAN_POINT('',(0.34455216134,3.927718102322));
#3938 = CARTESIAN_POINT('',(0.387440513459,4.002594535372));
#3939 = CARTESIAN_POINT('',(0.413776871588,4.049037448131));
#3940 = CARTESIAN_POINT('',(0.439815935538,4.095596874767));
#3941 = CARTESIAN_POINT('',(0.465533018372,4.14236768182));
#3942 = CARTESIAN_POINT('',(0.490907056811,4.189431931328));
#3943 = CARTESIAN_POINT('',(0.515919377337,4.236867110082));
#3944 = CARTESIAN_POINT('',(0.540553071014,4.284751061055));
#3945 = CARTESIAN_POINT('',(0.587477824865,4.378470371324));
#3946 = CARTESIAN_POINT('',(0.60981655354,4.424237645903));
#3947 = CARTESIAN_POINT('',(0.631797066158,4.470532307237));
#3948 = CARTESIAN_POINT('',(0.653407027886,4.517420547019));
#3949 = CARTESIAN_POINT('',(0.674633719953,4.564971087027));
#3950 = CARTESIAN_POINT('',(0.695463893655,4.613258384028));
#3951 = CARTESIAN_POINT('',(0.715883624373,4.66236583467));
#3952 = CARTESIAN_POINT('',(0.735878165579,4.712388980385));
#3953 = ( GEOMETRIC_REPRESENTATION_CONTEXT(2) 
PARAMETRIC_REPRESENTATION_CONTEXT() REPRESENTATION_CONTEXT('2D SPACE',''
  ) );
#3954 = ORIENTED_EDGE('',*,*,#3955,.T.);
#3955 = EDGE_CURVE('',#3768,#3472,#3956,.T.);
#3956 = SURFACE_CURVE('',#3957,(#3961,#3968),.PCURVE_S1.);
#3957 = LINE('',#3958,#3959);
#3958 = CARTESIAN_POINT('',(-74.25,45.751250782228,-2.22044604925E-16));
#3959 = VECTOR('',#3960,1.);
#3960 = DIRECTION('',(0.,-1.,0.));
#3961 = PCURVE('',#1784,#3962);
#3962 = DEFINITIONAL_REPRESENTATION('',(#3963),#3967);
#3963 = LINE('',#3964,#3965);
#3964 = CARTESIAN_POINT('',(1.570796326795,0.));
#3965 = VECTOR('',#3966,1.);
#3966 = DIRECTION('',(0.,1.));
#3967 = ( GEOMETRIC_REPRESENTATION_CONTEXT(2) 
PARAMETRIC_REPRESENTATION_CONTEXT() REPRESENTATION_CONTEXT('2D SPACE',''
  ) );
#3968 = PCURVE('',#2628,#3969);
#3969 = DEFINITIONAL_REPRESENTATION('',(#3970),#3974);
#3970 = LINE('',#3971,#3972);
#3971 = CARTESIAN_POINT('',(-74.25,45.751250782228));
#3972 = VECTOR('',#3973,1.);
#3973 = DIRECTION('',(0.,-1.));
#3974 = ( GEOMETRIC_REPRESENTATION_CONTEXT(2) 
PARAMETRIC_REPRESENTATION_CONTEXT() REPRESENTATION_CONTEXT('2D SPACE',''
  ) );
#3975 = ORIENTED_EDGE('',*,*,#3471,.F.);
#3976 = ORIENTED_EDGE('',*,*,#1770,.F.);
#3977 = ADVANCED_FACE('',(#3978,#4055),#1706,.T.);
#3978 = FACE_BOUND('',#3979,.T.);
#3979 = EDGE_LOOP('',(#3980,#3981,#4005,#4028,#4054));
#3980 = ORIENTED_EDGE('',*,*,#3742,.T.);
#3981 = ORIENTED_EDGE('',*,*,#3982,.T.);
#3982 = EDGE_CURVE('',#3687,#3983,#3985,.T.);
#3983 = VERTEX_POINT('',#3984);
#3984 = CARTESIAN_POINT('',(-71.00125078222,50.,4.5));
#3985 = SURFACE_CURVE('',#3986,(#3991,#3998),.PCURVE_S1.);
#3986 = CIRCLE('',#3987,3.4);
#3987 = AXIS2_PLACEMENT_3D('',#3988,#3989,#3990);
#3988 = CARTESIAN_POINT('',(-72.,46.75,4.5));
#3989 = DIRECTION('',(0.,0.,1.));
#3990 = DIRECTION('',(1.,0.,0.));
#3991 = PCURVE('',#1706,#3992);
#3992 = DEFINITIONAL_REPRESENTATION('',(#3993),#3997);
#3993 = CIRCLE('',#3994,3.4);
#3994 = AXIS2_PLACEMENT_2D('',#3995,#3996);
#3995 = CARTESIAN_POINT('',(-72.,46.75));
#3996 = DIRECTION('',(1.,0.));
#3997 = ( GEOMETRIC_REPRESENTATION_CONTEXT(2) 
PARAMETRIC_REPRESENTATION_CONTEXT() REPRESENTATION_CONTEXT('2D SPACE',''
  ) );
#3998 = PCURVE('',#3702,#3999);
#3999 = DEFINITIONAL_REPRESENTATION('',(#4000),#4004);
#4000 = LINE('',#4001,#4002);
#4001 = CARTESIAN_POINT('',(-0.,-4.5));
#4002 = VECTOR('',#4003,1.);
#4003 = DIRECTION('',(-1.,0.));
#4004 = ( GEOMETRIC_REPRESENTATION_CONTEXT(2) 
PARAMETRIC_REPRESENTATION_CONTEXT() REPRESENTATION_CONTEXT('2D SPACE',''
  ) );
#4005 = ORIENTED_EDGE('',*,*,#4006,.T.);
#4006 = EDGE_CURVE('',#3983,#4007,#4009,.T.);
#4007 = VERTEX_POINT('',#4008);
#4008 = CARTESIAN_POINT('',(-72.25,50.,4.5));
#4009 = SURFACE_CURVE('',#4010,(#4014,#4021),.PCURVE_S1.);
#4010 = LINE('',#4011,#4012);
#4011 = CARTESIAN_POINT('',(36.125,50.,4.5));
#4012 = VECTOR('',#4013,1.);
#4013 = DIRECTION('',(-1.,0.,0.));
#4014 = PCURVE('',#1706,#4015);
#4015 = DEFINITIONAL_REPRESENTATION('',(#4016),#4020);
#4016 = LINE('',#4017,#4018);
#4017 = CARTESIAN_POINT('',(36.125,50.));
#4018 = VECTOR('',#4019,1.);
#4019 = DIRECTION('',(-1.,0.));
#4020 = ( GEOMETRIC_REPRESENTATION_CONTEXT(2) 
PARAMETRIC_REPRESENTATION_CONTEXT() REPRESENTATION_CONTEXT('2D SPACE',''
  ) );
#4021 = PCURVE('',#3254,#4022);
#4022 = DEFINITIONAL_REPRESENTATION('',(#4023),#4027);
#4023 = LINE('',#4024,#4025);
#4024 = CARTESIAN_POINT('',(36.125,-4.5));
#4025 = VECTOR('',#4026,1.);
#4026 = DIRECTION('',(1.,0.));
#4027 = ( GEOMETRIC_REPRESENTATION_CONTEXT(2) 
PARAMETRIC_REPRESENTATION_CONTEXT() REPRESENTATION_CONTEXT('2D SPACE',''
  ) );
#4028 = ORIENTED_EDGE('',*,*,#4029,.F.);
#4029 = EDGE_CURVE('',#1691,#4007,#4030,.T.);
#4030 = SURFACE_CURVE('',#4031,(#4036,#4047),.PCURVE_S1.);
#4031 = CIRCLE('',#4032,3.);
#4032 = AXIS2_PLACEMENT_3D('',#4033,#4034,#4035);
#4033 = CARTESIAN_POINT('',(-72.25,47.,4.5));
#4034 = DIRECTION('',(0.,0.,-1.));
#4035 = DIRECTION('',(1.,0.,0.));
#4036 = PCURVE('',#1706,#4037);
#4037 = DEFINITIONAL_REPRESENTATION('',(#4038),#4046);
#4038 = ( BOUNDED_CURVE() B_SPLINE_CURVE(2,(#4039,#4040,#4041,#4042,
#4043,#4044,#4045),.UNSPECIFIED.,.T.,.F.) B_SPLINE_CURVE_WITH_KNOTS((1,2
    ,2,2,2,1),(-2.094395102393,0.,2.094395102393,4.188790204786,
6.28318530718,8.377580409573),.UNSPECIFIED.) CURVE() 
GEOMETRIC_REPRESENTATION_ITEM() RATIONAL_B_SPLINE_CURVE((1.,0.5,1.,0.5,
1.,0.5,1.)) REPRESENTATION_ITEM('') );
#4039 = CARTESIAN_POINT('',(-69.25,47.));
#4040 = CARTESIAN_POINT('',(-69.25,41.803847577293));
#4041 = CARTESIAN_POINT('',(-73.75,44.401923788647));
#4042 = CARTESIAN_POINT('',(-78.25,47.));
#4043 = CARTESIAN_POINT('',(-73.75,49.598076211353));
#4044 = CARTESIAN_POINT('',(-69.25,52.196152422707));
#4045 = CARTESIAN_POINT('',(-69.25,47.));
#4046 = ( GEOMETRIC_REPRESENTATION_CONTEXT(2) 
PARAMETRIC_REPRESENTATION_CONTEXT() REPRESENTATION_CONTEXT('2D SPACE',''
  ) );
#4047 = PCURVE('',#1734,#4048);
#4048 = DEFINITIONAL_REPRESENTATION('',(#4049),#4053);
#4049 = LINE('',#4050,#4051);
#4050 = CARTESIAN_POINT('',(-6.28318530718,-4.5));
#4051 = VECTOR('',#4052,1.);
#4052 = DIRECTION('',(1.,-0.));
#4053 = ( GEOMETRIC_REPRESENTATION_CONTEXT(2) 
PARAMETRIC_REPRESENTATION_CONTEXT() REPRESENTATION_CONTEXT('2D SPACE',''
  ) );
#4054 = ORIENTED_EDGE('',*,*,#1690,.T.);
#4055 = FACE_BOUND('',#4056,.T.);
#4056 = EDGE_LOOP('',(#4057));
#4057 = ORIENTED_EDGE('',*,*,#4058,.F.);
#4058 = EDGE_CURVE('',#4059,#4059,#4061,.T.);
#4059 = VERTEX_POINT('',#4060);
#4060 = CARTESIAN_POINT('',(-70.6,46.75,4.5));
#4061 = SURFACE_CURVE('',#4062,(#4067,#4074),.PCURVE_S1.);
#4062 = CIRCLE('',#4063,1.4);
#4063 = AXIS2_PLACEMENT_3D('',#4064,#4065,#4066);
#4064 = CARTESIAN_POINT('',(-72.,46.75,4.5));
#4065 = DIRECTION('',(0.,0.,1.));
#4066 = DIRECTION('',(1.,0.,0.));
#4067 = PCURVE('',#1706,#4068);
#4068 = DEFINITIONAL_REPRESENTATION('',(#4069),#4073);
#4069 = CIRCLE('',#4070,1.4);
#4070 = AXIS2_PLACEMENT_2D('',#4071,#4072);
#4071 = CARTESIAN_POINT('',(-72.,46.75));
#4072 = DIRECTION('',(1.,0.));
#4073 = ( GEOMETRIC_REPRESENTATION_CONTEXT(2) 
PARAMETRIC_REPRESENTATION_CONTEXT() REPRESENTATION_CONTEXT('2D SPACE',''
  ) );
#4074 = PCURVE('',#2275,#4075);
#4075 = DEFINITIONAL_REPRESENTATION('',(#4076),#4080);
#4076 = LINE('',#4077,#4078);
#4077 = CARTESIAN_POINT('',(0.,0.));
#4078 = VECTOR('',#4079,1.);
#4079 = DIRECTION('',(1.,0.));
#4080 = ( GEOMETRIC_REPRESENTATION_CONTEXT(2) 
PARAMETRIC_REPRESENTATION_CONTEXT() REPRESENTATION_CONTEXT('2D SPACE',''
  ) );
#4081 = ADVANCED_FACE('',(#4082),#1734,.F.);
#4082 = FACE_BOUND('',#4083,.T.);
#4083 = EDGE_LOOP('',(#4084,#4085,#4106,#4107));
#4084 = ORIENTED_EDGE('',*,*,#4029,.T.);
#4085 = ORIENTED_EDGE('',*,*,#4086,.T.);
#4086 = EDGE_CURVE('',#4007,#3344,#4087,.T.);
#4087 = SURFACE_CURVE('',#4088,(#4092,#4099),.PCURVE_S1.);
#4088 = LINE('',#4089,#4090);
#4089 = CARTESIAN_POINT('',(-72.25,50.,0.));
#4090 = VECTOR('',#4091,1.);
#4091 = DIRECTION('',(0.,0.,1.));
#4092 = PCURVE('',#1734,#4093);
#4093 = DEFINITIONAL_REPRESENTATION('',(#4094),#4098);
#4094 = LINE('',#4095,#4096);
#4095 = CARTESIAN_POINT('',(-1.570796326795,0.));
#4096 = VECTOR('',#4097,1.);
#4097 = DIRECTION('',(-0.,-1.));
#4098 = ( GEOMETRIC_REPRESENTATION_CONTEXT(2) 
PARAMETRIC_REPRESENTATION_CONTEXT() REPRESENTATION_CONTEXT('2D SPACE',''
  ) );
#4099 = PCURVE('',#3254,#4100);
#4100 = DEFINITIONAL_REPRESENTATION('',(#4101),#4105);
#4101 = LINE('',#4102,#4103);
#4102 = CARTESIAN_POINT('',(144.5,0.));
#4103 = VECTOR('',#4104,1.);
#4104 = DIRECTION('',(0.,-1.));
#4105 = ( GEOMETRIC_REPRESENTATION_CONTEXT(2) 
PARAMETRIC_REPRESENTATION_CONTEXT() REPRESENTATION_CONTEXT('2D SPACE',''
  ) );
#4106 = ORIENTED_EDGE('',*,*,#3343,.T.);
#4107 = ORIENTED_EDGE('',*,*,#1718,.F.);
#4108 = ADVANCED_FACE('',(#4109),#1860,.F.);
#4109 = FACE_BOUND('',#4110,.F.);
#4110 = EDGE_LOOP('',(#4111,#4132,#4133,#4154));
#4111 = ORIENTED_EDGE('',*,*,#4112,.T.);
#4112 = EDGE_CURVE('',#1800,#3023,#4113,.T.);
#4113 = SURFACE_CURVE('',#4114,(#4118,#4125),.PCURVE_S1.);
#4114 = LINE('',#4115,#4116);
#4115 = CARTESIAN_POINT('',(-77.25,47.000000000016,0.));
#4116 = VECTOR('',#4117,1.);
#4117 = DIRECTION('',(0.,0.,1.));
#4118 = PCURVE('',#1860,#4119);
#4119 = DEFINITIONAL_REPRESENTATION('',(#4120),#4124);
#4120 = LINE('',#4121,#4122);
#4121 = CARTESIAN_POINT('',(0.,0.));
#4122 = VECTOR('',#4123,1.);
#4123 = DIRECTION('',(0.,-1.));
#4124 = ( GEOMETRIC_REPRESENTATION_CONTEXT(2) 
PARAMETRIC_REPRESENTATION_CONTEXT() REPRESENTATION_CONTEXT('2D SPACE',''
  ) );
#4125 = PCURVE('',#1915,#4126);
#4126 = DEFINITIONAL_REPRESENTATION('',(#4127),#4131);
#4127 = LINE('',#4128,#4129);
#4128 = CARTESIAN_POINT('',(-3.141592653587,0.));
#4129 = VECTOR('',#4130,1.);
#4130 = DIRECTION('',(-0.,-1.));
#4131 = ( GEOMETRIC_REPRESENTATION_CONTEXT(2) 
PARAMETRIC_REPRESENTATION_CONTEXT() REPRESENTATION_CONTEXT('2D SPACE',''
  ) );
#4132 = ORIENTED_EDGE('',*,*,#3046,.T.);
#4133 = ORIENTED_EDGE('',*,*,#4134,.F.);
#4134 = EDGE_CURVE('',#1824,#3047,#4135,.T.);
#4135 = SURFACE_CURVE('',#4136,(#4140,#4147),.PCURVE_S1.);
#4136 = LINE('',#4137,#4138);
#4137 = CARTESIAN_POINT('',(-77.25,-47.,0.));
#4138 = VECTOR('',#4139,1.);
#4139 = DIRECTION('',(0.,0.,1.));
#4140 = PCURVE('',#1860,#4141);
#4141 = DEFINITIONAL_REPRESENTATION('',(#4142),#4146);
#4142 = LINE('',#4143,#4144);
#4143 = CARTESIAN_POINT('',(94.000000000016,0.));
#4144 = VECTOR('',#4145,1.);
#4145 = DIRECTION('',(0.,-1.));
#4146 = ( GEOMETRIC_REPRESENTATION_CONTEXT(2) 
PARAMETRIC_REPRESENTATION_CONTEXT() REPRESENTATION_CONTEXT('2D SPACE',''
  ) );
#4147 = PCURVE('',#1970,#4148);
#4148 = DEFINITIONAL_REPRESENTATION('',(#4149),#4153);
#4149 = LINE('',#4150,#4151);
#4150 = CARTESIAN_POINT('',(-3.14159265359,0.));
#4151 = VECTOR('',#4152,1.);
#4152 = DIRECTION('',(-0.,-1.));
#4153 = ( GEOMETRIC_REPRESENTATION_CONTEXT(2) 
PARAMETRIC_REPRESENTATION_CONTEXT() REPRESENTATION_CONTEXT('2D SPACE',''
  ) );
#4154 = ORIENTED_EDGE('',*,*,#1846,.F.);
#4155 = ADVANCED_FACE('',(#4156),#1915,.T.);
#4156 = FACE_BOUND('',#4157,.F.);
#4157 = EDGE_LOOP('',(#4158,#4179,#4180,#4181));
#4158 = ORIENTED_EDGE('',*,*,#4159,.T.);
#4159 = EDGE_CURVE('',#1876,#3021,#4160,.T.);
#4160 = SURFACE_CURVE('',#4161,(#4165,#4172),.PCURVE_S1.);
#4161 = LINE('',#4162,#4163);
#4162 = CARTESIAN_POINT('',(-72.25,52.,0.));
#4163 = VECTOR('',#4164,1.);
#4164 = DIRECTION('',(0.,0.,1.));
#4165 = PCURVE('',#1915,#4166);
#4166 = DEFINITIONAL_REPRESENTATION('',(#4167),#4171);
#4167 = LINE('',#4168,#4169);
#4168 = CARTESIAN_POINT('',(-1.570796326795,0.));
#4169 = VECTOR('',#4170,1.);
#4170 = DIRECTION('',(-0.,-1.));
#4171 = ( GEOMETRIC_REPRESENTATION_CONTEXT(2) 
PARAMETRIC_REPRESENTATION_CONTEXT() REPRESENTATION_CONTEXT('2D SPACE',''
  ) );
#4172 = PCURVE('',#2024,#4173);
#4173 = DEFINITIONAL_REPRESENTATION('',(#4174),#4178);
#4174 = LINE('',#4175,#4176);
#4175 = CARTESIAN_POINT('',(144.5,0.));
#4176 = VECTOR('',#4177,1.);
#4177 = DIRECTION('',(0.,-1.));
#4178 = ( GEOMETRIC_REPRESENTATION_CONTEXT(2) 
PARAMETRIC_REPRESENTATION_CONTEXT() REPRESENTATION_CONTEXT('2D SPACE',''
  ) );
#4179 = ORIENTED_EDGE('',*,*,#3020,.T.);
#4180 = ORIENTED_EDGE('',*,*,#4112,.F.);
#4181 = ORIENTED_EDGE('',*,*,#1900,.F.);
#4182 = ADVANCED_FACE('',(#4183),#1970,.T.);
#4183 = FACE_BOUND('',#4184,.F.);
#4184 = EDGE_LOOP('',(#4185,#4186,#4187,#4208));
#4185 = ORIENTED_EDGE('',*,*,#4134,.T.);
#4186 = ORIENTED_EDGE('',*,*,#3069,.T.);
#4187 = ORIENTED_EDGE('',*,*,#4188,.F.);
#4188 = EDGE_CURVE('',#1933,#3070,#4189,.T.);
#4189 = SURFACE_CURVE('',#4190,(#4194,#4201),.PCURVE_S1.);
#4190 = LINE('',#4191,#4192);
#4191 = CARTESIAN_POINT('',(-72.25,-52.,0.));
#4192 = VECTOR('',#4193,1.);
#4193 = DIRECTION('',(0.,0.,1.));
#4194 = PCURVE('',#1970,#4195);
#4195 = DEFINITIONAL_REPRESENTATION('',(#4196),#4200);
#4196 = LINE('',#4197,#4198);
#4197 = CARTESIAN_POINT('',(-4.712388980385,0.));
#4198 = VECTOR('',#4199,1.);
#4199 = DIRECTION('',(-0.,-1.));
#4200 = ( GEOMETRIC_REPRESENTATION_CONTEXT(2) 
PARAMETRIC_REPRESENTATION_CONTEXT() REPRESENTATION_CONTEXT('2D SPACE',''
  ) );
#4201 = PCURVE('',#2078,#4202);
#4202 = DEFINITIONAL_REPRESENTATION('',(#4203),#4207);
#4203 = LINE('',#4204,#4205);
#4204 = CARTESIAN_POINT('',(0.,0.));
#4205 = VECTOR('',#4206,1.);
#4206 = DIRECTION('',(0.,-1.));
#4207 = ( GEOMETRIC_REPRESENTATION_CONTEXT(2) 
PARAMETRIC_REPRESENTATION_CONTEXT() REPRESENTATION_CONTEXT('2D SPACE',''
  ) );
#4208 = ORIENTED_EDGE('',*,*,#1955,.F.);
#4209 = ADVANCED_FACE('',(#4210),#2024,.F.);
#4210 = FACE_BOUND('',#4211,.F.);
#4211 = EDGE_LOOP('',(#4212,#4213,#4234,#4235,#4263,#4291,#4317,#4318));
#4212 = ORIENTED_EDGE('',*,*,#2010,.F.);
#4213 = ORIENTED_EDGE('',*,*,#4214,.T.);
#4214 = EDGE_CURVE('',#1986,#3164,#4215,.T.);
#4215 = SURFACE_CURVE('',#4216,(#4220,#4227),.PCURVE_S1.);
#4216 = LINE('',#4217,#4218);
#4217 = CARTESIAN_POINT('',(72.25,52.,0.));
#4218 = VECTOR('',#4219,1.);
#4219 = DIRECTION('',(0.,0.,1.));
#4220 = PCURVE('',#2024,#4221);
#4221 = DEFINITIONAL_REPRESENTATION('',(#4222),#4226);
#4222 = LINE('',#4223,#4224);
#4223 = CARTESIAN_POINT('',(0.,-0.));
#4224 = VECTOR('',#4225,1.);
#4225 = DIRECTION('',(0.,-1.));
#4226 = ( GEOMETRIC_REPRESENTATION_CONTEXT(2) 
PARAMETRIC_REPRESENTATION_CONTEXT() REPRESENTATION_CONTEXT('2D SPACE',''
  ) );
#4227 = PCURVE('',#2133,#4228);
#4228 = DEFINITIONAL_REPRESENTATION('',(#4229),#4233);
#4229 = LINE('',#4230,#4231);
#4230 = CARTESIAN_POINT('',(-1.570796326795,0.));
#4231 = VECTOR('',#4232,1.);
#4232 = DIRECTION('',(-0.,-1.));
#4233 = ( GEOMETRIC_REPRESENTATION_CONTEXT(2) 
PARAMETRIC_REPRESENTATION_CONTEXT() REPRESENTATION_CONTEXT('2D SPACE',''
  ) );
#4234 = ORIENTED_EDGE('',*,*,#3187,.T.);
#4235 = ORIENTED_EDGE('',*,*,#4236,.T.);
#4236 = EDGE_CURVE('',#3188,#4237,#4239,.T.);
#4237 = VERTEX_POINT('',#4238);
#4238 = CARTESIAN_POINT('',(-49.27665596573,52.,6.));
#4239 = SURFACE_CURVE('',#4240,(#4245,#4256),.PCURVE_S1.);
#4240 = CIRCLE('',#4241,3.25);
#4241 = AXIS2_PLACEMENT_3D('',#4242,#4243,#4244);
#4242 = CARTESIAN_POINT('',(-47.2,52.,8.5));
#4243 = DIRECTION('',(0.,1.,-2.22044604925E-16));
#4244 = DIRECTION('',(-1.,0.,0.));
#4245 = PCURVE('',#2024,#4246);
#4246 = DEFINITIONAL_REPRESENTATION('',(#4247),#4255);
#4247 = ( BOUNDED_CURVE() B_SPLINE_CURVE(2,(#4248,#4249,#4250,#4251,
#4252,#4253,#4254),.UNSPECIFIED.,.T.,.F.) B_SPLINE_CURVE_WITH_KNOTS((1,2
    ,2,2,2,1),(-2.094395102393,0.,2.094395102393,4.188790204786,
6.28318530718,8.377580409573),.UNSPECIFIED.) CURVE() 
GEOMETRIC_REPRESENTATION_ITEM() RATIONAL_B_SPLINE_CURVE((1.,0.5,1.,0.5,
1.,0.5,1.)) REPRESENTATION_ITEM('') );
#4248 = CARTESIAN_POINT('',(122.7,-8.5));
#4249 = CARTESIAN_POINT('',(122.7,-14.12916512459));
#4250 = CARTESIAN_POINT('',(117.825,-11.31458256229));
#4251 = CARTESIAN_POINT('',(112.95,-8.5));
#4252 = CARTESIAN_POINT('',(117.825,-5.685417437701));
#4253 = CARTESIAN_POINT('',(122.7,-2.870834875401));
#4254 = CARTESIAN_POINT('',(122.7,-8.5));
#4255 = ( GEOMETRIC_REPRESENTATION_CONTEXT(2) 
PARAMETRIC_REPRESENTATION_CONTEXT() REPRESENTATION_CONTEXT('2D SPACE',''
  ) );
#4256 = PCURVE('',#3226,#4257);
#4257 = DEFINITIONAL_REPRESENTATION('',(#4258),#4262);
#4258 = LINE('',#4259,#4260);
#4259 = CARTESIAN_POINT('',(0.,0.));
#4260 = VECTOR('',#4261,1.);
#4261 = DIRECTION('',(1.,0.));
#4262 = ( GEOMETRIC_REPRESENTATION_CONTEXT(2) 
PARAMETRIC_REPRESENTATION_CONTEXT() REPRESENTATION_CONTEXT('2D SPACE',''
  ) );
#4263 = ORIENTED_EDGE('',*,*,#4264,.T.);
#4264 = EDGE_CURVE('',#4237,#4265,#4267,.T.);
#4265 = VERTEX_POINT('',#4266);
#4266 = CARTESIAN_POINT('',(-59.52334403427,52.,6.));
#4267 = SURFACE_CURVE('',#4268,(#4272,#4279),.PCURVE_S1.);
#4268 = LINE('',#4269,#4270);
#4269 = CARTESIAN_POINT('',(72.25,52.,6.));
#4270 = VECTOR('',#4271,1.);
#4271 = DIRECTION('',(-1.,0.,0.));
#4272 = PCURVE('',#2024,#4273);
#4273 = DEFINITIONAL_REPRESENTATION('',(#4274),#4278);
#4274 = LINE('',#4275,#4276);
#4275 = CARTESIAN_POINT('',(0.,-6.));
#4276 = VECTOR('',#4277,1.);
#4277 = DIRECTION('',(1.,0.));
#4278 = ( GEOMETRIC_REPRESENTATION_CONTEXT(2) 
PARAMETRIC_REPRESENTATION_CONTEXT() REPRESENTATION_CONTEXT('2D SPACE',''
  ) );
#4279 = PCURVE('',#4280,#4285);
#4280 = PLANE('',#4281);
#4281 = AXIS2_PLACEMENT_3D('',#4282,#4283,#4284);
#4282 = CARTESIAN_POINT('',(1.302587842574E-15,3.490085904288E-15,6.));
#4283 = DIRECTION('',(0.,0.,1.));
#4284 = DIRECTION('',(1.,0.,0.));
#4285 = DEFINITIONAL_REPRESENTATION('',(#4286),#4290);
#4286 = LINE('',#4287,#4288);
#4287 = CARTESIAN_POINT('',(72.25,52.));
#4288 = VECTOR('',#4289,1.);
#4289 = DIRECTION('',(-1.,0.));
#4290 = ( GEOMETRIC_REPRESENTATION_CONTEXT(2) 
PARAMETRIC_REPRESENTATION_CONTEXT() REPRESENTATION_CONTEXT('2D SPACE',''
  ) );
#4291 = ORIENTED_EDGE('',*,*,#4292,.T.);
#4292 = EDGE_CURVE('',#4265,#3391,#4293,.T.);
#4293 = SURFACE_CURVE('',#4294,(#4299,#4310),.PCURVE_S1.);
#4294 = CIRCLE('',#4295,3.25);
#4295 = AXIS2_PLACEMENT_3D('',#4296,#4297,#4298);
#4296 = CARTESIAN_POINT('',(-61.6,52.,8.5));
#4297 = DIRECTION('',(0.,1.,-2.22044604925E-16));
#4298 = DIRECTION('',(-1.,0.,0.));
#4299 = PCURVE('',#2024,#4300);
#4300 = DEFINITIONAL_REPRESENTATION('',(#4301),#4309);
#4301 = ( BOUNDED_CURVE() B_SPLINE_CURVE(2,(#4302,#4303,#4304,#4305,
#4306,#4307,#4308),.UNSPECIFIED.,.T.,.F.) B_SPLINE_CURVE_WITH_KNOTS((1,2
    ,2,2,2,1),(-2.094395102393,0.,2.094395102393,4.188790204786,
6.28318530718,8.377580409573),.UNSPECIFIED.) CURVE() 
GEOMETRIC_REPRESENTATION_ITEM() RATIONAL_B_SPLINE_CURVE((1.,0.5,1.,0.5,
1.,0.5,1.)) REPRESENTATION_ITEM('') );
#4302 = CARTESIAN_POINT('',(137.1,-8.5));
#4303 = CARTESIAN_POINT('',(137.1,-14.12916512459));
#4304 = CARTESIAN_POINT('',(132.225,-11.31458256229));
#4305 = CARTESIAN_POINT('',(127.35,-8.5));
#4306 = CARTESIAN_POINT('',(132.225,-5.685417437701));
#4307 = CARTESIAN_POINT('',(137.1,-2.870834875401));
#4308 = CARTESIAN_POINT('',(137.1,-8.5));
#4309 = ( GEOMETRIC_REPRESENTATION_CONTEXT(2) 
PARAMETRIC_REPRESENTATION_CONTEXT() REPRESENTATION_CONTEXT('2D SPACE',''
  ) );
#4310 = PCURVE('',#3406,#4311);
#4311 = DEFINITIONAL_REPRESENTATION('',(#4312),#4316);
#4312 = LINE('',#4313,#4314);
#4313 = CARTESIAN_POINT('',(0.,0.));
#4314 = VECTOR('',#4315,1.);
#4315 = DIRECTION('',(1.,0.));
#4316 = ( GEOMETRIC_REPRESENTATION_CONTEXT(2) 
PARAMETRIC_REPRESENTATION_CONTEXT() REPRESENTATION_CONTEXT('2D SPACE',''
  ) );
#4317 = ORIENTED_EDGE('',*,*,#3418,.T.);
#4318 = ORIENTED_EDGE('',*,*,#4159,.F.);
#4319 = ADVANCED_FACE('',(#4320),#2078,.F.);
#4320 = FACE_BOUND('',#4321,.F.);
#4321 = EDGE_LOOP('',(#4322,#4323,#4324,#4345));
#4322 = ORIENTED_EDGE('',*,*,#4188,.T.);
#4323 = ORIENTED_EDGE('',*,*,#3093,.T.);
#4324 = ORIENTED_EDGE('',*,*,#4325,.F.);
#4325 = EDGE_CURVE('',#2042,#3094,#4326,.T.);
#4326 = SURFACE_CURVE('',#4327,(#4331,#4338),.PCURVE_S1.);
#4327 = LINE('',#4328,#4329);
#4328 = CARTESIAN_POINT('',(72.25,-52.,0.));
#4329 = VECTOR('',#4330,1.);
#4330 = DIRECTION('',(0.,0.,1.));
#4331 = PCURVE('',#2078,#4332);
#4332 = DEFINITIONAL_REPRESENTATION('',(#4333),#4337);
#4333 = LINE('',#4334,#4335);
#4334 = CARTESIAN_POINT('',(144.5,0.));
#4335 = VECTOR('',#4336,1.);
#4336 = DIRECTION('',(0.,-1.));
#4337 = ( GEOMETRIC_REPRESENTATION_CONTEXT(2) 
PARAMETRIC_REPRESENTATION_CONTEXT() REPRESENTATION_CONTEXT('2D SPACE',''
  ) );
#4338 = PCURVE('',#2188,#4339);
#4339 = DEFINITIONAL_REPRESENTATION('',(#4340),#4344);
#4340 = LINE('',#4341,#4342);
#4341 = CARTESIAN_POINT('',(-4.712388980385,0.));
#4342 = VECTOR('',#4343,1.);
#4343 = DIRECTION('',(-0.,-1.));
#4344 = ( GEOMETRIC_REPRESENTATION_CONTEXT(2) 
PARAMETRIC_REPRESENTATION_CONTEXT() REPRESENTATION_CONTEXT('2D SPACE',''
  ) );
#4345 = ORIENTED_EDGE('',*,*,#2064,.F.);
#4346 = ADVANCED_FACE('',(#4347),#2133,.T.);
#4347 = FACE_BOUND('',#4348,.F.);
#4348 = EDGE_LOOP('',(#4349,#4370,#4371,#4372));
#4349 = ORIENTED_EDGE('',*,*,#4350,.T.);
#4350 = EDGE_CURVE('',#2094,#3141,#4351,.T.);
#4351 = SURFACE_CURVE('',#4352,(#4356,#4363),.PCURVE_S1.);
#4352 = LINE('',#4353,#4354);
#4353 = CARTESIAN_POINT('',(77.25,47.,0.));
#4354 = VECTOR('',#4355,1.);
#4355 = DIRECTION('',(0.,0.,1.));
#4356 = PCURVE('',#2133,#4357);
#4357 = DEFINITIONAL_REPRESENTATION('',(#4358),#4362);
#4358 = LINE('',#4359,#4360);
#4359 = CARTESIAN_POINT('',(-1.E-16,0.));
#4360 = VECTOR('',#4361,1.);
#4361 = DIRECTION('',(-0.,-1.));
#4362 = ( GEOMETRIC_REPRESENTATION_CONTEXT(2) 
PARAMETRIC_REPRESENTATION_CONTEXT() REPRESENTATION_CONTEXT('2D SPACE',''
  ) );
#4363 = PCURVE('',#2220,#4364);
#4364 = DEFINITIONAL_REPRESENTATION('',(#4365),#4369);
#4365 = LINE('',#4366,#4367);
#4366 = CARTESIAN_POINT('',(94.000000000016,0.));
#4367 = VECTOR('',#4368,1.);
#4368 = DIRECTION('',(0.,-1.));
#4369 = ( GEOMETRIC_REPRESENTATION_CONTEXT(2) 
PARAMETRIC_REPRESENTATION_CONTEXT() REPRESENTATION_CONTEXT('2D SPACE',''
  ) );
#4370 = ORIENTED_EDGE('',*,*,#3163,.T.);
#4371 = ORIENTED_EDGE('',*,*,#4214,.F.);
#4372 = ORIENTED_EDGE('',*,*,#2118,.F.);
#4373 = ADVANCED_FACE('',(#4374),#2188,.T.);
#4374 = FACE_BOUND('',#4375,.F.);
#4375 = EDGE_LOOP('',(#4376,#4377,#4378,#4399));
#4376 = ORIENTED_EDGE('',*,*,#4325,.T.);
#4377 = ORIENTED_EDGE('',*,*,#3116,.T.);
#4378 = ORIENTED_EDGE('',*,*,#4379,.F.);
#4379 = EDGE_CURVE('',#2151,#3117,#4380,.T.);
#4380 = SURFACE_CURVE('',#4381,(#4385,#4392),.PCURVE_S1.);
#4381 = LINE('',#4382,#4383);
#4382 = CARTESIAN_POINT('',(77.25,-47.00000000001,0.));
#4383 = VECTOR('',#4384,1.);
#4384 = DIRECTION('',(0.,0.,1.));
#4385 = PCURVE('',#2188,#4386);
#4386 = DEFINITIONAL_REPRESENTATION('',(#4387),#4391);
#4387 = LINE('',#4388,#4389);
#4388 = CARTESIAN_POINT('',(-6.283185307176,0.));
#4389 = VECTOR('',#4390,1.);
#4390 = DIRECTION('',(-0.,-1.));
#4391 = ( GEOMETRIC_REPRESENTATION_CONTEXT(2) 
PARAMETRIC_REPRESENTATION_CONTEXT() REPRESENTATION_CONTEXT('2D SPACE',''
  ) );
#4392 = PCURVE('',#2220,#4393);
#4393 = DEFINITIONAL_REPRESENTATION('',(#4394),#4398);
#4394 = LINE('',#4395,#4396);
#4395 = CARTESIAN_POINT('',(0.,0.));
#4396 = VECTOR('',#4397,1.);
#4397 = DIRECTION('',(0.,-1.));
#4398 = ( GEOMETRIC_REPRESENTATION_CONTEXT(2) 
PARAMETRIC_REPRESENTATION_CONTEXT() REPRESENTATION_CONTEXT('2D SPACE',''
  ) );
#4399 = ORIENTED_EDGE('',*,*,#2173,.F.);
#4400 = ADVANCED_FACE('',(#4401),#2220,.F.);
#4401 = FACE_BOUND('',#4402,.F.);
#4402 = EDGE_LOOP('',(#4403,#4404,#4405,#4406));
#4403 = ORIENTED_EDGE('',*,*,#4379,.T.);
#4404 = ORIENTED_EDGE('',*,*,#3140,.T.);
#4405 = ORIENTED_EDGE('',*,*,#4350,.F.);
#4406 = ORIENTED_EDGE('',*,*,#2206,.F.);
#4407 = ADVANCED_FACE('',(#4408),#2275,.F.);
#4408 = FACE_BOUND('',#4409,.F.);
#4409 = EDGE_LOOP('',(#4410,#4431,#4432,#4433));
#4410 = ORIENTED_EDGE('',*,*,#4411,.F.);
#4411 = EDGE_CURVE('',#4059,#2236,#4412,.T.);
#4412 = SEAM_CURVE('',#4413,(#4417,#4424),.PCURVE_S1.);
#4413 = LINE('',#4414,#4415);
#4414 = CARTESIAN_POINT('',(-70.6,46.75,4.5));
#4415 = VECTOR('',#4416,1.);
#4416 = DIRECTION('',(-0.,-0.,-1.));
#4417 = PCURVE('',#2275,#4418);
#4418 = DEFINITIONAL_REPRESENTATION('',(#4419),#4423);
#4419 = LINE('',#4420,#4421);
#4420 = CARTESIAN_POINT('',(6.28318530718,0.));
#4421 = VECTOR('',#4422,1.);
#4422 = DIRECTION('',(0.,-1.));
#4423 = ( GEOMETRIC_REPRESENTATION_CONTEXT(2) 
PARAMETRIC_REPRESENTATION_CONTEXT() REPRESENTATION_CONTEXT('2D SPACE',''
  ) );
#4424 = PCURVE('',#2275,#4425);
#4425 = DEFINITIONAL_REPRESENTATION('',(#4426),#4430);
#4426 = LINE('',#4427,#4428);
#4427 = CARTESIAN_POINT('',(0.,0.));
#4428 = VECTOR('',#4429,1.);
#4429 = DIRECTION('',(0.,-1.));
#4430 = ( GEOMETRIC_REPRESENTATION_CONTEXT(2) 
PARAMETRIC_REPRESENTATION_CONTEXT() REPRESENTATION_CONTEXT('2D SPACE',''
  ) );
#4431 = ORIENTED_EDGE('',*,*,#4058,.F.);
#4432 = ORIENTED_EDGE('',*,*,#4411,.T.);
#4433 = ORIENTED_EDGE('',*,*,#2260,.T.);
#4434 = ADVANCED_FACE('',(#4435),#2330,.F.);
#4435 = FACE_BOUND('',#4436,.F.);
#4436 = EDGE_LOOP('',(#4437,#4460,#4487,#4488));
#4437 = ORIENTED_EDGE('',*,*,#4438,.F.);
#4438 = EDGE_CURVE('',#4439,#2291,#4441,.T.);
#4439 = VERTEX_POINT('',#4440);
#4440 = CARTESIAN_POINT('',(73.4,46.75,4.5));
#4441 = SEAM_CURVE('',#4442,(#4446,#4453),.PCURVE_S1.);
#4442 = LINE('',#4443,#4444);
#4443 = CARTESIAN_POINT('',(73.4,46.75,4.5));
#4444 = VECTOR('',#4445,1.);
#4445 = DIRECTION('',(-0.,-0.,-1.));
#4446 = PCURVE('',#2330,#4447);
#4447 = DEFINITIONAL_REPRESENTATION('',(#4448),#4452);
#4448 = LINE('',#4449,#4450);
#4449 = CARTESIAN_POINT('',(6.28318530718,0.));
#4450 = VECTOR('',#4451,1.);
#4451 = DIRECTION('',(0.,-1.));
#4452 = ( GEOMETRIC_REPRESENTATION_CONTEXT(2) 
PARAMETRIC_REPRESENTATION_CONTEXT() REPRESENTATION_CONTEXT('2D SPACE',''
  ) );
#4453 = PCURVE('',#2330,#4454);
#4454 = DEFINITIONAL_REPRESENTATION('',(#4455),#4459);
#4455 = LINE('',#4456,#4457);
#4456 = CARTESIAN_POINT('',(0.,0.));
#4457 = VECTOR('',#4458,1.);
#4458 = DIRECTION('',(0.,-1.));
#4459 = ( GEOMETRIC_REPRESENTATION_CONTEXT(2) 
PARAMETRIC_REPRESENTATION_CONTEXT() REPRESENTATION_CONTEXT('2D SPACE',''
  ) );
#4460 = ORIENTED_EDGE('',*,*,#4461,.F.);
#4461 = EDGE_CURVE('',#4439,#4439,#4462,.T.);
#4462 = SURFACE_CURVE('',#4463,(#4468,#4475),.PCURVE_S1.);
#4463 = CIRCLE('',#4464,1.4);
#4464 = AXIS2_PLACEMENT_3D('',#4465,#4466,#4467);
#4465 = CARTESIAN_POINT('',(72.,46.75,4.5));
#4466 = DIRECTION('',(0.,0.,1.));
#4467 = DIRECTION('',(1.,0.,0.));
#4468 = PCURVE('',#2330,#4469);
#4469 = DEFINITIONAL_REPRESENTATION('',(#4470),#4474);
#4470 = LINE('',#4471,#4472);
#4471 = CARTESIAN_POINT('',(0.,0.));
#4472 = VECTOR('',#4473,1.);
#4473 = DIRECTION('',(1.,0.));
#4474 = ( GEOMETRIC_REPRESENTATION_CONTEXT(2) 
PARAMETRIC_REPRESENTATION_CONTEXT() REPRESENTATION_CONTEXT('2D SPACE',''
  ) );
#4475 = PCURVE('',#4476,#4481);
#4476 = PLANE('',#4477);
#4477 = AXIS2_PLACEMENT_3D('',#4478,#4479,#4480);
#4478 = CARTESIAN_POINT('',(4.826259291316E-15,2.010941371382E-15,4.5));
#4479 = DIRECTION('',(0.,0.,1.));
#4480 = DIRECTION('',(1.,0.,0.));
#4481 = DEFINITIONAL_REPRESENTATION('',(#4482),#4486);
#4482 = CIRCLE('',#4483,1.4);
#4483 = AXIS2_PLACEMENT_2D('',#4484,#4485);
#4484 = CARTESIAN_POINT('',(72.,46.75));
#4485 = DIRECTION('',(1.,0.));
#4486 = ( GEOMETRIC_REPRESENTATION_CONTEXT(2) 
PARAMETRIC_REPRESENTATION_CONTEXT() REPRESENTATION_CONTEXT('2D SPACE',''
  ) );
#4487 = ORIENTED_EDGE('',*,*,#4438,.T.);
#4488 = ORIENTED_EDGE('',*,*,#2315,.T.);
#4489 = ADVANCED_FACE('',(#4490),#2385,.F.);
#4490 = FACE_BOUND('',#4491,.F.);
#4491 = EDGE_LOOP('',(#4492,#4513,#4514,#4515));
#4492 = ORIENTED_EDGE('',*,*,#4493,.F.);
#4493 = EDGE_CURVE('',#2994,#2346,#4494,.T.);
#4494 = SEAM_CURVE('',#4495,(#4499,#4506),.PCURVE_S1.);
#4495 = LINE('',#4496,#4497);
#4496 = CARTESIAN_POINT('',(73.4,-46.75,4.5));
#4497 = VECTOR('',#4498,1.);
#4498 = DIRECTION('',(-0.,-0.,-1.));
#4499 = PCURVE('',#2385,#4500);
#4500 = DEFINITIONAL_REPRESENTATION('',(#4501),#4505);
#4501 = LINE('',#4502,#4503);
#4502 = CARTESIAN_POINT('',(6.28318530718,0.));
#4503 = VECTOR('',#4504,1.);
#4504 = DIRECTION('',(0.,-1.));
#4505 = ( GEOMETRIC_REPRESENTATION_CONTEXT(2) 
PARAMETRIC_REPRESENTATION_CONTEXT() REPRESENTATION_CONTEXT('2D SPACE',''
  ) );
#4506 = PCURVE('',#2385,#4507);
#4507 = DEFINITIONAL_REPRESENTATION('',(#4508),#4512);
#4508 = LINE('',#4509,#4510);
#4509 = CARTESIAN_POINT('',(0.,0.));
#4510 = VECTOR('',#4511,1.);
#4511 = DIRECTION('',(0.,-1.));
#4512 = ( GEOMETRIC_REPRESENTATION_CONTEXT(2) 
PARAMETRIC_REPRESENTATION_CONTEXT() REPRESENTATION_CONTEXT('2D SPACE',''
  ) );
#4513 = ORIENTED_EDGE('',*,*,#2993,.F.);
#4514 = ORIENTED_EDGE('',*,*,#4493,.T.);
#4515 = ORIENTED_EDGE('',*,*,#2370,.T.);
#4516 = ADVANCED_FACE('',(#4517),#2628,.T.);
#4517 = FACE_BOUND('',#4518,.T.);
#4518 = EDGE_LOOP('',(#4519,#4550,#4578,#4606,#4634,#4662,#4690,#4718,
    #4746,#4774,#4802,#4831,#4853,#4854,#4855,#4856,#4857,#4881));
#4519 = ORIENTED_EDGE('',*,*,#4520,.F.);
#4520 = EDGE_CURVE('',#4521,#4523,#4525,.T.);
#4521 = VERTEX_POINT('',#4522);
#4522 = CARTESIAN_POINT('',(68.218796487889,49.,-2.22044604925E-16));
#4523 = VERTEX_POINT('',#4524);
#4524 = CARTESIAN_POINT('',(74.25,42.968796487889,0.));
#4525 = SURFACE_CURVE('',#4526,(#4531,#4538),.PCURVE_S1.);
#4526 = CIRCLE('',#4527,4.4);
#4527 = AXIS2_PLACEMENT_3D('',#4528,#4529,#4530);
#4528 = CARTESIAN_POINT('',(72.,46.75,0.));
#4529 = DIRECTION('',(0.,0.,1.));
#4530 = DIRECTION('',(-0.293749769933,0.955882352941,0.));
#4531 = PCURVE('',#2628,#4532);
#4532 = DEFINITIONAL_REPRESENTATION('',(#4533),#4537);
#4533 = CIRCLE('',#4534,4.4);
#4534 = AXIS2_PLACEMENT_2D('',#4535,#4536);
#4535 = CARTESIAN_POINT('',(72.,46.75));
#4536 = DIRECTION('',(-0.293749769933,0.955882352941));
#4537 = ( GEOMETRIC_REPRESENTATION_CONTEXT(2) 
PARAMETRIC_REPRESENTATION_CONTEXT() REPRESENTATION_CONTEXT('2D SPACE',''
  ) );
#4538 = PCURVE('',#4539,#4544);
#4539 = TOROIDAL_SURFACE('',#4540,4.4,1.);
#4540 = AXIS2_PLACEMENT_3D('',#4541,#4542,#4543);
#4541 = CARTESIAN_POINT('',(72.,46.75,1.));
#4542 = DIRECTION('',(0.,0.,1.));
#4543 = DIRECTION('',(-0.293749769933,0.955882352941,0.));
#4544 = DEFINITIONAL_REPRESENTATION('',(#4545),#4549);
#4545 = LINE('',#4546,#4547);
#4546 = CARTESIAN_POINT('',(0.,4.712388980385));
#4547 = VECTOR('',#4548,1.);
#4548 = DIRECTION('',(1.,0.));
#4549 = ( GEOMETRIC_REPRESENTATION_CONTEXT(2) 
PARAMETRIC_REPRESENTATION_CONTEXT() REPRESENTATION_CONTEXT('2D SPACE',''
  ) );
#4550 = ORIENTED_EDGE('',*,*,#4551,.T.);
#4551 = EDGE_CURVE('',#4521,#4552,#4554,.T.);
#4552 = VERTEX_POINT('',#4553);
#4553 = CARTESIAN_POINT('',(12.295430330892,49.,-1.110223024625E-16));
#4554 = SURFACE_CURVE('',#4555,(#4559,#4566),.PCURVE_S1.);
#4555 = LINE('',#4556,#4557);
#4556 = CARTESIAN_POINT('',(71.001250782228,49.,-2.22044604925E-16));
#4557 = VECTOR('',#4558,1.);
#4558 = DIRECTION('',(-1.,0.,0.));
#4559 = PCURVE('',#2628,#4560);
#4560 = DEFINITIONAL_REPRESENTATION('',(#4561),#4565);
#4561 = LINE('',#4562,#4563);
#4562 = CARTESIAN_POINT('',(71.001250782228,49.));
#4563 = VECTOR('',#4564,1.);
#4564 = DIRECTION('',(-1.,0.));
#4565 = ( GEOMETRIC_REPRESENTATION_CONTEXT(2) 
PARAMETRIC_REPRESENTATION_CONTEXT() REPRESENTATION_CONTEXT('2D SPACE',''
  ) );
#4566 = PCURVE('',#4567,#4572);
#4567 = CYLINDRICAL_SURFACE('',#4568,1.);
#4568 = AXIS2_PLACEMENT_3D('',#4569,#4570,#4571);
#4569 = CARTESIAN_POINT('',(71.001250782228,49.,1.));
#4570 = DIRECTION('',(-1.,0.,0.));
#4571 = DIRECTION('',(0.,1.,0.));
#4572 = DEFINITIONAL_REPRESENTATION('',(#4573),#4577);
#4573 = LINE('',#4574,#4575);
#4574 = CARTESIAN_POINT('',(1.570796326795,0.));
#4575 = VECTOR('',#4576,1.);
#4576 = DIRECTION('',(0.,1.));
#4577 = ( GEOMETRIC_REPRESENTATION_CONTEXT(2) 
PARAMETRIC_REPRESENTATION_CONTEXT() REPRESENTATION_CONTEXT('2D SPACE',''
  ) );
#4578 = ORIENTED_EDGE('',*,*,#4579,.F.);
#4579 = EDGE_CURVE('',#4580,#4552,#4582,.T.);
#4580 = VERTEX_POINT('',#4581);
#4581 = CARTESIAN_POINT('',(12.295430330892,46.,0.));
#4582 = SURFACE_CURVE('',#4583,(#4587,#4594),.PCURVE_S1.);
#4583 = LINE('',#4584,#4585);
#4584 = CARTESIAN_POINT('',(12.295430330892,46.,0.));
#4585 = VECTOR('',#4586,1.);
#4586 = DIRECTION('',(0.,1.,0.));
#4587 = PCURVE('',#2628,#4588);
#4588 = DEFINITIONAL_REPRESENTATION('',(#4589),#4593);
#4589 = LINE('',#4590,#4591);
#4590 = CARTESIAN_POINT('',(12.295430330892,46.));
#4591 = VECTOR('',#4592,1.);
#4592 = DIRECTION('',(0.,1.));
#4593 = ( GEOMETRIC_REPRESENTATION_CONTEXT(2) 
PARAMETRIC_REPRESENTATION_CONTEXT() REPRESENTATION_CONTEXT('2D SPACE',''
  ) );
#4594 = PCURVE('',#4595,#4600);
#4595 = PLANE('',#4596);
#4596 = AXIS2_PLACEMENT_3D('',#4597,#4598,#4599);
#4597 = CARTESIAN_POINT('',(12.295430330892,46.,0.));
#4598 = DIRECTION('',(-1.,0.,0.));
#4599 = DIRECTION('',(0.,1.,0.));
#4600 = DEFINITIONAL_REPRESENTATION('',(#4601),#4605);
#4601 = LINE('',#4602,#4603);
#4602 = CARTESIAN_POINT('',(0.,0.));
#4603 = VECTOR('',#4604,1.);
#4604 = DIRECTION('',(1.,0.));
#4605 = ( GEOMETRIC_REPRESENTATION_CONTEXT(2) 
PARAMETRIC_REPRESENTATION_CONTEXT() REPRESENTATION_CONTEXT('2D SPACE',''
  ) );
#4606 = ORIENTED_EDGE('',*,*,#4607,.F.);
#4607 = EDGE_CURVE('',#4608,#4580,#4610,.T.);
#4608 = VERTEX_POINT('',#4609);
#4609 = CARTESIAN_POINT('',(10.295430330892,46.,0.));
#4610 = SURFACE_CURVE('',#4611,(#4615,#4622),.PCURVE_S1.);
#4611 = LINE('',#4612,#4613);
#4612 = CARTESIAN_POINT('',(10.295430330892,46.,0.));
#4613 = VECTOR('',#4614,1.);
#4614 = DIRECTION('',(1.,0.,0.));
#4615 = PCURVE('',#2628,#4616);
#4616 = DEFINITIONAL_REPRESENTATION('',(#4617),#4621);
#4617 = LINE('',#4618,#4619);
#4618 = CARTESIAN_POINT('',(10.295430330892,46.));
#4619 = VECTOR('',#4620,1.);
#4620 = DIRECTION('',(1.,0.));
#4621 = ( GEOMETRIC_REPRESENTATION_CONTEXT(2) 
PARAMETRIC_REPRESENTATION_CONTEXT() REPRESENTATION_CONTEXT('2D SPACE',''
  ) );
#4622 = PCURVE('',#4623,#4628);
#4623 = PLANE('',#4624);
#4624 = AXIS2_PLACEMENT_3D('',#4625,#4626,#4627);
#4625 = CARTESIAN_POINT('',(10.295430330892,46.,0.));
#4626 = DIRECTION('',(0.,1.,0.));
#4627 = DIRECTION('',(1.,0.,0.));
#4628 = DEFINITIONAL_REPRESENTATION('',(#4629),#4633);
#4629 = LINE('',#4630,#4631);
#4630 = CARTESIAN_POINT('',(0.,0.));
#4631 = VECTOR('',#4632,1.);
#4632 = DIRECTION('',(1.,0.));
#4633 = ( GEOMETRIC_REPRESENTATION_CONTEXT(2) 
PARAMETRIC_REPRESENTATION_CONTEXT() REPRESENTATION_CONTEXT('2D SPACE',''
  ) );
#4634 = ORIENTED_EDGE('',*,*,#4635,.F.);
#4635 = EDGE_CURVE('',#4636,#4608,#4638,.T.);
#4636 = VERTEX_POINT('',#4637);
#4637 = CARTESIAN_POINT('',(10.295430330892,49.,-1.110223024625E-16));
#4638 = SURFACE_CURVE('',#4639,(#4643,#4650),.PCURVE_S1.);
#4639 = LINE('',#4640,#4641);
#4640 = CARTESIAN_POINT('',(10.295430330892,50.,0.));
#4641 = VECTOR('',#4642,1.);
#4642 = DIRECTION('',(0.,-1.,0.));
#4643 = PCURVE('',#2628,#4644);
#4644 = DEFINITIONAL_REPRESENTATION('',(#4645),#4649);
#4645 = LINE('',#4646,#4647);
#4646 = CARTESIAN_POINT('',(10.295430330892,50.));
#4647 = VECTOR('',#4648,1.);
#4648 = DIRECTION('',(0.,-1.));
#4649 = ( GEOMETRIC_REPRESENTATION_CONTEXT(2) 
PARAMETRIC_REPRESENTATION_CONTEXT() REPRESENTATION_CONTEXT('2D SPACE',''
  ) );
#4650 = PCURVE('',#4651,#4656);
#4651 = PLANE('',#4652);
#4652 = AXIS2_PLACEMENT_3D('',#4653,#4654,#4655);
#4653 = CARTESIAN_POINT('',(10.295430330892,50.,0.));
#4654 = DIRECTION('',(1.,0.,0.));
#4655 = DIRECTION('',(0.,-1.,0.));
#4656 = DEFINITIONAL_REPRESENTATION('',(#4657),#4661);
#4657 = LINE('',#4658,#4659);
#4658 = CARTESIAN_POINT('',(0.,0.));
#4659 = VECTOR('',#4660,1.);
#4660 = DIRECTION('',(1.,0.));
#4661 = ( GEOMETRIC_REPRESENTATION_CONTEXT(2) 
PARAMETRIC_REPRESENTATION_CONTEXT() REPRESENTATION_CONTEXT('2D SPACE',''
  ) );
#4662 = ORIENTED_EDGE('',*,*,#4663,.T.);
#4663 = EDGE_CURVE('',#4636,#4664,#4666,.T.);
#4664 = VERTEX_POINT('',#4665);
#4665 = CARTESIAN_POINT('',(-3.730689596867,49.,-1.110223024625E-16));
#4666 = SURFACE_CURVE('',#4667,(#4671,#4678),.PCURVE_S1.);
#4667 = LINE('',#4668,#4669);
#4668 = CARTESIAN_POINT('',(71.001250782228,49.,-2.22044604925E-16));
#4669 = VECTOR('',#4670,1.);
#4670 = DIRECTION('',(-1.,0.,0.));
#4671 = PCURVE('',#2628,#4672);
#4672 = DEFINITIONAL_REPRESENTATION('',(#4673),#4677);
#4673 = LINE('',#4674,#4675);
#4674 = CARTESIAN_POINT('',(71.001250782228,49.));
#4675 = VECTOR('',#4676,1.);
#4676 = DIRECTION('',(-1.,0.));
#4677 = ( GEOMETRIC_REPRESENTATION_CONTEXT(2) 
PARAMETRIC_REPRESENTATION_CONTEXT() REPRESENTATION_CONTEXT('2D SPACE',''
  ) );
#4678 = PCURVE('',#4679,#4684);
#4679 = CYLINDRICAL_SURFACE('',#4680,1.);
#4680 = AXIS2_PLACEMENT_3D('',#4681,#4682,#4683);
#4681 = CARTESIAN_POINT('',(71.001250782228,49.,1.));
#4682 = DIRECTION('',(-1.,0.,0.));
#4683 = DIRECTION('',(0.,1.,0.));
#4684 = DEFINITIONAL_REPRESENTATION('',(#4685),#4689);
#4685 = LINE('',#4686,#4687);
#4686 = CARTESIAN_POINT('',(1.570796326795,0.));
#4687 = VECTOR('',#4688,1.);
#4688 = DIRECTION('',(0.,1.));
#4689 = ( GEOMETRIC_REPRESENTATION_CONTEXT(2) 
PARAMETRIC_REPRESENTATION_CONTEXT() REPRESENTATION_CONTEXT('2D SPACE',''
  ) );
#4690 = ORIENTED_EDGE('',*,*,#4691,.F.);
#4691 = EDGE_CURVE('',#4692,#4664,#4694,.T.);
#4692 = VERTEX_POINT('',#4693);
#4693 = CARTESIAN_POINT('',(-3.730689596867,46.,0.));
#4694 = SURFACE_CURVE('',#4695,(#4699,#4706),.PCURVE_S1.);
#4695 = LINE('',#4696,#4697);
#4696 = CARTESIAN_POINT('',(-3.730689596867,46.,0.));
#4697 = VECTOR('',#4698,1.);
#4698 = DIRECTION('',(0.,1.,0.));
#4699 = PCURVE('',#2628,#4700);
#4700 = DEFINITIONAL_REPRESENTATION('',(#4701),#4705);
#4701 = LINE('',#4702,#4703);
#4702 = CARTESIAN_POINT('',(-3.730689596867,46.));
#4703 = VECTOR('',#4704,1.);
#4704 = DIRECTION('',(0.,1.));
#4705 = ( GEOMETRIC_REPRESENTATION_CONTEXT(2) 
PARAMETRIC_REPRESENTATION_CONTEXT() REPRESENTATION_CONTEXT('2D SPACE',''
  ) );
#4706 = PCURVE('',#4707,#4712);
#4707 = PLANE('',#4708);
#4708 = AXIS2_PLACEMENT_3D('',#4709,#4710,#4711);
#4709 = CARTESIAN_POINT('',(-3.730689596867,46.,0.));
#4710 = DIRECTION('',(-1.,0.,0.));
#4711 = DIRECTION('',(0.,1.,0.));
#4712 = DEFINITIONAL_REPRESENTATION('',(#4713),#4717);
#4713 = LINE('',#4714,#4715);
#4714 = CARTESIAN_POINT('',(0.,0.));
#4715 = VECTOR('',#4716,1.);
#4716 = DIRECTION('',(1.,0.));
#4717 = ( GEOMETRIC_REPRESENTATION_CONTEXT(2) 
PARAMETRIC_REPRESENTATION_CONTEXT() REPRESENTATION_CONTEXT('2D SPACE',''
  ) );
#4718 = ORIENTED_EDGE('',*,*,#4719,.F.);
#4719 = EDGE_CURVE('',#4720,#4692,#4722,.T.);
#4720 = VERTEX_POINT('',#4721);
#4721 = CARTESIAN_POINT('',(-5.730689596867,46.,0.));
#4722 = SURFACE_CURVE('',#4723,(#4727,#4734),.PCURVE_S1.);
#4723 = LINE('',#4724,#4725);
#4724 = CARTESIAN_POINT('',(-5.730689596867,46.,0.));
#4725 = VECTOR('',#4726,1.);
#4726 = DIRECTION('',(1.,0.,0.));
#4727 = PCURVE('',#2628,#4728);
#4728 = DEFINITIONAL_REPRESENTATION('',(#4729),#4733);
#4729 = LINE('',#4730,#4731);
#4730 = CARTESIAN_POINT('',(-5.730689596867,46.));
#4731 = VECTOR('',#4732,1.);
#4732 = DIRECTION('',(1.,0.));
#4733 = ( GEOMETRIC_REPRESENTATION_CONTEXT(2) 
PARAMETRIC_REPRESENTATION_CONTEXT() REPRESENTATION_CONTEXT('2D SPACE',''
  ) );
#4734 = PCURVE('',#4735,#4740);
#4735 = PLANE('',#4736);
#4736 = AXIS2_PLACEMENT_3D('',#4737,#4738,#4739);
#4737 = CARTESIAN_POINT('',(-5.730689596867,46.,0.));
#4738 = DIRECTION('',(0.,1.,0.));
#4739 = DIRECTION('',(1.,0.,0.));
#4740 = DEFINITIONAL_REPRESENTATION('',(#4741),#4745);
#4741 = LINE('',#4742,#4743);
#4742 = CARTESIAN_POINT('',(0.,0.));
#4743 = VECTOR('',#4744,1.);
#4744 = DIRECTION('',(1.,0.));
#4745 = ( GEOMETRIC_REPRESENTATION_CONTEXT(2) 
PARAMETRIC_REPRESENTATION_CONTEXT() REPRESENTATION_CONTEXT('2D SPACE',''
  ) );
#4746 = ORIENTED_EDGE('',*,*,#4747,.F.);
#4747 = EDGE_CURVE('',#4748,#4720,#4750,.T.);
#4748 = VERTEX_POINT('',#4749);
#4749 = CARTESIAN_POINT('',(-5.730689596867,49.,-1.110223024625E-16));
#4750 = SURFACE_CURVE('',#4751,(#4755,#4762),.PCURVE_S1.);
#4751 = LINE('',#4752,#4753);
#4752 = CARTESIAN_POINT('',(-5.730689596867,50.,0.));
#4753 = VECTOR('',#4754,1.);
#4754 = DIRECTION('',(0.,-1.,0.));
#4755 = PCURVE('',#2628,#4756);
#4756 = DEFINITIONAL_REPRESENTATION('',(#4757),#4761);
#4757 = LINE('',#4758,#4759);
#4758 = CARTESIAN_POINT('',(-5.730689596867,50.));
#4759 = VECTOR('',#4760,1.);
#4760 = DIRECTION('',(0.,-1.));
#4761 = ( GEOMETRIC_REPRESENTATION_CONTEXT(2) 
PARAMETRIC_REPRESENTATION_CONTEXT() REPRESENTATION_CONTEXT('2D SPACE',''
  ) );
#4762 = PCURVE('',#4763,#4768);
#4763 = PLANE('',#4764);
#4764 = AXIS2_PLACEMENT_3D('',#4765,#4766,#4767);
#4765 = CARTESIAN_POINT('',(-5.730689596867,50.,0.));
#4766 = DIRECTION('',(1.,0.,0.));
#4767 = DIRECTION('',(0.,-1.,0.));
#4768 = DEFINITIONAL_REPRESENTATION('',(#4769),#4773);
#4769 = LINE('',#4770,#4771);
#4770 = CARTESIAN_POINT('',(0.,0.));
#4771 = VECTOR('',#4772,1.);
#4772 = DIRECTION('',(1.,0.));
#4773 = ( GEOMETRIC_REPRESENTATION_CONTEXT(2) 
PARAMETRIC_REPRESENTATION_CONTEXT() REPRESENTATION_CONTEXT('2D SPACE',''
  ) );
#4774 = ORIENTED_EDGE('',*,*,#4775,.T.);
#4775 = EDGE_CURVE('',#4748,#4776,#4778,.T.);
#4776 = VERTEX_POINT('',#4777);
#4777 = CARTESIAN_POINT('',(-68.21879648788,49.,-2.22044604925E-16));
#4778 = SURFACE_CURVE('',#4779,(#4783,#4790),.PCURVE_S1.);
#4779 = LINE('',#4780,#4781);
#4780 = CARTESIAN_POINT('',(71.001250782228,49.,-2.22044604925E-16));
#4781 = VECTOR('',#4782,1.);
#4782 = DIRECTION('',(-1.,0.,0.));
#4783 = PCURVE('',#2628,#4784);
#4784 = DEFINITIONAL_REPRESENTATION('',(#4785),#4789);
#4785 = LINE('',#4786,#4787);
#4786 = CARTESIAN_POINT('',(71.001250782228,49.));
#4787 = VECTOR('',#4788,1.);
#4788 = DIRECTION('',(-1.,0.));
#4789 = ( GEOMETRIC_REPRESENTATION_CONTEXT(2) 
PARAMETRIC_REPRESENTATION_CONTEXT() REPRESENTATION_CONTEXT('2D SPACE',''
  ) );
#4790 = PCURVE('',#4791,#4796);
#4791 = CYLINDRICAL_SURFACE('',#4792,1.);
#4792 = AXIS2_PLACEMENT_3D('',#4793,#4794,#4795);
#4793 = CARTESIAN_POINT('',(71.001250782228,49.,1.));
#4794 = DIRECTION('',(-1.,0.,0.));
#4795 = DIRECTION('',(0.,1.,0.));
#4796 = DEFINITIONAL_REPRESENTATION('',(#4797),#4801);
#4797 = LINE('',#4798,#4799);
#4798 = CARTESIAN_POINT('',(1.570796326795,0.));
#4799 = VECTOR('',#4800,1.);
#4800 = DIRECTION('',(0.,1.));
#4801 = ( GEOMETRIC_REPRESENTATION_CONTEXT(2) 
PARAMETRIC_REPRESENTATION_CONTEXT() REPRESENTATION_CONTEXT('2D SPACE',''
  ) );
#4802 = ORIENTED_EDGE('',*,*,#4803,.F.);
#4803 = EDGE_CURVE('',#4804,#4776,#4806,.T.);
#4804 = VERTEX_POINT('',#4805);
#4805 = CARTESIAN_POINT('',(-67.6,46.75,0.));
#4806 = SURFACE_CURVE('',#4807,(#4812,#4819),.PCURVE_S1.);
#4807 = CIRCLE('',#4808,4.4);
#4808 = AXIS2_PLACEMENT_3D('',#4809,#4810,#4811);
#4809 = CARTESIAN_POINT('',(-72.,46.75,0.));
#4810 = DIRECTION('',(0.,0.,1.));
#4811 = DIRECTION('',(1.,0.,0.));
#4812 = PCURVE('',#2628,#4813);
#4813 = DEFINITIONAL_REPRESENTATION('',(#4814),#4818);
#4814 = CIRCLE('',#4815,4.4);
#4815 = AXIS2_PLACEMENT_2D('',#4816,#4817);
#4816 = CARTESIAN_POINT('',(-72.,46.75));
#4817 = DIRECTION('',(1.,0.));
#4818 = ( GEOMETRIC_REPRESENTATION_CONTEXT(2) 
PARAMETRIC_REPRESENTATION_CONTEXT() REPRESENTATION_CONTEXT('2D SPACE',''
  ) );
#4819 = PCURVE('',#4820,#4825);
#4820 = TOROIDAL_SURFACE('',#4821,4.4,1.);
#4821 = AXIS2_PLACEMENT_3D('',#4822,#4823,#4824);
#4822 = CARTESIAN_POINT('',(-72.,46.75,1.));
#4823 = DIRECTION('',(0.,0.,1.));
#4824 = DIRECTION('',(1.,0.,0.));
#4825 = DEFINITIONAL_REPRESENTATION('',(#4826),#4830);
#4826 = LINE('',#4827,#4828);
#4827 = CARTESIAN_POINT('',(0.,4.712388980385));
#4828 = VECTOR('',#4829,1.);
#4829 = DIRECTION('',(1.,0.));
#4830 = ( GEOMETRIC_REPRESENTATION_CONTEXT(2) 
PARAMETRIC_REPRESENTATION_CONTEXT() REPRESENTATION_CONTEXT('2D SPACE',''
  ) );
#4831 = ORIENTED_EDGE('',*,*,#4832,.F.);
#4832 = EDGE_CURVE('',#3768,#4804,#4833,.T.);
#4833 = SURFACE_CURVE('',#4834,(#4839,#4846),.PCURVE_S1.);
#4834 = CIRCLE('',#4835,4.4);
#4835 = AXIS2_PLACEMENT_3D('',#4836,#4837,#4838);
#4836 = CARTESIAN_POINT('',(-72.,46.75,0.));
#4837 = DIRECTION('',(0.,0.,1.));
#4838 = DIRECTION('',(-0.955882352941,-0.293749769933,0.));
#4839 = PCURVE('',#2628,#4840);
#4840 = DEFINITIONAL_REPRESENTATION('',(#4841),#4845);
#4841 = CIRCLE('',#4842,4.4);
#4842 = AXIS2_PLACEMENT_2D('',#4843,#4844);
#4843 = CARTESIAN_POINT('',(-72.,46.75));
#4844 = DIRECTION('',(-0.955882352941,-0.293749769933));
#4845 = ( GEOMETRIC_REPRESENTATION_CONTEXT(2) 
PARAMETRIC_REPRESENTATION_CONTEXT() REPRESENTATION_CONTEXT('2D SPACE',''
  ) );
#4846 = PCURVE('',#3729,#4847);
#4847 = DEFINITIONAL_REPRESENTATION('',(#4848),#4852);
#4848 = LINE('',#4849,#4850);
#4849 = CARTESIAN_POINT('',(0.,4.712388980385));
#4850 = VECTOR('',#4851,1.);
#4851 = DIRECTION('',(1.,0.));
#4852 = ( GEOMETRIC_REPRESENTATION_CONTEXT(2) 
PARAMETRIC_REPRESENTATION_CONTEXT() REPRESENTATION_CONTEXT('2D SPACE',''
  ) );
#4853 = ORIENTED_EDGE('',*,*,#3955,.T.);
#4854 = ORIENTED_EDGE('',*,*,#3659,.F.);
#4855 = ORIENTED_EDGE('',*,*,#2613,.F.);
#4856 = ORIENTED_EDGE('',*,*,#2644,.T.);
#4857 = ORIENTED_EDGE('',*,*,#4858,.F.);
#4858 = EDGE_CURVE('',#4859,#2645,#4861,.T.);
#4859 = VERTEX_POINT('',#4860);
#4860 = CARTESIAN_POINT('',(74.25,-42.96879648788,-2.22044604925E-16));
#4861 = SURFACE_CURVE('',#4862,(#4867,#4874),.PCURVE_S1.);
#4862 = CIRCLE('',#4863,4.4);
#4863 = AXIS2_PLACEMENT_3D('',#4864,#4865,#4866);
#4864 = CARTESIAN_POINT('',(72.,-46.75,0.));
#4865 = DIRECTION('',(0.,-0.,1.));
#4866 = DIRECTION('',(0.955882352941,0.293749769933,0.));
#4867 = PCURVE('',#2628,#4868);
#4868 = DEFINITIONAL_REPRESENTATION('',(#4869),#4873);
#4869 = CIRCLE('',#4870,4.4);
#4870 = AXIS2_PLACEMENT_2D('',#4871,#4872);
#4871 = CARTESIAN_POINT('',(72.,-46.75));
#4872 = DIRECTION('',(0.955882352941,0.293749769933));
#4873 = ( GEOMETRIC_REPRESENTATION_CONTEXT(2) 
PARAMETRIC_REPRESENTATION_CONTEXT() REPRESENTATION_CONTEXT('2D SPACE',''
  ) );
#4874 = PCURVE('',#2791,#4875);
#4875 = DEFINITIONAL_REPRESENTATION('',(#4876),#4880);
#4876 = LINE('',#4877,#4878);
#4877 = CARTESIAN_POINT('',(0.,4.712388980385));
#4878 = VECTOR('',#4879,1.);
#4879 = DIRECTION('',(1.,0.));
#4880 = ( GEOMETRIC_REPRESENTATION_CONTEXT(2) 
PARAMETRIC_REPRESENTATION_CONTEXT() REPRESENTATION_CONTEXT('2D SPACE',''
  ) );
#4881 = ORIENTED_EDGE('',*,*,#4882,.T.);
#4882 = EDGE_CURVE('',#4859,#4523,#4883,.T.);
#4883 = SURFACE_CURVE('',#4884,(#4888,#4895),.PCURVE_S1.);
#4884 = LINE('',#4885,#4886);
#4885 = CARTESIAN_POINT('',(74.25,-45.75125078222,-2.22044604925E-16));
#4886 = VECTOR('',#4887,1.);
#4887 = DIRECTION('',(0.,1.,0.));
#4888 = PCURVE('',#2628,#4889);
#4889 = DEFINITIONAL_REPRESENTATION('',(#4890),#4894);
#4890 = LINE('',#4891,#4892);
#4891 = CARTESIAN_POINT('',(74.25,-45.75125078222));
#4892 = VECTOR('',#4893,1.);
#4893 = DIRECTION('',(0.,1.));
#4894 = ( GEOMETRIC_REPRESENTATION_CONTEXT(2) 
PARAMETRIC_REPRESENTATION_CONTEXT() REPRESENTATION_CONTEXT('2D SPACE',''
  ) );
#4895 = PCURVE('',#4896,#4901);
#4896 = CYLINDRICAL_SURFACE('',#4897,1.);
#4897 = AXIS2_PLACEMENT_3D('',#4898,#4899,#4900);
#4898 = CARTESIAN_POINT('',(74.25,-45.75125078222,1.));
#4899 = DIRECTION('',(0.,1.,0.));
#4900 = DIRECTION('',(1.,0.,0.));
#4901 = DEFINITIONAL_REPRESENTATION('',(#4902),#4906);
#4902 = LINE('',#4903,#4904);
#4903 = CARTESIAN_POINT('',(1.570796326795,0.));
#4904 = VECTOR('',#4905,1.);
#4905 = DIRECTION('',(0.,1.));
#4906 = ( GEOMETRIC_REPRESENTATION_CONTEXT(2) 
PARAMETRIC_REPRESENTATION_CONTEXT() REPRESENTATION_CONTEXT('2D SPACE',''
  ) );
#4907 = ADVANCED_FACE('',(#4908),#2791,.F.);
#4908 = FACE_BOUND('',#4909,.F.);
#4909 = EDGE_LOOP('',(#4910,#5096,#5097,#5098));
#4910 = ORIENTED_EDGE('',*,*,#4911,.F.);
#4911 = EDGE_CURVE('',#2864,#4859,#4912,.T.);
#4912 = SURFACE_CURVE('',#4913,(#4972,#5034),.PCURVE_S1.);
#4913 = B_SPLINE_CURVE_WITH_KNOTS('',8,(#4914,#4915,#4916,#4917,#4918,
    #4919,#4920,#4921,#4922,#4923,#4924,#4925,#4926,#4927,#4928,#4929,
    #4930,#4931,#4932,#4933,#4934,#4935,#4936,#4937,#4938,#4939,#4940,
    #4941,#4942,#4943,#4944,#4945,#4946,#4947,#4948,#4949,#4950,#4951,
    #4952,#4953,#4954,#4955,#4956,#4957,#4958,#4959,#4960,#4961,#4962,
    #4963,#4964,#4965,#4966,#4967,#4968,#4969,#4970,#4971),
  .UNSPECIFIED.,.F.,.F.,(9,7,7,7,7,7,7,7,9),(0.,2.653340151031E-02,
    4.596562135675E-02,7.801431145625E-02,0.153643078285,0.321241866782,
    0.484308178294,0.750698944339,1.),.UNSPECIFIED.);
#4914 = CARTESIAN_POINT('',(75.25,-45.75125078222,1.));
#4915 = CARTESIAN_POINT('',(75.25,-45.75125078222,0.990603437871));
#4916 = CARTESIAN_POINT('',(75.249899065905,-45.75057879177,
    0.981204396587));
#4917 = CARTESIAN_POINT('',(75.249697181987,-45.74923447737,
    0.971849151226));
#4918 = CARTESIAN_POINT('',(75.249396930771,-45.74723783668,
    0.962575810701));
#4919 = CARTESIAN_POINT('',(75.249002849723,-45.74462412334,
    0.953415086781));
#4920 = CARTESIAN_POINT('',(75.248520787955,-45.74143877192,
    0.944391063104));
#4921 = CARTESIAN_POINT('',(75.247957262915,-45.73773232277,
    0.935521964196));
#4922 = CARTESIAN_POINT('',(75.246851239649,-45.73049626255,
    0.920448559583));
#4923 = CARTESIAN_POINT('',(75.246343334212,-45.72718384576,
    0.91416423548));
#4924 = CARTESIAN_POINT('',(75.245797495629,-45.72363685223,
    0.907970745765));
#4925 = CARTESIAN_POINT('',(75.245216057568,-45.71987356302,
    0.90186949048));
#4926 = CARTESIAN_POINT('',(75.24460124333,-45.71591142167,0.89586063109
    ));
#4927 = CARTESIAN_POINT('',(75.243955116666,-45.71176667141,
    0.889943245455));
#4928 = CARTESIAN_POINT('',(75.2432795326,-45.70745399231,0.884115482807
    ));
#4929 = CARTESIAN_POINT('',(75.241415928963,-45.69561750701,
    0.86890673354));
#4930 = CARTESIAN_POINT('',(75.24018034448,-45.68782904785,
    0.859678089299));
#4931 = CARTESIAN_POINT('',(75.238876415308,-45.67967768383,
    0.850675241802));
#4932 = CARTESIAN_POINT('',(75.237510232186,-45.67121217254,
    0.84188519785));
#4933 = CARTESIAN_POINT('',(75.236086922185,-45.66247355972,
    0.833295244416));
#4934 = CARTESIAN_POINT('',(75.234610674826,-45.6534956329,
    0.824892677834));
#4935 = CARTESIAN_POINT('',(75.233084768192,-45.64430537481,
    0.816664532976));
#4936 = CARTESIAN_POINT('',(75.227799207875,-45.61278379445,
    0.789560217964));
#4937 = CARTESIAN_POINT('',(75.223827697842,-45.58960122625,
    0.771440352398));
#4938 = CARTESIAN_POINT('',(75.21962944592,-45.56565156478,
    0.754060384982));
#4939 = CARTESIAN_POINT('',(75.215225351758,-45.5411128994,
    0.737313919658));
#4940 = CARTESIAN_POINT('',(75.210630810987,-45.51611271838,
    0.721120225091));
#4941 = CARTESIAN_POINT('',(75.205856771816,-45.49074161182,
    0.705410764868));
#4942 = CARTESIAN_POINT('',(75.200908994926,-45.46505446154,
    0.690128036875));
#4943 = CARTESIAN_POINT('',(75.184441567349,-45.3815189302,
    0.642173812006));
#4944 = CARTESIAN_POINT('',(75.172268490858,-45.32265624249,
    0.611019895786));
#4945 = CARTESIAN_POINT('',(75.159318827674,-45.26297080118,
    0.58124833794));
#4946 = CARTESIAN_POINT('',(75.14561681503,-45.20268872069,
    0.552658321104));
#4947 = CARTESIAN_POINT('',(75.131183811589,-45.14198506634,
    0.525085540947));
#4948 = CARTESIAN_POINT('',(75.116031958228,-45.08095649527,
    0.498437491602));
#4949 = CARTESIAN_POINT('',(75.100168166204,-45.01966813738,
    0.472634173466));
#4950 = CARTESIAN_POINT('',(75.067462018392,-44.89828777328,
    0.423277865318));
#4951 = CARTESIAN_POINT('',(75.050664997482,-44.83823530478,
    0.399693597831));
#4952 = CARTESIAN_POINT('',(75.033206479798,-44.77803895473,
    0.376820230899));
#4953 = CARTESIAN_POINT('',(75.015092402903,-44.71773634654,
    0.354632438149));
#4954 = CARTESIAN_POINT('',(74.996328380845,-44.65735692775,
    0.33311718124));
#4955 = CARTESIAN_POINT('',(74.97691990774,-44.59692497314,
    0.312269013795));
#4956 = CARTESIAN_POINT('',(74.956872421665,-44.53646109572,
    0.292087793631));
#4957 = CARTESIAN_POINT('',(74.902405717132,-44.37718195744,
    0.24070824202));
#4958 = CARTESIAN_POINT('',(74.866930581192,-44.27834653617,
    0.210632846345));
#4959 = CARTESIAN_POINT('',(74.829789883659,-44.17955216042,
    0.182375376099));
#4960 = CARTESIAN_POINT('',(74.79101054781,-44.08086302362,
    0.155992384853));
#4961 = CARTESIAN_POINT('',(74.75062338049,-43.98233785013,
    0.131563598521));
#4962 = CARTESIAN_POINT('',(74.708664033867,-43.88403430731,
    0.109185724331));
#4963 = CARTESIAN_POINT('',(74.665173906051,-43.7860113339,
    8.897069020398E-02));
#4964 = CARTESIAN_POINT('',(74.578113193719,-43.59691400446,
    5.427570920385E-02));
#4965 = CARTESIAN_POINT('',(74.534728990907,-43.50580225075,
    3.951162534687E-02));
#4966 = CARTESIAN_POINT('',(74.49008746428,-43.41504256031,
    2.686221067431E-02));
#4967 = CARTESIAN_POINT('',(74.444235017999,-43.32469059782,
    1.644617582879E-02));
#4968 = CARTESIAN_POINT('',(74.39722715281,-43.23481050894,
    8.396048839791E-03));
#4969 = CARTESIAN_POINT('',(74.349130250579,-43.14547617353,
    2.859429594598E-03));
#4970 = CARTESIAN_POINT('',(74.300023358826,-43.05677245893,
    2.44309348213E-07));
#4971 = CARTESIAN_POINT('',(74.249999975259,-42.96879647316,0.));
#4972 = PCURVE('',#2791,#4973);
#4973 = DEFINITIONAL_REPRESENTATION('',(#4974),#5033);
#4974 = B_SPLINE_CURVE_WITH_KNOTS('',8,(#4975,#4976,#4977,#4978,#4979,
    #4980,#4981,#4982,#4983,#4984,#4985,#4986,#4987,#4988,#4989,#4990,
    #4991,#4992,#4993,#4994,#4995,#4996,#4997,#4998,#4999,#5000,#5001,
    #5002,#5003,#5004,#5005,#5006,#5007,#5008,#5009,#5010,#5011,#5012,
    #5013,#5014,#5015,#5016,#5017,#5018,#5019,#5020,#5021,#5022,#5023,
    #5024,#5025,#5026,#5027,#5028,#5029,#5030,#5031,#5032),
  .UNSPECIFIED.,.F.,.F.,(9,7,7,7,7,7,7,7,9),(0.,2.653340151031E-02,
    4.596562135675E-02,7.801431145625E-02,0.153643078285,0.321241866782,
    0.484308178294,0.750698944339,1.),.UNSPECIFIED.);
#4975 = CARTESIAN_POINT('',(1.341149413747E-13,3.14159265359));
#4976 = CARTESIAN_POINT('',(1.341149413747E-13,3.150989215719));
#4977 = CARTESIAN_POINT('',(1.976434687405E-04,3.160388245244));
#4978 = CARTESIAN_POINT('',(5.930313722473E-04,3.169744769611));
#4979 = CARTESIAN_POINT('',(1.180245819921E-03,3.179021915753));
#4980 = CARTESIAN_POINT('',(1.948852627075E-03,3.188190096925));
#4981 = CARTESIAN_POINT('',(2.885403878168E-03,3.197226199535));
#4982 = CARTESIAN_POINT('',(3.974940489874E-03,3.206112769982));
#4983 = CARTESIAN_POINT('',(6.101516511594E-03,3.2212266978));
#4984 = CARTESIAN_POINT('',(7.074848044789E-03,3.227531339913));
#4985 = CARTESIAN_POINT('',(8.116935416097E-03,3.233748566043));
#4986 = CARTESIAN_POINT('',(9.222364755733E-03,3.239877160385));
#4987 = CARTESIAN_POINT('',(1.03859694638E-02,3.245917106631));
#4988 = CARTESIAN_POINT('',(1.16029373923E-02,3.251869441485));
#4989 = CARTESIAN_POINT('',(1.286891802717E-02,3.257736108171));
#4990 = CARTESIAN_POINT('',(1.634265232264E-02,3.273058610342));
#4991 = CARTESIAN_POINT('',(1.86275437931E-02,3.28236902251));
#4992 = CARTESIAN_POINT('',(2.101792167498E-02,3.291464943861));
#4993 = CARTESIAN_POINT('',(2.349932318062E-02,3.300359593994));
#4994 = CARTESIAN_POINT('',(2.605956842825E-02,3.309065828277));
#4995 = CARTESIAN_POINT('',(2.868862372889E-02,3.317596451405));
#4996 = CARTESIAN_POINT('',(3.137846487328E-02,3.325964530975));
#4997 = CARTESIAN_POINT('',(4.059937675532E-02,3.353579400884));
#4998 = CARTESIAN_POINT('',(4.737286458477E-02,3.372124423547));
#4999 = CARTESIAN_POINT('',(5.436119630294E-02,3.389997706465));
#5000 = CARTESIAN_POINT('',(6.151115827157E-02,3.407306843777));
#5001 = CARTESIAN_POINT('',(6.878458682771E-02,3.424133679181));
#5002 = CARTESIAN_POINT('',(7.615426187833E-02,3.440548043246));
#5003 = CARTESIAN_POINT('',(8.360347469032E-02,3.456609216593));
#5004 = CARTESIAN_POINT('',(0.107787151554,3.507312114477));
#5005 = CARTESIAN_POINT('',(0.124765436064,3.54073075951));
#5006 = CARTESIAN_POINT('',(0.141911289399,3.573159042168));
#5007 = CARTESIAN_POINT('',(0.159153424535,3.604821032386));
#5008 = CARTESIAN_POINT('',(0.176436140981,3.635905068341));
#5009 = CARTESIAN_POINT('',(0.193727198795,3.666529257843));
#5010 = CARTESIAN_POINT('',(0.211003727311,3.696801579881));
#5011 = CARTESIAN_POINT('',(0.245038063248,3.756010846543));
#5012 = CARTESIAN_POINT('',(0.261789671236,3.784948872021));
#5013 = CARTESIAN_POINT('',(0.278491075486,3.813697562026));
#5014 = CARTESIAN_POINT('',(0.295128389211,3.842310001635));
#5015 = CARTESIAN_POINT('',(0.311690404134,3.87082801081));
#5016 = CARTESIAN_POINT('',(0.328167694618,3.899286935414));
#5017 = CARTESIAN_POINT('',(0.344552161314,3.927718102277));
#5018 = CARTESIAN_POINT('',(0.387440513434,4.002594535328));
#5019 = CARTESIAN_POINT('',(0.413776871563,4.049037448087));
#5020 = CARTESIAN_POINT('',(0.439815935514,4.095596874723));
#5021 = CARTESIAN_POINT('',(0.465533018348,4.142367681777));
#5022 = CARTESIAN_POINT('',(0.490907056787,4.189431931285));
#5023 = CARTESIAN_POINT('',(0.515919377315,4.236867110038));
#5024 = CARTESIAN_POINT('',(0.540553070991,4.284751061011));
#5025 = CARTESIAN_POINT('',(0.587477825434,4.37847037246));
#5026 = CARTESIAN_POINT('',(0.609816554121,4.424237652029));
#5027 = CARTESIAN_POINT('',(0.631797067809,4.470532312248));
#5028 = CARTESIAN_POINT('',(0.653407031061,4.517420547961));
#5029 = CARTESIAN_POINT('',(0.674633723749,4.564971088672));
#5030 = CARTESIAN_POINT('',(0.695463896544,4.613258394962));
#5031 = CARTESIAN_POINT('',(0.715883626414,4.662365854886));
#5032 = CARTESIAN_POINT('',(0.735878172122,4.712388980385));
#5033 = ( GEOMETRIC_REPRESENTATION_CONTEXT(2) 
PARAMETRIC_REPRESENTATION_CONTEXT() REPRESENTATION_CONTEXT('2D SPACE',''
  ) );
#5034 = PCURVE('',#4896,#5035);
#5035 = DEFINITIONAL_REPRESENTATION('',(#5036),#5095);
#5036 = B_SPLINE_CURVE_WITH_KNOTS('',8,(#5037,#5038,#5039,#5040,#5041,
    #5042,#5043,#5044,#5045,#5046,#5047,#5048,#5049,#5050,#5051,#5052,
    #5053,#5054,#5055,#5056,#5057,#5058,#5059,#5060,#5061,#5062,#5063,
    #5064,#5065,#5066,#5067,#5068,#5069,#5070,#5071,#5072,#5073,#5074,
    #5075,#5076,#5077,#5078,#5079,#5080,#5081,#5082,#5083,#5084,#5085,
    #5086,#5087,#5088,#5089,#5090,#5091,#5092,#5093,#5094),
  .UNSPECIFIED.,.F.,.F.,(9,7,7,7,7,7,7,7,9),(0.,2.653340151031E-02,
    4.596562135675E-02,7.801431145625E-02,0.153643078285,0.321241866782,
    0.484308178294,0.750698944339,1.),.UNSPECIFIED.);
#5037 = CARTESIAN_POINT('',(0.,4.405364961713E-13));
#5038 = CARTESIAN_POINT('',(9.396562128719E-03,4.40529393337E-13));
#5039 = CARTESIAN_POINT('',(1.879559165393E-02,6.719904535412E-04));
#5040 = CARTESIAN_POINT('',(2.815211602126E-02,2.016304849489E-03));
#5041 = CARTESIAN_POINT('',(3.742926216358E-02,4.012945546335E-03));
#5042 = CARTESIAN_POINT('',(4.659744333501E-02,6.626658885208E-03));
#5043 = CARTESIAN_POINT('',(5.563354594497E-02,9.812010305093E-03));
#5044 = CARTESIAN_POINT('',(6.45201163923E-02,1.351845945761E-02));
#5045 = CARTESIAN_POINT('',(7.963404421061E-02,2.075451967076E-02));
#5046 = CARTESIAN_POINT('',(8.593868632352E-02,2.406693646202E-02));
#5047 = CARTESIAN_POINT('',(9.215591245281E-02,2.761392999044E-02));
#5048 = CARTESIAN_POINT('',(9.828450679476E-02,3.137721920668E-02));
#5049 = CARTESIAN_POINT('',(0.104324453041,3.533936055478E-02));
#5050 = CARTESIAN_POINT('',(0.110276787895,3.948411080979E-02));
#5051 = CARTESIAN_POINT('',(0.116143454582,4.379678991536E-02));
#5052 = CARTESIAN_POINT('',(0.131465956753,5.563327521686E-02));
#5053 = CARTESIAN_POINT('',(0.14077636892,6.342173437441E-02));
#5054 = CARTESIAN_POINT('',(0.149872290271,7.157309838962E-02));
#5055 = CARTESIAN_POINT('',(0.158766940404,8.003860968833E-02));
#5056 = CARTESIAN_POINT('',(0.167473174687,8.877722249905E-02));
#5057 = CARTESIAN_POINT('',(0.176003797816,9.775514932533E-02));
#5058 = CARTESIAN_POINT('',(0.184371877385,0.106945407418));
#5059 = CARTESIAN_POINT('',(0.211986747294,0.13846698777));
#5060 = CARTESIAN_POINT('',(0.230531769957,0.161649555971));
#5061 = CARTESIAN_POINT('',(0.248405052875,0.185599217441));
#5062 = CARTESIAN_POINT('',(0.265714190187,0.210137882825));
#5063 = CARTESIAN_POINT('',(0.282541025591,0.235138063846));
#5064 = CARTESIAN_POINT('',(0.298955389656,0.260509170406));
#5065 = CARTESIAN_POINT('',(0.315016563003,0.286196320688));
#5066 = CARTESIAN_POINT('',(0.365719460887,0.36973185202));
#5067 = CARTESIAN_POINT('',(0.39913810592,0.428594539733));
#5068 = CARTESIAN_POINT('',(0.431566388578,0.488279981046));
#5069 = CARTESIAN_POINT('',(0.463228378796,0.548562061537));
#5070 = CARTESIAN_POINT('',(0.494312414751,0.609265715882));
#5071 = CARTESIAN_POINT('',(0.524936604253,0.670294286953));
#5072 = CARTESIAN_POINT('',(0.555208926291,0.731582644846));
#5073 = CARTESIAN_POINT('',(0.614418192953,0.852963008941));
#5074 = CARTESIAN_POINT('',(0.643356218431,0.913015477443));
#5075 = CARTESIAN_POINT('',(0.672104908437,0.973211827494));
#5076 = CARTESIAN_POINT('',(0.700717348045,1.033514435681));
#5077 = CARTESIAN_POINT('',(0.72923535722,1.09389385447));
#5078 = CARTESIAN_POINT('',(0.757694281825,1.154325809087));
#5079 = CARTESIAN_POINT('',(0.786125448688,1.214789686501));
#5080 = CARTESIAN_POINT('',(0.861001881738,1.374068824781));
#5081 = CARTESIAN_POINT('',(0.907444794497,1.472904246051));
#5082 = CARTESIAN_POINT('',(0.954004221133,1.571698621806));
#5083 = CARTESIAN_POINT('',(1.000775028187,1.670387758602));
#5084 = CARTESIAN_POINT('',(1.047839277695,1.768912932096));
#5085 = CARTESIAN_POINT('',(1.095274456448,1.867216474913));
#5086 = CARTESIAN_POINT('',(1.143158407422,1.965239448327));
#5087 = CARTESIAN_POINT('',(1.236877718871,2.154336777764));
#5088 = CARTESIAN_POINT('',(1.282644990523,2.245448531476));
#5089 = CARTESIAN_POINT('',(1.328939656209,2.336208221917));
#5090 = CARTESIAN_POINT('',(1.375827903752,2.426560184403));
#5091 = CARTESIAN_POINT('',(1.423378445817,2.516440273283));
#5092 = CARTESIAN_POINT('',(1.471665734823,2.605774608691));
#5093 = CARTESIAN_POINT('',(1.520773177848,2.694478323297));
#5094 = CARTESIAN_POINT('',(1.570796351536,2.782454309061));
#5095 = ( GEOMETRIC_REPRESENTATION_CONTEXT(2) 
PARAMETRIC_REPRESENTATION_CONTEXT() REPRESENTATION_CONTEXT('2D SPACE',''
  ) );
#5096 = ORIENTED_EDGE('',*,*,#2863,.T.);
#5097 = ORIENTED_EDGE('',*,*,#2667,.T.);
#5098 = ORIENTED_EDGE('',*,*,#4858,.F.);
#5099 = ADVANCED_FACE('',(#5100),#2903,.T.);
#5100 = FACE_BOUND('',#5101,.T.);
#5101 = EDGE_LOOP('',(#5102,#5103,#5104,#5105,#5106,#5129,#5152,#5180));
#5102 = ORIENTED_EDGE('',*,*,#2887,.F.);
#5103 = ORIENTED_EDGE('',*,*,#2940,.F.);
#5104 = ORIENTED_EDGE('',*,*,#3445,.T.);
#5105 = ORIENTED_EDGE('',*,*,#3295,.T.);
#5106 = ORIENTED_EDGE('',*,*,#5107,.F.);
#5107 = EDGE_CURVE('',#5108,#3267,#5110,.T.);
#5108 = VERTEX_POINT('',#5109);
#5109 = CARTESIAN_POINT('',(75.25,47.000000000045,4.5));
#5110 = SURFACE_CURVE('',#5111,(#5115,#5122),.PCURVE_S1.);
#5111 = LINE('',#5112,#5113);
#5112 = CARTESIAN_POINT('',(75.25,47.000000000045,0.));
#5113 = VECTOR('',#5114,1.);
#5114 = DIRECTION('',(0.,0.,1.));
#5115 = PCURVE('',#2903,#5116);
#5116 = DEFINITIONAL_REPRESENTATION('',(#5117),#5121);
#5117 = LINE('',#5118,#5119);
#5118 = CARTESIAN_POINT('',(94.000000000091,0.));
#5119 = VECTOR('',#5120,1.);
#5120 = DIRECTION('',(0.,-1.));
#5121 = ( GEOMETRIC_REPRESENTATION_CONTEXT(2) 
PARAMETRIC_REPRESENTATION_CONTEXT() REPRESENTATION_CONTEXT('2D SPACE',''
  ) );
#5122 = PCURVE('',#3283,#5123);
#5123 = DEFINITIONAL_REPRESENTATION('',(#5124),#5128);
#5124 = LINE('',#5125,#5126);
#5125 = CARTESIAN_POINT('',(-1.51358E-11,0.));
#5126 = VECTOR('',#5127,1.);
#5127 = DIRECTION('',(-0.,-1.));
#5128 = ( GEOMETRIC_REPRESENTATION_CONTEXT(2) 
PARAMETRIC_REPRESENTATION_CONTEXT() REPRESENTATION_CONTEXT('2D SPACE',''
  ) );
#5129 = ORIENTED_EDGE('',*,*,#5130,.F.);
#5130 = EDGE_CURVE('',#5131,#5108,#5133,.T.);
#5131 = VERTEX_POINT('',#5132);
#5132 = CARTESIAN_POINT('',(75.25,45.751250782228,4.5));
#5133 = SURFACE_CURVE('',#5134,(#5138,#5145),.PCURVE_S1.);
#5134 = LINE('',#5135,#5136);
#5135 = CARTESIAN_POINT('',(75.25,-23.50000000002,4.5));
#5136 = VECTOR('',#5137,1.);
#5137 = DIRECTION('',(0.,1.,0.));
#5138 = PCURVE('',#2903,#5139);
#5139 = DEFINITIONAL_REPRESENTATION('',(#5140),#5144);
#5140 = LINE('',#5141,#5142);
#5141 = CARTESIAN_POINT('',(23.500000000023,-4.5));
#5142 = VECTOR('',#5143,1.);
#5143 = DIRECTION('',(1.,0.));
#5144 = ( GEOMETRIC_REPRESENTATION_CONTEXT(2) 
PARAMETRIC_REPRESENTATION_CONTEXT() REPRESENTATION_CONTEXT('2D SPACE',''
  ) );
#5145 = PCURVE('',#4476,#5146);
#5146 = DEFINITIONAL_REPRESENTATION('',(#5147),#5151);
#5147 = LINE('',#5148,#5149);
#5148 = CARTESIAN_POINT('',(75.25,-23.50000000002));
#5149 = VECTOR('',#5150,1.);
#5150 = DIRECTION('',(0.,1.));
#5151 = ( GEOMETRIC_REPRESENTATION_CONTEXT(2) 
PARAMETRIC_REPRESENTATION_CONTEXT() REPRESENTATION_CONTEXT('2D SPACE',''
  ) );
#5152 = ORIENTED_EDGE('',*,*,#5153,.T.);
#5153 = EDGE_CURVE('',#5131,#5154,#5156,.T.);
#5154 = VERTEX_POINT('',#5155);
#5155 = CARTESIAN_POINT('',(75.25,45.751250782228,1.));
#5156 = SURFACE_CURVE('',#5157,(#5161,#5168),.PCURVE_S1.);
#5157 = LINE('',#5158,#5159);
#5158 = CARTESIAN_POINT('',(75.25,45.751250782228,0.));
#5159 = VECTOR('',#5160,1.);
#5160 = DIRECTION('',(-0.,-0.,-1.));
#5161 = PCURVE('',#2903,#5162);
#5162 = DEFINITIONAL_REPRESENTATION('',(#5163),#5167);
#5163 = LINE('',#5164,#5165);
#5164 = CARTESIAN_POINT('',(92.751250782273,0.));
#5165 = VECTOR('',#5166,1.);
#5166 = DIRECTION('',(0.,1.));
#5167 = ( GEOMETRIC_REPRESENTATION_CONTEXT(2) 
PARAMETRIC_REPRESENTATION_CONTEXT() REPRESENTATION_CONTEXT('2D SPACE',''
  ) );
#5168 = PCURVE('',#5169,#5174);
#5169 = CYLINDRICAL_SURFACE('',#5170,3.4);
#5170 = AXIS2_PLACEMENT_3D('',#5171,#5172,#5173);
#5171 = CARTESIAN_POINT('',(72.,46.75,0.));
#5172 = DIRECTION('',(-0.,-0.,-1.));
#5173 = DIRECTION('',(1.,0.,0.));
#5174 = DEFINITIONAL_REPRESENTATION('',(#5175),#5179);
#5175 = LINE('',#5176,#5177);
#5176 = CARTESIAN_POINT('',(-5.985037984835,0.));
#5177 = VECTOR('',#5178,1.);
#5178 = DIRECTION('',(-0.,1.));
#5179 = ( GEOMETRIC_REPRESENTATION_CONTEXT(2) 
PARAMETRIC_REPRESENTATION_CONTEXT() REPRESENTATION_CONTEXT('2D SPACE',''
  ) );
#5180 = ORIENTED_EDGE('',*,*,#5181,.F.);
#5181 = EDGE_CURVE('',#2864,#5154,#5182,.T.);
#5182 = SURFACE_CURVE('',#5183,(#5187,#5194),.PCURVE_S1.);
#5183 = LINE('',#5184,#5185);
#5184 = CARTESIAN_POINT('',(75.25,-45.75125078222,1.));
#5185 = VECTOR('',#5186,1.);
#5186 = DIRECTION('',(0.,1.,0.));
#5187 = PCURVE('',#2903,#5188);
#5188 = DEFINITIONAL_REPRESENTATION('',(#5189),#5193);
#5189 = LINE('',#5190,#5191);
#5190 = CARTESIAN_POINT('',(1.248749217817,-1.));
#5191 = VECTOR('',#5192,1.);
#5192 = DIRECTION('',(1.,0.));
#5193 = ( GEOMETRIC_REPRESENTATION_CONTEXT(2) 
PARAMETRIC_REPRESENTATION_CONTEXT() REPRESENTATION_CONTEXT('2D SPACE',''
  ) );
#5194 = PCURVE('',#4896,#5195);
#5195 = DEFINITIONAL_REPRESENTATION('',(#5196),#5200);
#5196 = LINE('',#5197,#5198);
#5197 = CARTESIAN_POINT('',(0.,0.));
#5198 = VECTOR('',#5199,1.);
#5199 = DIRECTION('',(0.,1.));
#5200 = ( GEOMETRIC_REPRESENTATION_CONTEXT(2) 
PARAMETRIC_REPRESENTATION_CONTEXT() REPRESENTATION_CONTEXT('2D SPACE',''
  ) );
#5201 = ADVANCED_FACE('',(#5202),#3406,.F.);
#5202 = FACE_BOUND('',#5203,.F.);
#5203 = EDGE_LOOP('',(#5204,#5205,#5228,#5254));
#5204 = ORIENTED_EDGE('',*,*,#4292,.F.);
#5205 = ORIENTED_EDGE('',*,*,#5206,.F.);
#5206 = EDGE_CURVE('',#5207,#4265,#5209,.T.);
#5207 = VERTEX_POINT('',#5208);
#5208 = CARTESIAN_POINT('',(-59.52334403427,50.,6.));
#5209 = SURFACE_CURVE('',#5210,(#5214,#5221),.PCURVE_S1.);
#5210 = LINE('',#5211,#5212);
#5211 = CARTESIAN_POINT('',(-59.52334403427,52.,6.));
#5212 = VECTOR('',#5213,1.);
#5213 = DIRECTION('',(0.,1.,-2.22044604925E-16));
#5214 = PCURVE('',#3406,#5215);
#5215 = DEFINITIONAL_REPRESENTATION('',(#5216),#5220);
#5216 = LINE('',#5217,#5218);
#5217 = CARTESIAN_POINT('',(4.019229072808,5.551115123126E-16));
#5218 = VECTOR('',#5219,1.);
#5219 = DIRECTION('',(0.,1.));
#5220 = ( GEOMETRIC_REPRESENTATION_CONTEXT(2) 
PARAMETRIC_REPRESENTATION_CONTEXT() REPRESENTATION_CONTEXT('2D SPACE',''
  ) );
#5221 = PCURVE('',#4280,#5222);
#5222 = DEFINITIONAL_REPRESENTATION('',(#5223),#5227);
#5223 = LINE('',#5224,#5225);
#5224 = CARTESIAN_POINT('',(-59.52334403427,52.));
#5225 = VECTOR('',#5226,1.);
#5226 = DIRECTION('',(0.,1.));
#5227 = ( GEOMETRIC_REPRESENTATION_CONTEXT(2) 
PARAMETRIC_REPRESENTATION_CONTEXT() REPRESENTATION_CONTEXT('2D SPACE',''
  ) );
#5228 = ORIENTED_EDGE('',*,*,#5229,.T.);
#5229 = EDGE_CURVE('',#5207,#3368,#5230,.T.);
#5230 = SURFACE_CURVE('',#5231,(#5236,#5243),.PCURVE_S1.);
#5231 = CIRCLE('',#5232,3.25);
#5232 = AXIS2_PLACEMENT_3D('',#5233,#5234,#5235);
#5233 = CARTESIAN_POINT('',(-61.6,50.,8.5));
#5234 = DIRECTION('',(0.,1.,-2.22044604925E-16));
#5235 = DIRECTION('',(-1.,0.,0.));
#5236 = PCURVE('',#3406,#5237);
#5237 = DEFINITIONAL_REPRESENTATION('',(#5238),#5242);
#5238 = LINE('',#5239,#5240);
#5239 = CARTESIAN_POINT('',(0.,-2.));
#5240 = VECTOR('',#5241,1.);
#5241 = DIRECTION('',(1.,0.));
#5242 = ( GEOMETRIC_REPRESENTATION_CONTEXT(2) 
PARAMETRIC_REPRESENTATION_CONTEXT() REPRESENTATION_CONTEXT('2D SPACE',''
  ) );
#5243 = PCURVE('',#3254,#5244);
#5244 = DEFINITIONAL_REPRESENTATION('',(#5245),#5253);
#5245 = ( BOUNDED_CURVE() B_SPLINE_CURVE(2,(#5246,#5247,#5248,#5249,
#5250,#5251,#5252),.UNSPECIFIED.,.T.,.F.) B_SPLINE_CURVE_WITH_KNOTS((1,2
    ,2,2,2,1),(-2.094395102393,0.,2.094395102393,4.188790204786,
6.28318530718,8.377580409573),.UNSPECIFIED.) CURVE() 
GEOMETRIC_REPRESENTATION_ITEM() RATIONAL_B_SPLINE_CURVE((1.,0.5,1.,0.5,
1.,0.5,1.)) REPRESENTATION_ITEM('') );
#5246 = CARTESIAN_POINT('',(137.1,-8.5));
#5247 = CARTESIAN_POINT('',(137.1,-14.12916512459));
#5248 = CARTESIAN_POINT('',(132.225,-11.31458256229));
#5249 = CARTESIAN_POINT('',(127.35,-8.5));
#5250 = CARTESIAN_POINT('',(132.225,-5.685417437701));
#5251 = CARTESIAN_POINT('',(137.1,-2.870834875401));
#5252 = CARTESIAN_POINT('',(137.1,-8.5));
#5253 = ( GEOMETRIC_REPRESENTATION_CONTEXT(2) 
PARAMETRIC_REPRESENTATION_CONTEXT() REPRESENTATION_CONTEXT('2D SPACE',''
  ) );
#5254 = ORIENTED_EDGE('',*,*,#3390,.T.);
#5255 = ADVANCED_FACE('',(#5256),#3254,.T.);
#5256 = FACE_BOUND('',#5257,.T.);
#5257 = EDGE_LOOP('',(#5258,#5283,#5306,#5329,#5350,#5351,#5379,#5400,
    #5401,#5402,#5403,#5404,#5427,#5450,#5473,#5501,#5524,#5547,#5570,
    #5598));
#5258 = ORIENTED_EDGE('',*,*,#5259,.F.);
#5259 = EDGE_CURVE('',#5260,#5262,#5264,.T.);
#5260 = VERTEX_POINT('',#5261);
#5261 = CARTESIAN_POINT('',(71.001250782228,50.,1.));
#5262 = VERTEX_POINT('',#5263);
#5263 = CARTESIAN_POINT('',(12.295430330892,50.,1.));
#5264 = SURFACE_CURVE('',#5265,(#5269,#5276),.PCURVE_S1.);
#5265 = LINE('',#5266,#5267);
#5266 = CARTESIAN_POINT('',(71.001250782228,50.,1.));
#5267 = VECTOR('',#5268,1.);
#5268 = DIRECTION('',(-1.,0.,0.));
#5269 = PCURVE('',#3254,#5270);
#5270 = DEFINITIONAL_REPRESENTATION('',(#5271),#5275);
#5271 = LINE('',#5272,#5273);
#5272 = CARTESIAN_POINT('',(1.248749217772,-1.));
#5273 = VECTOR('',#5274,1.);
#5274 = DIRECTION('',(1.,0.));
#5275 = ( GEOMETRIC_REPRESENTATION_CONTEXT(2) 
PARAMETRIC_REPRESENTATION_CONTEXT() REPRESENTATION_CONTEXT('2D SPACE',''
  ) );
#5276 = PCURVE('',#4567,#5277);
#5277 = DEFINITIONAL_REPRESENTATION('',(#5278),#5282);
#5278 = LINE('',#5279,#5280);
#5279 = CARTESIAN_POINT('',(0.,0.));
#5280 = VECTOR('',#5281,1.);
#5281 = DIRECTION('',(0.,1.));
#5282 = ( GEOMETRIC_REPRESENTATION_CONTEXT(2) 
PARAMETRIC_REPRESENTATION_CONTEXT() REPRESENTATION_CONTEXT('2D SPACE',''
  ) );
#5283 = ORIENTED_EDGE('',*,*,#5284,.F.);
#5284 = EDGE_CURVE('',#5285,#5260,#5287,.T.);
#5285 = VERTEX_POINT('',#5286);
#5286 = CARTESIAN_POINT('',(71.001250782228,50.,4.5));
#5287 = SURFACE_CURVE('',#5288,(#5292,#5299),.PCURVE_S1.);
#5288 = LINE('',#5289,#5290);
#5289 = CARTESIAN_POINT('',(71.001250782228,50.,0.));
#5290 = VECTOR('',#5291,1.);
#5291 = DIRECTION('',(-0.,-0.,-1.));
#5292 = PCURVE('',#3254,#5293);
#5293 = DEFINITIONAL_REPRESENTATION('',(#5294),#5298);
#5294 = LINE('',#5295,#5296);
#5295 = CARTESIAN_POINT('',(1.248749217772,0.));
#5296 = VECTOR('',#5297,1.);
#5297 = DIRECTION('',(0.,1.));
#5298 = ( GEOMETRIC_REPRESENTATION_CONTEXT(2) 
PARAMETRIC_REPRESENTATION_CONTEXT() REPRESENTATION_CONTEXT('2D SPACE',''
  ) );
#5299 = PCURVE('',#5169,#5300);
#5300 = DEFINITIONAL_REPRESENTATION('',(#5301),#5305);
#5301 = LINE('',#5302,#5303);
#5302 = CARTESIAN_POINT('',(-1.868943649139,0.));
#5303 = VECTOR('',#5304,1.);
#5304 = DIRECTION('',(-0.,1.));
#5305 = ( GEOMETRIC_REPRESENTATION_CONTEXT(2) 
PARAMETRIC_REPRESENTATION_CONTEXT() REPRESENTATION_CONTEXT('2D SPACE',''
  ) );
#5306 = ORIENTED_EDGE('',*,*,#5307,.F.);
#5307 = EDGE_CURVE('',#5308,#5285,#5310,.T.);
#5308 = VERTEX_POINT('',#5309);
#5309 = CARTESIAN_POINT('',(72.25,50.,4.5));
#5310 = SURFACE_CURVE('',#5311,(#5315,#5322),.PCURVE_S1.);
#5311 = LINE('',#5312,#5313);
#5312 = CARTESIAN_POINT('',(36.125,50.,4.5));
#5313 = VECTOR('',#5314,1.);
#5314 = DIRECTION('',(-1.,0.,0.));
#5315 = PCURVE('',#3254,#5316);
#5316 = DEFINITIONAL_REPRESENTATION('',(#5317),#5321);
#5317 = LINE('',#5318,#5319);
#5318 = CARTESIAN_POINT('',(36.125,-4.5));
#5319 = VECTOR('',#5320,1.);
#5320 = DIRECTION('',(1.,0.));
#5321 = ( GEOMETRIC_REPRESENTATION_CONTEXT(2) 
PARAMETRIC_REPRESENTATION_CONTEXT() REPRESENTATION_CONTEXT('2D SPACE',''
  ) );
#5322 = PCURVE('',#4476,#5323);
#5323 = DEFINITIONAL_REPRESENTATION('',(#5324),#5328);
#5324 = LINE('',#5325,#5326);
#5325 = CARTESIAN_POINT('',(36.125,50.));
#5326 = VECTOR('',#5327,1.);
#5327 = DIRECTION('',(-1.,0.));
#5328 = ( GEOMETRIC_REPRESENTATION_CONTEXT(2) 
PARAMETRIC_REPRESENTATION_CONTEXT() REPRESENTATION_CONTEXT('2D SPACE',''
  ) );
#5329 = ORIENTED_EDGE('',*,*,#5330,.T.);
#5330 = EDGE_CURVE('',#5308,#3239,#5331,.T.);
#5331 = SURFACE_CURVE('',#5332,(#5336,#5343),.PCURVE_S1.);
#5332 = LINE('',#5333,#5334);
#5333 = CARTESIAN_POINT('',(72.25,50.,0.));
#5334 = VECTOR('',#5335,1.);
#5335 = DIRECTION('',(0.,0.,1.));
#5336 = PCURVE('',#3254,#5337);
#5337 = DEFINITIONAL_REPRESENTATION('',(#5338),#5342);
#5338 = LINE('',#5339,#5340);
#5339 = CARTESIAN_POINT('',(0.,-0.));
#5340 = VECTOR('',#5341,1.);
#5341 = DIRECTION('',(0.,-1.));
#5342 = ( GEOMETRIC_REPRESENTATION_CONTEXT(2) 
PARAMETRIC_REPRESENTATION_CONTEXT() REPRESENTATION_CONTEXT('2D SPACE',''
  ) );
#5343 = PCURVE('',#3283,#5344);
#5344 = DEFINITIONAL_REPRESENTATION('',(#5345),#5349);
#5345 = LINE('',#5346,#5347);
#5346 = CARTESIAN_POINT('',(-1.570796326795,0.));
#5347 = VECTOR('',#5348,1.);
#5348 = DIRECTION('',(-0.,-1.));
#5349 = ( GEOMETRIC_REPRESENTATION_CONTEXT(2) 
PARAMETRIC_REPRESENTATION_CONTEXT() REPRESENTATION_CONTEXT('2D SPACE',''
  ) );
#5350 = ORIENTED_EDGE('',*,*,#3238,.T.);
#5351 = ORIENTED_EDGE('',*,*,#5352,.T.);
#5352 = EDGE_CURVE('',#3211,#5353,#5355,.T.);
#5353 = VERTEX_POINT('',#5354);
#5354 = CARTESIAN_POINT('',(-49.27665596573,50.,6.));
#5355 = SURFACE_CURVE('',#5356,(#5361,#5372),.PCURVE_S1.);
#5356 = CIRCLE('',#5357,3.25);
#5357 = AXIS2_PLACEMENT_3D('',#5358,#5359,#5360);
#5358 = CARTESIAN_POINT('',(-47.2,50.,8.5));
#5359 = DIRECTION('',(0.,1.,-2.22044604925E-16));
#5360 = DIRECTION('',(-1.,0.,0.));
#5361 = PCURVE('',#3254,#5362);
#5362 = DEFINITIONAL_REPRESENTATION('',(#5363),#5371);
#5363 = ( BOUNDED_CURVE() B_SPLINE_CURVE(2,(#5364,#5365,#5366,#5367,
#5368,#5369,#5370),.UNSPECIFIED.,.T.,.F.) B_SPLINE_CURVE_WITH_KNOTS((1,2
    ,2,2,2,1),(-2.094395102393,0.,2.094395102393,4.188790204786,
6.28318530718,8.377580409573),.UNSPECIFIED.) CURVE() 
GEOMETRIC_REPRESENTATION_ITEM() RATIONAL_B_SPLINE_CURVE((1.,0.5,1.,0.5,
1.,0.5,1.)) REPRESENTATION_ITEM('') );
#5364 = CARTESIAN_POINT('',(122.7,-8.5));
#5365 = CARTESIAN_POINT('',(122.7,-14.12916512459));
#5366 = CARTESIAN_POINT('',(117.825,-11.31458256229));
#5367 = CARTESIAN_POINT('',(112.95,-8.5));
#5368 = CARTESIAN_POINT('',(117.825,-5.685417437701));
#5369 = CARTESIAN_POINT('',(122.7,-2.870834875401));
#5370 = CARTESIAN_POINT('',(122.7,-8.5));
#5371 = ( GEOMETRIC_REPRESENTATION_CONTEXT(2) 
PARAMETRIC_REPRESENTATION_CONTEXT() REPRESENTATION_CONTEXT('2D SPACE',''
  ) );
#5372 = PCURVE('',#3226,#5373);
#5373 = DEFINITIONAL_REPRESENTATION('',(#5374),#5378);
#5374 = LINE('',#5375,#5376);
#5375 = CARTESIAN_POINT('',(0.,-2.));
#5376 = VECTOR('',#5377,1.);
#5377 = DIRECTION('',(1.,0.));
#5378 = ( GEOMETRIC_REPRESENTATION_CONTEXT(2) 
PARAMETRIC_REPRESENTATION_CONTEXT() REPRESENTATION_CONTEXT('2D SPACE',''
  ) );
#5379 = ORIENTED_EDGE('',*,*,#5380,.T.);
#5380 = EDGE_CURVE('',#5353,#5207,#5381,.T.);
#5381 = SURFACE_CURVE('',#5382,(#5386,#5393),.PCURVE_S1.);
#5382 = LINE('',#5383,#5384);
#5383 = CARTESIAN_POINT('',(72.25,50.,6.));
#5384 = VECTOR('',#5385,1.);
#5385 = DIRECTION('',(-1.,0.,0.));
#5386 = PCURVE('',#3254,#5387);
#5387 = DEFINITIONAL_REPRESENTATION('',(#5388),#5392);
#5388 = LINE('',#5389,#5390);
#5389 = CARTESIAN_POINT('',(0.,-6.));
#5390 = VECTOR('',#5391,1.);
#5391 = DIRECTION('',(1.,0.));
#5392 = ( GEOMETRIC_REPRESENTATION_CONTEXT(2) 
PARAMETRIC_REPRESENTATION_CONTEXT() REPRESENTATION_CONTEXT('2D SPACE',''
  ) );
#5393 = PCURVE('',#4280,#5394);
#5394 = DEFINITIONAL_REPRESENTATION('',(#5395),#5399);
#5395 = LINE('',#5396,#5397);
#5396 = CARTESIAN_POINT('',(72.25,50.));
#5397 = VECTOR('',#5398,1.);
#5398 = DIRECTION('',(-1.,0.));
#5399 = ( GEOMETRIC_REPRESENTATION_CONTEXT(2) 
PARAMETRIC_REPRESENTATION_CONTEXT() REPRESENTATION_CONTEXT('2D SPACE',''
  ) );
#5400 = ORIENTED_EDGE('',*,*,#5229,.T.);
#5401 = ORIENTED_EDGE('',*,*,#3367,.T.);
#5402 = ORIENTED_EDGE('',*,*,#4086,.F.);
#5403 = ORIENTED_EDGE('',*,*,#4006,.F.);
#5404 = ORIENTED_EDGE('',*,*,#5405,.T.);
#5405 = EDGE_CURVE('',#3983,#5406,#5408,.T.);
#5406 = VERTEX_POINT('',#5407);
#5407 = CARTESIAN_POINT('',(-71.00125078222,50.,1.));
#5408 = SURFACE_CURVE('',#5409,(#5413,#5420),.PCURVE_S1.);
#5409 = LINE('',#5410,#5411);
#5410 = CARTESIAN_POINT('',(-71.00125078222,50.,0.));
#5411 = VECTOR('',#5412,1.);
#5412 = DIRECTION('',(-0.,-0.,-1.));
#5413 = PCURVE('',#3254,#5414);
#5414 = DEFINITIONAL_REPRESENTATION('',(#5415),#5419);
#5415 = LINE('',#5416,#5417);
#5416 = CARTESIAN_POINT('',(143.25125078222,0.));
#5417 = VECTOR('',#5418,1.);
#5418 = DIRECTION('',(0.,1.));
#5419 = ( GEOMETRIC_REPRESENTATION_CONTEXT(2) 
PARAMETRIC_REPRESENTATION_CONTEXT() REPRESENTATION_CONTEXT('2D SPACE',''
  ) );
#5420 = PCURVE('',#3702,#5421);
#5421 = DEFINITIONAL_REPRESENTATION('',(#5422),#5426);
#5422 = LINE('',#5423,#5424);
#5423 = CARTESIAN_POINT('',(-1.272649004451,0.));
#5424 = VECTOR('',#5425,1.);
#5425 = DIRECTION('',(-0.,1.));
#5426 = ( GEOMETRIC_REPRESENTATION_CONTEXT(2) 
PARAMETRIC_REPRESENTATION_CONTEXT() REPRESENTATION_CONTEXT('2D SPACE',''
  ) );
#5427 = ORIENTED_EDGE('',*,*,#5428,.F.);
#5428 = EDGE_CURVE('',#5429,#5406,#5431,.T.);
#5429 = VERTEX_POINT('',#5430);
#5430 = CARTESIAN_POINT('',(-5.730689596867,50.,1.));
#5431 = SURFACE_CURVE('',#5432,(#5436,#5443),.PCURVE_S1.);
#5432 = LINE('',#5433,#5434);
#5433 = CARTESIAN_POINT('',(71.001250782228,50.,1.));
#5434 = VECTOR('',#5435,1.);
#5435 = DIRECTION('',(-1.,0.,0.));
#5436 = PCURVE('',#3254,#5437);
#5437 = DEFINITIONAL_REPRESENTATION('',(#5438),#5442);
#5438 = LINE('',#5439,#5440);
#5439 = CARTESIAN_POINT('',(1.248749217772,-1.));
#5440 = VECTOR('',#5441,1.);
#5441 = DIRECTION('',(1.,0.));
#5442 = ( GEOMETRIC_REPRESENTATION_CONTEXT(2) 
PARAMETRIC_REPRESENTATION_CONTEXT() REPRESENTATION_CONTEXT('2D SPACE',''
  ) );
#5443 = PCURVE('',#4791,#5444);
#5444 = DEFINITIONAL_REPRESENTATION('',(#5445),#5449);
#5445 = LINE('',#5446,#5447);
#5446 = CARTESIAN_POINT('',(0.,0.));
#5447 = VECTOR('',#5448,1.);
#5448 = DIRECTION('',(0.,1.));
#5449 = ( GEOMETRIC_REPRESENTATION_CONTEXT(2) 
PARAMETRIC_REPRESENTATION_CONTEXT() REPRESENTATION_CONTEXT('2D SPACE',''
  ) );
#5450 = ORIENTED_EDGE('',*,*,#5451,.T.);
#5451 = EDGE_CURVE('',#5429,#5452,#5454,.T.);
#5452 = VERTEX_POINT('',#5453);
#5453 = CARTESIAN_POINT('',(-5.730689596867,50.,4.5));
#5454 = SURFACE_CURVE('',#5455,(#5459,#5466),.PCURVE_S1.);
#5455 = LINE('',#5456,#5457);
#5456 = CARTESIAN_POINT('',(-5.730689596867,50.,0.));
#5457 = VECTOR('',#5458,1.);
#5458 = DIRECTION('',(0.,0.,1.));
#5459 = PCURVE('',#3254,#5460);
#5460 = DEFINITIONAL_REPRESENTATION('',(#5461),#5465);
#5461 = LINE('',#5462,#5463);
#5462 = CARTESIAN_POINT('',(77.980689596867,0.));
#5463 = VECTOR('',#5464,1.);
#5464 = DIRECTION('',(0.,-1.));
#5465 = ( GEOMETRIC_REPRESENTATION_CONTEXT(2) 
PARAMETRIC_REPRESENTATION_CONTEXT() REPRESENTATION_CONTEXT('2D SPACE',''
  ) );
#5466 = PCURVE('',#4763,#5467);
#5467 = DEFINITIONAL_REPRESENTATION('',(#5468),#5472);
#5468 = LINE('',#5469,#5470);
#5469 = CARTESIAN_POINT('',(0.,0.));
#5470 = VECTOR('',#5471,1.);
#5471 = DIRECTION('',(0.,-1.));
#5472 = ( GEOMETRIC_REPRESENTATION_CONTEXT(2) 
PARAMETRIC_REPRESENTATION_CONTEXT() REPRESENTATION_CONTEXT('2D SPACE',''
  ) );
#5473 = ORIENTED_EDGE('',*,*,#5474,.F.);
#5474 = EDGE_CURVE('',#5475,#5452,#5477,.T.);
#5475 = VERTEX_POINT('',#5476);
#5476 = CARTESIAN_POINT('',(-3.730689596867,50.,4.5));
#5477 = SURFACE_CURVE('',#5478,(#5482,#5489),.PCURVE_S1.);
#5478 = LINE('',#5479,#5480);
#5479 = CARTESIAN_POINT('',(-3.730689596867,50.,4.5));
#5480 = VECTOR('',#5481,1.);
#5481 = DIRECTION('',(-1.,0.,0.));
#5482 = PCURVE('',#3254,#5483);
#5483 = DEFINITIONAL_REPRESENTATION('',(#5484),#5488);
#5484 = LINE('',#5485,#5486);
#5485 = CARTESIAN_POINT('',(75.980689596867,-4.5));
#5486 = VECTOR('',#5487,1.);
#5487 = DIRECTION('',(1.,0.));
#5488 = ( GEOMETRIC_REPRESENTATION_CONTEXT(2) 
PARAMETRIC_REPRESENTATION_CONTEXT() REPRESENTATION_CONTEXT('2D SPACE',''
  ) );
#5489 = PCURVE('',#5490,#5495);
#5490 = PLANE('',#5491);
#5491 = AXIS2_PLACEMENT_3D('',#5492,#5493,#5494);
#5492 = CARTESIAN_POINT('',(3.282370367013,48.,4.5));
#5493 = DIRECTION('',(0.,0.,1.));
#5494 = DIRECTION('',(1.,0.,0.));
#5495 = DEFINITIONAL_REPRESENTATION('',(#5496),#5500);
#5496 = LINE('',#5497,#5498);
#5497 = CARTESIAN_POINT('',(-7.013059963879,2.));
#5498 = VECTOR('',#5499,1.);
#5499 = DIRECTION('',(-1.,0.));
#5500 = ( GEOMETRIC_REPRESENTATION_CONTEXT(2) 
PARAMETRIC_REPRESENTATION_CONTEXT() REPRESENTATION_CONTEXT('2D SPACE',''
  ) );
#5501 = ORIENTED_EDGE('',*,*,#5502,.F.);
#5502 = EDGE_CURVE('',#5503,#5475,#5505,.T.);
#5503 = VERTEX_POINT('',#5504);
#5504 = CARTESIAN_POINT('',(-3.730689596867,50.,1.));
#5505 = SURFACE_CURVE('',#5506,(#5510,#5517),.PCURVE_S1.);
#5506 = LINE('',#5507,#5508);
#5507 = CARTESIAN_POINT('',(-3.730689596867,50.,0.));
#5508 = VECTOR('',#5509,1.);
#5509 = DIRECTION('',(0.,0.,1.));
#5510 = PCURVE('',#3254,#5511);
#5511 = DEFINITIONAL_REPRESENTATION('',(#5512),#5516);
#5512 = LINE('',#5513,#5514);
#5513 = CARTESIAN_POINT('',(75.980689596867,0.));
#5514 = VECTOR('',#5515,1.);
#5515 = DIRECTION('',(0.,-1.));
#5516 = ( GEOMETRIC_REPRESENTATION_CONTEXT(2) 
PARAMETRIC_REPRESENTATION_CONTEXT() REPRESENTATION_CONTEXT('2D SPACE',''
  ) );
#5517 = PCURVE('',#4707,#5518);
#5518 = DEFINITIONAL_REPRESENTATION('',(#5519),#5523);
#5519 = LINE('',#5520,#5521);
#5520 = CARTESIAN_POINT('',(4.,0.));
#5521 = VECTOR('',#5522,1.);
#5522 = DIRECTION('',(0.,-1.));
#5523 = ( GEOMETRIC_REPRESENTATION_CONTEXT(2) 
PARAMETRIC_REPRESENTATION_CONTEXT() REPRESENTATION_CONTEXT('2D SPACE',''
  ) );
#5524 = ORIENTED_EDGE('',*,*,#5525,.F.);
#5525 = EDGE_CURVE('',#5526,#5503,#5528,.T.);
#5526 = VERTEX_POINT('',#5527);
#5527 = CARTESIAN_POINT('',(10.295430330892,50.,1.));
#5528 = SURFACE_CURVE('',#5529,(#5533,#5540),.PCURVE_S1.);
#5529 = LINE('',#5530,#5531);
#5530 = CARTESIAN_POINT('',(71.001250782228,50.,1.));
#5531 = VECTOR('',#5532,1.);
#5532 = DIRECTION('',(-1.,0.,0.));
#5533 = PCURVE('',#3254,#5534);
#5534 = DEFINITIONAL_REPRESENTATION('',(#5535),#5539);
#5535 = LINE('',#5536,#5537);
#5536 = CARTESIAN_POINT('',(1.248749217772,-1.));
#5537 = VECTOR('',#5538,1.);
#5538 = DIRECTION('',(1.,0.));
#5539 = ( GEOMETRIC_REPRESENTATION_CONTEXT(2) 
PARAMETRIC_REPRESENTATION_CONTEXT() REPRESENTATION_CONTEXT('2D SPACE',''
  ) );
#5540 = PCURVE('',#4679,#5541);
#5541 = DEFINITIONAL_REPRESENTATION('',(#5542),#5546);
#5542 = LINE('',#5543,#5544);
#5543 = CARTESIAN_POINT('',(0.,0.));
#5544 = VECTOR('',#5545,1.);
#5545 = DIRECTION('',(0.,1.));
#5546 = ( GEOMETRIC_REPRESENTATION_CONTEXT(2) 
PARAMETRIC_REPRESENTATION_CONTEXT() REPRESENTATION_CONTEXT('2D SPACE',''
  ) );
#5547 = ORIENTED_EDGE('',*,*,#5548,.T.);
#5548 = EDGE_CURVE('',#5526,#5549,#5551,.T.);
#5549 = VERTEX_POINT('',#5550);
#5550 = CARTESIAN_POINT('',(10.295430330892,50.,4.5));
#5551 = SURFACE_CURVE('',#5552,(#5556,#5563),.PCURVE_S1.);
#5552 = LINE('',#5553,#5554);
#5553 = CARTESIAN_POINT('',(10.295430330892,50.,0.));
#5554 = VECTOR('',#5555,1.);
#5555 = DIRECTION('',(0.,0.,1.));
#5556 = PCURVE('',#3254,#5557);
#5557 = DEFINITIONAL_REPRESENTATION('',(#5558),#5562);
#5558 = LINE('',#5559,#5560);
#5559 = CARTESIAN_POINT('',(61.954569669108,0.));
#5560 = VECTOR('',#5561,1.);
#5561 = DIRECTION('',(0.,-1.));
#5562 = ( GEOMETRIC_REPRESENTATION_CONTEXT(2) 
PARAMETRIC_REPRESENTATION_CONTEXT() REPRESENTATION_CONTEXT('2D SPACE',''
  ) );
#5563 = PCURVE('',#4651,#5564);
#5564 = DEFINITIONAL_REPRESENTATION('',(#5565),#5569);
#5565 = LINE('',#5566,#5567);
#5566 = CARTESIAN_POINT('',(0.,0.));
#5567 = VECTOR('',#5568,1.);
#5568 = DIRECTION('',(0.,-1.));
#5569 = ( GEOMETRIC_REPRESENTATION_CONTEXT(2) 
PARAMETRIC_REPRESENTATION_CONTEXT() REPRESENTATION_CONTEXT('2D SPACE',''
  ) );
#5570 = ORIENTED_EDGE('',*,*,#5571,.F.);
#5571 = EDGE_CURVE('',#5572,#5549,#5574,.T.);
#5572 = VERTEX_POINT('',#5573);
#5573 = CARTESIAN_POINT('',(12.295430330892,50.,4.5));
#5574 = SURFACE_CURVE('',#5575,(#5579,#5586),.PCURVE_S1.);
#5575 = LINE('',#5576,#5577);
#5576 = CARTESIAN_POINT('',(12.295430330892,50.,4.5));
#5577 = VECTOR('',#5578,1.);
#5578 = DIRECTION('',(-1.,0.,0.));
#5579 = PCURVE('',#3254,#5580);
#5580 = DEFINITIONAL_REPRESENTATION('',(#5581),#5585);
#5581 = LINE('',#5582,#5583);
#5582 = CARTESIAN_POINT('',(59.954569669108,-4.5));
#5583 = VECTOR('',#5584,1.);
#5584 = DIRECTION('',(1.,0.));
#5585 = ( GEOMETRIC_REPRESENTATION_CONTEXT(2) 
PARAMETRIC_REPRESENTATION_CONTEXT() REPRESENTATION_CONTEXT('2D SPACE',''
  ) );
#5586 = PCURVE('',#5587,#5592);
#5587 = PLANE('',#5588);
#5588 = AXIS2_PLACEMENT_3D('',#5589,#5590,#5591);
#5589 = CARTESIAN_POINT('',(3.282370367013,48.,4.5));
#5590 = DIRECTION('',(0.,0.,1.));
#5591 = DIRECTION('',(1.,0.,0.));
#5592 = DEFINITIONAL_REPRESENTATION('',(#5593),#5597);
#5593 = LINE('',#5594,#5595);
#5594 = CARTESIAN_POINT('',(9.013059963879,2.));
#5595 = VECTOR('',#5596,1.);
#5596 = DIRECTION('',(-1.,0.));
#5597 = ( GEOMETRIC_REPRESENTATION_CONTEXT(2) 
PARAMETRIC_REPRESENTATION_CONTEXT() REPRESENTATION_CONTEXT('2D SPACE',''
  ) );
#5598 = ORIENTED_EDGE('',*,*,#5599,.F.);
#5599 = EDGE_CURVE('',#5262,#5572,#5600,.T.);
#5600 = SURFACE_CURVE('',#5601,(#5605,#5612),.PCURVE_S1.);
#5601 = LINE('',#5602,#5603);
#5602 = CARTESIAN_POINT('',(12.295430330892,50.,0.));
#5603 = VECTOR('',#5604,1.);
#5604 = DIRECTION('',(0.,0.,1.));
#5605 = PCURVE('',#3254,#5606);
#5606 = DEFINITIONAL_REPRESENTATION('',(#5607),#5611);
#5607 = LINE('',#5608,#5609);
#5608 = CARTESIAN_POINT('',(59.954569669108,0.));
#5609 = VECTOR('',#5610,1.);
#5610 = DIRECTION('',(0.,-1.));
#5611 = ( GEOMETRIC_REPRESENTATION_CONTEXT(2) 
PARAMETRIC_REPRESENTATION_CONTEXT() REPRESENTATION_CONTEXT('2D SPACE',''
  ) );
#5612 = PCURVE('',#4595,#5613);
#5613 = DEFINITIONAL_REPRESENTATION('',(#5614),#5618);
#5614 = LINE('',#5615,#5616);
#5615 = CARTESIAN_POINT('',(4.,0.));
#5616 = VECTOR('',#5617,1.);
#5617 = DIRECTION('',(0.,-1.));
#5618 = ( GEOMETRIC_REPRESENTATION_CONTEXT(2) 
PARAMETRIC_REPRESENTATION_CONTEXT() REPRESENTATION_CONTEXT('2D SPACE',''
  ) );
#5619 = ADVANCED_FACE('',(#5620),#3283,.F.);
#5620 = FACE_BOUND('',#5621,.T.);
#5621 = EDGE_LOOP('',(#5622,#5648,#5649,#5650));
#5622 = ORIENTED_EDGE('',*,*,#5623,.T.);
#5623 = EDGE_CURVE('',#5308,#5108,#5624,.T.);
#5624 = SURFACE_CURVE('',#5625,(#5630,#5637),.PCURVE_S1.);
#5625 = CIRCLE('',#5626,3.);
#5626 = AXIS2_PLACEMENT_3D('',#5627,#5628,#5629);
#5627 = CARTESIAN_POINT('',(72.25,47.,4.5));
#5628 = DIRECTION('',(0.,0.,-1.));
#5629 = DIRECTION('',(1.,0.,0.));
#5630 = PCURVE('',#3283,#5631);
#5631 = DEFINITIONAL_REPRESENTATION('',(#5632),#5636);
#5632 = LINE('',#5633,#5634);
#5633 = CARTESIAN_POINT('',(-6.28318530718,-4.5));
#5634 = VECTOR('',#5635,1.);
#5635 = DIRECTION('',(1.,-0.));
#5636 = ( GEOMETRIC_REPRESENTATION_CONTEXT(2) 
PARAMETRIC_REPRESENTATION_CONTEXT() REPRESENTATION_CONTEXT('2D SPACE',''
  ) );
#5637 = PCURVE('',#4476,#5638);
#5638 = DEFINITIONAL_REPRESENTATION('',(#5639),#5647);
#5639 = ( BOUNDED_CURVE() B_SPLINE_CURVE(2,(#5640,#5641,#5642,#5643,
#5644,#5645,#5646),.UNSPECIFIED.,.T.,.F.) B_SPLINE_CURVE_WITH_KNOTS((1,2
    ,2,2,2,1),(-2.094395102393,0.,2.094395102393,4.188790204786,
6.28318530718,8.377580409573),.UNSPECIFIED.) CURVE() 
GEOMETRIC_REPRESENTATION_ITEM() RATIONAL_B_SPLINE_CURVE((1.,0.5,1.,0.5,
1.,0.5,1.)) REPRESENTATION_ITEM('') );
#5640 = CARTESIAN_POINT('',(75.25,47.));
#5641 = CARTESIAN_POINT('',(75.25,41.803847577293));
#5642 = CARTESIAN_POINT('',(70.75,44.401923788647));
#5643 = CARTESIAN_POINT('',(66.25,47.));
#5644 = CARTESIAN_POINT('',(70.75,49.598076211353));
#5645 = CARTESIAN_POINT('',(75.25,52.196152422707));
#5646 = CARTESIAN_POINT('',(75.25,47.));
#5647 = ( GEOMETRIC_REPRESENTATION_CONTEXT(2) 
PARAMETRIC_REPRESENTATION_CONTEXT() REPRESENTATION_CONTEXT('2D SPACE',''
  ) );
#5648 = ORIENTED_EDGE('',*,*,#5107,.T.);
#5649 = ORIENTED_EDGE('',*,*,#3266,.T.);
#5650 = ORIENTED_EDGE('',*,*,#5330,.F.);
#5651 = ADVANCED_FACE('',(#5652),#3226,.F.);
#5652 = FACE_BOUND('',#5653,.F.);
#5653 = EDGE_LOOP('',(#5654,#5655,#5656,#5657));
#5654 = ORIENTED_EDGE('',*,*,#4236,.F.);
#5655 = ORIENTED_EDGE('',*,*,#3210,.F.);
#5656 = ORIENTED_EDGE('',*,*,#5352,.T.);
#5657 = ORIENTED_EDGE('',*,*,#5658,.T.);
#5658 = EDGE_CURVE('',#5353,#4237,#5659,.T.);
#5659 = SURFACE_CURVE('',#5660,(#5664,#5671),.PCURVE_S1.);
#5660 = LINE('',#5661,#5662);
#5661 = CARTESIAN_POINT('',(-49.27665596573,52.,6.));
#5662 = VECTOR('',#5663,1.);
#5663 = DIRECTION('',(0.,1.,-2.22044604925E-16));
#5664 = PCURVE('',#3226,#5665);
#5665 = DEFINITIONAL_REPRESENTATION('',(#5666),#5670);
#5666 = LINE('',#5667,#5668);
#5667 = CARTESIAN_POINT('',(5.405548887961,5.551115123126E-16));
#5668 = VECTOR('',#5669,1.);
#5669 = DIRECTION('',(0.,1.));
#5670 = ( GEOMETRIC_REPRESENTATION_CONTEXT(2) 
PARAMETRIC_REPRESENTATION_CONTEXT() REPRESENTATION_CONTEXT('2D SPACE',''
  ) );
#5671 = PCURVE('',#4280,#5672);
#5672 = DEFINITIONAL_REPRESENTATION('',(#5673),#5677);
#5673 = LINE('',#5674,#5675);
#5674 = CARTESIAN_POINT('',(-49.27665596573,52.));
#5675 = VECTOR('',#5676,1.);
#5676 = DIRECTION('',(0.,1.));
#5677 = ( GEOMETRIC_REPRESENTATION_CONTEXT(2) 
PARAMETRIC_REPRESENTATION_CONTEXT() REPRESENTATION_CONTEXT('2D SPACE',''
  ) );
#5678 = ADVANCED_FACE('',(#5679),#3702,.T.);
#5679 = FACE_BOUND('',#5680,.F.);
#5680 = EDGE_LOOP('',(#5681,#5682,#5704,#5705));
#5681 = ORIENTED_EDGE('',*,*,#5405,.T.);
#5682 = ORIENTED_EDGE('',*,*,#5683,.F.);
#5683 = EDGE_CURVE('',#3685,#5406,#5684,.T.);
#5684 = SURFACE_CURVE('',#5685,(#5690,#5697),.PCURVE_S1.);
#5685 = CIRCLE('',#5686,3.4);
#5686 = AXIS2_PLACEMENT_3D('',#5687,#5688,#5689);
#5687 = CARTESIAN_POINT('',(-72.,46.75,1.));
#5688 = DIRECTION('',(0.,0.,1.));
#5689 = DIRECTION('',(1.,0.,0.));
#5690 = PCURVE('',#3702,#5691);
#5691 = DEFINITIONAL_REPRESENTATION('',(#5692),#5696);
#5692 = LINE('',#5693,#5694);
#5693 = CARTESIAN_POINT('',(-0.,-1.));
#5694 = VECTOR('',#5695,1.);
#5695 = DIRECTION('',(-1.,0.));
#5696 = ( GEOMETRIC_REPRESENTATION_CONTEXT(2) 
PARAMETRIC_REPRESENTATION_CONTEXT() REPRESENTATION_CONTEXT('2D SPACE',''
  ) );
#5697 = PCURVE('',#4820,#5698);
#5698 = DEFINITIONAL_REPRESENTATION('',(#5699),#5703);
#5699 = LINE('',#5700,#5701);
#5700 = CARTESIAN_POINT('',(0.,3.14159265359));
#5701 = VECTOR('',#5702,1.);
#5702 = DIRECTION('',(1.,0.));
#5703 = ( GEOMETRIC_REPRESENTATION_CONTEXT(2) 
PARAMETRIC_REPRESENTATION_CONTEXT() REPRESENTATION_CONTEXT('2D SPACE',''
  ) );
#5704 = ORIENTED_EDGE('',*,*,#3684,.T.);
#5705 = ORIENTED_EDGE('',*,*,#3982,.T.);
#5706 = ADVANCED_FACE('',(#5707),#3729,.F.);
#5707 = FACE_BOUND('',#5708,.F.);
#5708 = EDGE_LOOP('',(#5709,#5710,#5711,#5733));
#5709 = ORIENTED_EDGE('',*,*,#3767,.F.);
#5710 = ORIENTED_EDGE('',*,*,#3714,.T.);
#5711 = ORIENTED_EDGE('',*,*,#5712,.T.);
#5712 = EDGE_CURVE('',#3685,#4804,#5713,.T.);
#5713 = SURFACE_CURVE('',#5714,(#5719,#5726),.PCURVE_S1.);
#5714 = CIRCLE('',#5715,1.);
#5715 = AXIS2_PLACEMENT_3D('',#5716,#5717,#5718);
#5716 = CARTESIAN_POINT('',(-67.6,46.75,1.));
#5717 = DIRECTION('',(-1.665334536938E-16,-1.,0.));
#5718 = DIRECTION('',(1.,-1.665334536938E-16,0.));
#5719 = PCURVE('',#3729,#5720);
#5720 = DEFINITIONAL_REPRESENTATION('',(#5721),#5725);
#5721 = LINE('',#5722,#5723);
#5722 = CARTESIAN_POINT('',(2.843445331246,0.));
#5723 = VECTOR('',#5724,1.);
#5724 = DIRECTION('',(0.,1.));
#5725 = ( GEOMETRIC_REPRESENTATION_CONTEXT(2) 
PARAMETRIC_REPRESENTATION_CONTEXT() REPRESENTATION_CONTEXT('2D SPACE',''
  ) );
#5726 = PCURVE('',#4820,#5727);
#5727 = DEFINITIONAL_REPRESENTATION('',(#5728),#5732);
#5728 = LINE('',#5729,#5730);
#5729 = CARTESIAN_POINT('',(0.,0.));
#5730 = VECTOR('',#5731,1.);
#5731 = DIRECTION('',(0.,1.));
#5732 = ( GEOMETRIC_REPRESENTATION_CONTEXT(2) 
PARAMETRIC_REPRESENTATION_CONTEXT() REPRESENTATION_CONTEXT('2D SPACE',''
  ) );
#5733 = ORIENTED_EDGE('',*,*,#4832,.F.);
#5734 = ADVANCED_FACE('',(#5735),#4280,.T.);
#5735 = FACE_BOUND('',#5736,.T.);
#5736 = EDGE_LOOP('',(#5737,#5738,#5739,#5740));
#5737 = ORIENTED_EDGE('',*,*,#4264,.T.);
#5738 = ORIENTED_EDGE('',*,*,#5206,.F.);
#5739 = ORIENTED_EDGE('',*,*,#5380,.F.);
#5740 = ORIENTED_EDGE('',*,*,#5658,.T.);
#5741 = ADVANCED_FACE('',(#5742,#5769),#4476,.T.);
#5742 = FACE_BOUND('',#5743,.T.);
#5743 = EDGE_LOOP('',(#5744,#5745,#5767,#5768));
#5744 = ORIENTED_EDGE('',*,*,#5307,.T.);
#5745 = ORIENTED_EDGE('',*,*,#5746,.T.);
#5746 = EDGE_CURVE('',#5285,#5131,#5747,.T.);
#5747 = SURFACE_CURVE('',#5748,(#5753,#5760),.PCURVE_S1.);
#5748 = CIRCLE('',#5749,3.4);
#5749 = AXIS2_PLACEMENT_3D('',#5750,#5751,#5752);
#5750 = CARTESIAN_POINT('',(72.,46.75,4.5));
#5751 = DIRECTION('',(0.,0.,1.));
#5752 = DIRECTION('',(1.,0.,0.));
#5753 = PCURVE('',#4476,#5754);
#5754 = DEFINITIONAL_REPRESENTATION('',(#5755),#5759);
#5755 = CIRCLE('',#5756,3.4);
#5756 = AXIS2_PLACEMENT_2D('',#5757,#5758);
#5757 = CARTESIAN_POINT('',(72.,46.75));
#5758 = DIRECTION('',(1.,0.));
#5759 = ( GEOMETRIC_REPRESENTATION_CONTEXT(2) 
PARAMETRIC_REPRESENTATION_CONTEXT() REPRESENTATION_CONTEXT('2D SPACE',''
  ) );
#5760 = PCURVE('',#5169,#5761);
#5761 = DEFINITIONAL_REPRESENTATION('',(#5762),#5766);
#5762 = LINE('',#5763,#5764);
#5763 = CARTESIAN_POINT('',(-0.,-4.5));
#5764 = VECTOR('',#5765,1.);
#5765 = DIRECTION('',(-1.,0.));
#5766 = ( GEOMETRIC_REPRESENTATION_CONTEXT(2) 
PARAMETRIC_REPRESENTATION_CONTEXT() REPRESENTATION_CONTEXT('2D SPACE',''
  ) );
#5767 = ORIENTED_EDGE('',*,*,#5130,.T.);
#5768 = ORIENTED_EDGE('',*,*,#5623,.F.);
#5769 = FACE_BOUND('',#5770,.T.);
#5770 = EDGE_LOOP('',(#5771));
#5771 = ORIENTED_EDGE('',*,*,#4461,.F.);
#5772 = ADVANCED_FACE('',(#5773),#4539,.F.);
#5773 = FACE_BOUND('',#5774,.F.);
#5774 = EDGE_LOOP('',(#5775,#5961,#5983,#6169));
#5775 = ORIENTED_EDGE('',*,*,#5776,.F.);
#5776 = EDGE_CURVE('',#5260,#4521,#5777,.T.);
#5777 = SURFACE_CURVE('',#5778,(#5837,#5899),.PCURVE_S1.);
#5778 = B_SPLINE_CURVE_WITH_KNOTS('',8,(#5779,#5780,#5781,#5782,#5783,
    #5784,#5785,#5786,#5787,#5788,#5789,#5790,#5791,#5792,#5793,#5794,
    #5795,#5796,#5797,#5798,#5799,#5800,#5801,#5802,#5803,#5804,#5805,
    #5806,#5807,#5808,#5809,#5810,#5811,#5812,#5813,#5814,#5815,#5816,
    #5817,#5818,#5819,#5820,#5821,#5822,#5823,#5824,#5825,#5826,#5827,
    #5828,#5829,#5830,#5831,#5832,#5833,#5834,#5835,#5836),
  .UNSPECIFIED.,.F.,.F.,(9,7,7,7,7,7,7,7,9),(0.,2.653340170875E-02,
    4.596562168385E-02,7.801431199557E-02,0.153643079321,0.321241868909,
    0.484308181477,0.750698949242,1.),.UNSPECIFIED.);
#5779 = CARTESIAN_POINT('',(71.001250782228,50.,1.));
#5780 = CARTESIAN_POINT('',(71.001250782228,50.,0.990603437862));
#5781 = CARTESIAN_POINT('',(71.000578791773,49.999899065904,
    0.981204396568));
#5782 = CARTESIAN_POINT('',(70.999234477375,49.999697181986,
    0.971849151197));
#5783 = CARTESIAN_POINT('',(70.997237836674,49.999396930769,
    0.962575810663));
#5784 = CARTESIAN_POINT('',(70.99462412333,49.999002849721,
    0.953415086734));
#5785 = CARTESIAN_POINT('',(70.991438771904,49.998520787953,
    0.944391063049));
#5786 = CARTESIAN_POINT('',(70.987732322745,49.997957262911,
    0.935521964134));
#5787 = CARTESIAN_POINT('',(70.980496262521,49.996851239644,
    0.920448559513));
#5788 = CARTESIAN_POINT('',(70.977183845727,49.996343334206,
    0.91416423541));
#5789 = CARTESIAN_POINT('',(70.973636852196,49.995797495623,
    0.907970745695));
#5790 = CARTESIAN_POINT('',(70.969873562977,49.995216057561,
    0.90186949041));
#5791 = CARTESIAN_POINT('',(70.965911421626,49.994601243323,
    0.895860631019));
#5792 = CARTESIAN_POINT('',(70.961766671369,49.993955116659,
    0.889943245385));
#5793 = CARTESIAN_POINT('',(70.957453992261,49.993279532591,
    0.884115482737));
#5794 = CARTESIAN_POINT('',(70.945617506953,49.991415928954,
    0.86890673347));
#5795 = CARTESIAN_POINT('',(70.937829047792,49.99018034447,0.85967808923
    ));
#5796 = CARTESIAN_POINT('',(70.929677683773,49.988876415298,
    0.850675241733));
#5797 = CARTESIAN_POINT('',(70.921212172472,49.987510232175,
    0.84188519778));
#5798 = CARTESIAN_POINT('',(70.912473559658,49.986086922173,
    0.833295244347));
#5799 = CARTESIAN_POINT('',(70.903495632828,49.984610674814,
    0.824892677765));
#5800 = CARTESIAN_POINT('',(70.894305374733,49.98308476818,
    0.816664532906));
#5801 = CARTESIAN_POINT('',(70.862783794372,49.97779920786,
    0.789560217896));
#5802 = CARTESIAN_POINT('',(70.839601226166,49.973827697826,
    0.77144035233));
#5803 = CARTESIAN_POINT('',(70.815651564691,49.969629445903,
    0.754060384916));
#5804 = CARTESIAN_POINT('',(70.791112899304,49.96522535174,
    0.737313919592));
#5805 = CARTESIAN_POINT('',(70.766112718278,49.960630810968,
    0.721120225024));
#5806 = CARTESIAN_POINT('',(70.740741611715,49.955856771796,
    0.705410764801));
#5807 = CARTESIAN_POINT('',(70.715054461428,49.950908994905,
    0.690128036808));
#5808 = CARTESIAN_POINT('',(70.631518930088,49.934441567324,
    0.642173811941));
#5809 = CARTESIAN_POINT('',(70.572656242369,49.922268490831,
    0.611019895722));
#5810 = CARTESIAN_POINT('',(70.512970801057,49.909318827645,
    0.58124833788));
#5811 = CARTESIAN_POINT('',(70.452688720555,49.895616815,0.55265832104)
  );
#5812 = CARTESIAN_POINT('',(70.391985066214,49.881183811556,
    0.525085540887));
#5813 = CARTESIAN_POINT('',(70.330956495136,49.866031958193,
    0.498437491541));
#5814 = CARTESIAN_POINT('',(70.269668137241,49.850168166167,
    0.472634173406));
#5815 = CARTESIAN_POINT('',(70.148287773142,49.817462018352,
    0.42327786526));
#5816 = CARTESIAN_POINT('',(70.088235304639,49.80066499744,
    0.399693597775));
#5817 = CARTESIAN_POINT('',(70.028038954588,49.783206479755,
    0.376820230845));
#5818 = CARTESIAN_POINT('',(69.9677363464,49.765092402858,0.354632438095
    ));
#5819 = CARTESIAN_POINT('',(69.907356927611,49.746328380799,
    0.333117181188));
#5820 = CARTESIAN_POINT('',(69.846924972993,49.726919907692,
    0.312269013745));
#5821 = CARTESIAN_POINT('',(69.786461095579,49.706872421616,
    0.292087793581));
#5822 = CARTESIAN_POINT('',(69.627181957298,49.652405717079,
    0.240708241975));
#5823 = CARTESIAN_POINT('',(69.528346536029,49.616930581137,
    0.210632846302));
#5824 = CARTESIAN_POINT('',(69.429552160275,49.579789883602,
    0.182375376059));
#5825 = CARTESIAN_POINT('',(69.33086302348,49.541010547751,
    0.155992384816));
#5826 = CARTESIAN_POINT('',(69.232337849987,49.50062338043,
    0.131563598486));
#5827 = CARTESIAN_POINT('',(69.134034307171,49.458664033804,
    0.109185724299));
#5828 = CARTESIAN_POINT('',(69.036011333759,49.415173905988,
    8.897069017489E-02));
#5829 = CARTESIAN_POINT('',(68.846914006711,49.328113194751,
    5.427570961886E-02));
#5830 = CARTESIAN_POINT('',(68.755802257371,49.284728988964,
    3.951162616724E-02));
#5831 = CARTESIAN_POINT('',(68.665042568428,49.240087466683,
    2.686221174653E-02));
#5832 = CARTESIAN_POINT('',(68.574690605911,49.194235028193,
    1.644617697981E-02));
#5833 = CARTESIAN_POINT('',(68.484810519053,49.147227165109,
    8.396049925544E-03));
#5834 = CARTESIAN_POINT('',(68.39547618958,49.099130254929,
    2.859430498872E-03));
#5835 = CARTESIAN_POINT('',(68.306772481,49.050023355586,
    2.448929059724E-07));
#5836 = CARTESIAN_POINT('',(68.218796487889,49.,0.));
#5837 = PCURVE('',#4539,#5838);
#5838 = DEFINITIONAL_REPRESENTATION('',(#5839),#5898);
#5839 = B_SPLINE_CURVE_WITH_KNOTS('',8,(#5840,#5841,#5842,#5843,#5844,
    #5845,#5846,#5847,#5848,#5849,#5850,#5851,#5852,#5853,#5854,#5855,
    #5856,#5857,#5858,#5859,#5860,#5861,#5862,#5863,#5864,#5865,#5866,
    #5867,#5868,#5869,#5870,#5871,#5872,#5873,#5874,#5875,#5876,#5877,
    #5878,#5879,#5880,#5881,#5882,#5883,#5884,#5885,#5886,#5887,#5888,
    #5889,#5890,#5891,#5892,#5893,#5894,#5895,#5896,#5897),
  .UNSPECIFIED.,.F.,.F.,(9,7,7,7,7,7,7,7,9),(0.,2.653340170875E-02,
    4.596562168385E-02,7.801431199557E-02,0.153643079321,0.321241868909,
    0.484308181477,0.750698949242,1.),.UNSPECIFIED.);
#5840 = CARTESIAN_POINT('',(2.22044604925E-14,3.14159265359));
#5841 = CARTESIAN_POINT('',(2.22044604925E-14,3.150989215728));
#5842 = CARTESIAN_POINT('',(1.976434691278E-04,3.160388245263));
#5843 = CARTESIAN_POINT('',(5.930313734721E-04,3.169744769639));
#5844 = CARTESIAN_POINT('',(1.180245822277E-03,3.179021915791));
#5845 = CARTESIAN_POINT('',(1.948852630878E-03,3.188190096971));
#5846 = CARTESIAN_POINT('',(2.88540388375E-03,3.197226199589));
#5847 = CARTESIAN_POINT('',(3.974940497524E-03,3.206112770045));
#5848 = CARTESIAN_POINT('',(6.101516522295E-03,3.221226697871));
#5849 = CARTESIAN_POINT('',(7.074848056319E-03,3.227531339984));
#5850 = CARTESIAN_POINT('',(8.116935428423E-03,3.233748566113));
#5851 = CARTESIAN_POINT('',(9.222364768829E-03,3.239877160455));
#5852 = CARTESIAN_POINT('',(1.038596947763E-02,3.245917106702));
#5853 = CARTESIAN_POINT('',(1.160293740685E-02,3.251869441555));
#5854 = CARTESIAN_POINT('',(1.28689180424E-02,3.257736108242));
#5855 = CARTESIAN_POINT('',(1.634265233966E-02,3.273058610413));
#5856 = CARTESIAN_POINT('',(1.862754381117E-02,3.28236902258));
#5857 = CARTESIAN_POINT('',(2.101792169405E-02,3.291464943931));
#5858 = CARTESIAN_POINT('',(2.349932320064E-02,3.300359594064));
#5859 = CARTESIAN_POINT('',(2.605956844918E-02,3.309065828347));
#5860 = CARTESIAN_POINT('',(2.868862375069E-02,3.317596451476));
#5861 = CARTESIAN_POINT('',(3.137846489592E-02,3.325964531045));
#5862 = CARTESIAN_POINT('',(4.059937678039E-02,3.353579400954));
#5863 = CARTESIAN_POINT('',(4.737286461136E-02,3.372124423616));
#5864 = CARTESIAN_POINT('',(5.436119633073E-02,3.389997706534));
#5865 = CARTESIAN_POINT('',(6.151115830068E-02,3.407306843846));
#5866 = CARTESIAN_POINT('',(6.878458685806E-02,3.42413367925));
#5867 = CARTESIAN_POINT('',(7.615426190967E-02,3.440548043315));
#5868 = CARTESIAN_POINT('',(8.360347472282E-02,3.456609216663));
#5869 = CARTESIAN_POINT('',(0.107787151589,3.507312114546));
#5870 = CARTESIAN_POINT('',(0.1247654361,3.540730759579));
#5871 = CARTESIAN_POINT('',(0.141911289435,3.573159042235));
#5872 = CARTESIAN_POINT('',(0.159153424574,3.604821032456));
#5873 = CARTESIAN_POINT('',(0.176436141019,3.635905068409));
#5874 = CARTESIAN_POINT('',(0.193727198834,3.666529257912));
#5875 = CARTESIAN_POINT('',(0.211003727351,3.69680157995));
#5876 = CARTESIAN_POINT('',(0.245038063288,3.756010846613));
#5877 = CARTESIAN_POINT('',(0.261789671277,3.784948872091));
#5878 = CARTESIAN_POINT('',(0.278491075526,3.813697562096));
#5879 = CARTESIAN_POINT('',(0.295128389251,3.842310001705));
#5880 = CARTESIAN_POINT('',(0.311690404174,3.87082801088));
#5881 = CARTESIAN_POINT('',(0.328167694658,3.899286935484));
#5882 = CARTESIAN_POINT('',(0.344552161355,3.927718102348));
#5883 = CARTESIAN_POINT('',(0.387440513474,4.002594535398));
#5884 = CARTESIAN_POINT('',(0.413776871602,4.049037448157));
#5885 = CARTESIAN_POINT('',(0.439815935552,4.095596874793));
#5886 = CARTESIAN_POINT('',(0.465533018386,4.142367681846));
#5887 = CARTESIAN_POINT('',(0.490907056825,4.189431931354));
#5888 = CARTESIAN_POINT('',(0.515919377351,4.236867110108));
#5889 = CARTESIAN_POINT('',(0.540553071027,4.284751061081));
#5890 = CARTESIAN_POINT('',(0.587477824876,4.378470371347));
#5891 = CARTESIAN_POINT('',(0.60981655355,4.424237645923));
#5892 = CARTESIAN_POINT('',(0.631797066166,4.470532307254));
#5893 = CARTESIAN_POINT('',(0.653407027893,4.517420547033));
#5894 = CARTESIAN_POINT('',(0.674633719957,4.564971087038));
#5895 = CARTESIAN_POINT('',(0.695463893658,4.613258384035));
#5896 = CARTESIAN_POINT('',(0.715883624375,4.662365834674));
#5897 = CARTESIAN_POINT('',(0.735878165579,4.712388980385));
#5898 = ( GEOMETRIC_REPRESENTATION_CONTEXT(2) 
PARAMETRIC_REPRESENTATION_CONTEXT() REPRESENTATION_CONTEXT('2D SPACE',''
  ) );
#5899 = PCURVE('',#4567,#5900);
#5900 = DEFINITIONAL_REPRESENTATION('',(#5901),#5960);
#5901 = B_SPLINE_CURVE_WITH_KNOTS('',8,(#5902,#5903,#5904,#5905,#5906,
    #5907,#5908,#5909,#5910,#5911,#5912,#5913,#5914,#5915,#5916,#5917,
    #5918,#5919,#5920,#5921,#5922,#5923,#5924,#5925,#5926,#5927,#5928,
    #5929,#5930,#5931,#5932,#5933,#5934,#5935,#5936,#5937,#5938,#5939,
    #5940,#5941,#5942,#5943,#5944,#5945,#5946,#5947,#5948,#5949,#5950,
    #5951,#5952,#5953,#5954,#5955,#5956,#5957,#5958,#5959),
  .UNSPECIFIED.,.F.,.F.,(9,7,7,7,7,7,7,7,9),(0.,2.653340170875E-02,
    4.596562168385E-02,7.801431199557E-02,0.153643079321,0.321241868909,
    0.484308181477,0.750698949242,1.),.UNSPECIFIED.);
#5902 = CARTESIAN_POINT('',(0.,7.105427357601E-14));
#5903 = CARTESIAN_POINT('',(9.396562138054E-03,7.104717074176E-14));
#5904 = CARTESIAN_POINT('',(1.87955916729E-02,6.719904548519E-04));
#5905 = CARTESIAN_POINT('',(2.815211604966E-02,2.016304853641E-03));
#5906 = CARTESIAN_POINT('',(3.742926220101E-02,4.012945554346E-03));
#5907 = CARTESIAN_POINT('',(4.659744338111E-02,6.626658898149E-03));
#5908 = CARTESIAN_POINT('',(5.563354599952E-02,9.812010324083E-03));
#5909 = CARTESIAN_POINT('',(6.452011645503E-02,1.351845948363E-02));
#5910 = CARTESIAN_POINT('',(7.963404428106E-02,2.075451970718E-02));
#5911 = CARTESIAN_POINT('',(8.593868639401E-02,2.406693650126E-02));
#5912 = CARTESIAN_POINT('',(9.215591252332E-02,2.76139300324E-02));
#5913 = CARTESIAN_POINT('',(9.828450686527E-02,3.137721925126E-02));
#5914 = CARTESIAN_POINT('',(0.104324453112,3.533936060188E-02));
#5915 = CARTESIAN_POINT('',(0.110276787965,3.948411085933E-02));
#5916 = CARTESIAN_POINT('',(0.116143454652,4.379678996727E-02));
#5917 = CARTESIAN_POINT('',(0.131465956823,5.563327527487E-02));
#5918 = CARTESIAN_POINT('',(0.14077636899,6.342173443603E-02));
#5919 = CARTESIAN_POINT('',(0.149872290341,7.157309845467E-02));
#5920 = CARTESIAN_POINT('',(0.158766940474,8.003860975665E-02));
#5921 = CARTESIAN_POINT('',(0.167473174757,8.87772225705E-02));
#5922 = CARTESIAN_POINT('',(0.176003797886,9.775514939978E-02));
#5923 = CARTESIAN_POINT('',(0.184371877456,0.106945407495));
#5924 = CARTESIAN_POINT('',(0.211986747364,0.138466987856));
#5925 = CARTESIAN_POINT('',(0.230531770026,0.161649556062));
#5926 = CARTESIAN_POINT('',(0.248405052944,0.185599217537));
#5927 = CARTESIAN_POINT('',(0.265714190257,0.210137882925));
#5928 = CARTESIAN_POINT('',(0.28254102566,0.23513806395));
#5929 = CARTESIAN_POINT('',(0.298955389725,0.260509170514));
#5930 = CARTESIAN_POINT('',(0.315016563073,0.2861963208));
#5931 = CARTESIAN_POINT('',(0.365719460956,0.36973185214));
#5932 = CARTESIAN_POINT('',(0.399138105989,0.428594539859));
#5933 = CARTESIAN_POINT('',(0.431566388645,0.488279981172));
#5934 = CARTESIAN_POINT('',(0.463228378866,0.548562061671));
#5935 = CARTESIAN_POINT('',(0.494312414819,0.609265716015));
#5936 = CARTESIAN_POINT('',(0.524936604322,0.670294287092));
#5937 = CARTESIAN_POINT('',(0.55520892636,0.731582644987));
#5938 = CARTESIAN_POINT('',(0.614418193023,0.852963009086));
#5939 = CARTESIAN_POINT('',(0.643356218501,0.913015477589));
#5940 = CARTESIAN_POINT('',(0.672104908506,0.97321182764));
#5941 = CARTESIAN_POINT('',(0.700717348115,1.033514435828));
#5942 = CARTESIAN_POINT('',(0.72923535729,1.093893854618));
#5943 = CARTESIAN_POINT('',(0.757694281894,1.154325809235));
#5944 = CARTESIAN_POINT('',(0.786125448758,1.21478968665));
#5945 = CARTESIAN_POINT('',(0.861001881808,1.37406882493));
#5946 = CARTESIAN_POINT('',(0.907444794567,1.472904246199));
#5947 = CARTESIAN_POINT('',(0.954004221203,1.571698621953));
#5948 = CARTESIAN_POINT('',(1.000775028256,1.670387758748));
#5949 = CARTESIAN_POINT('',(1.047839277765,1.768912932241));
#5950 = CARTESIAN_POINT('',(1.095274456518,1.867216475057));
#5951 = CARTESIAN_POINT('',(1.143158407492,1.96523944847));
#5952 = CARTESIAN_POINT('',(1.236877717758,2.154336775517));
#5953 = CARTESIAN_POINT('',(1.282644992333,2.245448524857));
#5954 = CARTESIAN_POINT('',(1.328939653664,2.3362082138));
#5955 = CARTESIAN_POINT('',(1.375827893443,2.426560176317));
#5956 = CARTESIAN_POINT('',(1.423378433448,2.516440263175));
#5957 = CARTESIAN_POINT('',(1.471665730445,2.605774592648));
#5958 = CARTESIAN_POINT('',(1.520773181084,2.694478301229));
#5959 = CARTESIAN_POINT('',(1.570796326795,2.782454294339));
#5960 = ( GEOMETRIC_REPRESENTATION_CONTEXT(2) 
PARAMETRIC_REPRESENTATION_CONTEXT() REPRESENTATION_CONTEXT('2D SPACE',''
  ) );
#5961 = ORIENTED_EDGE('',*,*,#5962,.T.);
#5962 = EDGE_CURVE('',#5260,#5154,#5963,.T.);
#5963 = SURFACE_CURVE('',#5964,(#5969,#5976),.PCURVE_S1.);
#5964 = CIRCLE('',#5965,3.4);
#5965 = AXIS2_PLACEMENT_3D('',#5966,#5967,#5968);
#5966 = CARTESIAN_POINT('',(72.,46.75,1.));
#5967 = DIRECTION('',(0.,0.,1.));
#5968 = DIRECTION('',(-0.293749769933,0.955882352941,0.));
#5969 = PCURVE('',#4539,#5970);
#5970 = DEFINITIONAL_REPRESENTATION('',(#5971),#5975);
#5971 = LINE('',#5972,#5973);
#5972 = CARTESIAN_POINT('',(0.,3.14159265359));
#5973 = VECTOR('',#5974,1.);
#5974 = DIRECTION('',(1.,0.));
#5975 = ( GEOMETRIC_REPRESENTATION_CONTEXT(2) 
PARAMETRIC_REPRESENTATION_CONTEXT() REPRESENTATION_CONTEXT('2D SPACE',''
  ) );
#5976 = PCURVE('',#5169,#5977);
#5977 = DEFINITIONAL_REPRESENTATION('',(#5978),#5982);
#5978 = LINE('',#5979,#5980);
#5979 = CARTESIAN_POINT('',(-1.868943649139,-1.));
#5980 = VECTOR('',#5981,1.);
#5981 = DIRECTION('',(-1.,0.));
#5982 = ( GEOMETRIC_REPRESENTATION_CONTEXT(2) 
PARAMETRIC_REPRESENTATION_CONTEXT() REPRESENTATION_CONTEXT('2D SPACE',''
  ) );
#5983 = ORIENTED_EDGE('',*,*,#5984,.T.);
#5984 = EDGE_CURVE('',#5154,#4523,#5985,.T.);
#5985 = SURFACE_CURVE('',#5986,(#6045,#6107),.PCURVE_S1.);
#5986 = B_SPLINE_CURVE_WITH_KNOTS('',8,(#5987,#5988,#5989,#5990,#5991,
    #5992,#5993,#5994,#5995,#5996,#5997,#5998,#5999,#6000,#6001,#6002,
    #6003,#6004,#6005,#6006,#6007,#6008,#6009,#6010,#6011,#6012,#6013,
    #6014,#6015,#6016,#6017,#6018,#6019,#6020,#6021,#6022,#6023,#6024,
    #6025,#6026,#6027,#6028,#6029,#6030,#6031,#6032,#6033,#6034,#6035,
    #6036,#6037,#6038,#6039,#6040,#6041,#6042,#6043,#6044),
  .UNSPECIFIED.,.F.,.F.,(9,7,7,7,7,7,7,7,9),(0.,2.653340171347E-02,
    4.596562168877E-02,7.801431200088E-02,0.153643079326,0.321241868914,
    0.484308181483,0.75069894925,1.),.UNSPECIFIED.);
#5987 = CARTESIAN_POINT('',(75.25,45.751250782228,1.));
#5988 = CARTESIAN_POINT('',(75.25,45.751250782228,0.99060343786));
#5989 = CARTESIAN_POINT('',(75.249899065904,45.750578791773,
    0.981204396565));
#5990 = CARTESIAN_POINT('',(75.249697181986,45.749234477374,
    0.971849151192));
#5991 = CARTESIAN_POINT('',(75.249396930769,45.747237836672,
    0.962575810656));
#5992 = CARTESIAN_POINT('',(75.249002849721,45.744624123327,
    0.953415086725));
#5993 = CARTESIAN_POINT('',(75.248520787952,45.7414387719,0.944391063039
    ));
#5994 = CARTESIAN_POINT('',(75.24795726291,45.737732322739,
    0.935521964121));
#5995 = CARTESIAN_POINT('',(75.246851239643,45.730496262514,
    0.920448559499));
#5996 = CARTESIAN_POINT('',(75.246343334205,45.727183845719,
    0.914164235396));
#5997 = CARTESIAN_POINT('',(75.245797495621,45.723636852187,
    0.907970745681));
#5998 = CARTESIAN_POINT('',(75.24521605756,45.719873562968,
    0.901869490396));
#5999 = CARTESIAN_POINT('',(75.244601243321,45.715911421617,
    0.895860631006));
#6000 = CARTESIAN_POINT('',(75.243955116657,45.711766671359,
    0.889943245372));
#6001 = CARTESIAN_POINT('',(75.24327953259,45.707453992251,
    0.884115482723));
#6002 = CARTESIAN_POINT('',(75.241415928952,45.695617506942,
    0.868906733456));
#6003 = CARTESIAN_POINT('',(75.240180344468,45.68782904778,
    0.859678089216));
#6004 = CARTESIAN_POINT('',(75.238876415296,45.679677683761,
    0.850675241719));
#6005 = CARTESIAN_POINT('',(75.237510232172,45.671212172458,
    0.841885197767));
#6006 = CARTESIAN_POINT('',(75.236086922171,45.662473559644,
    0.833295244334));
#6007 = CARTESIAN_POINT('',(75.234610674812,45.653495632814,
    0.824892677752));
#6008 = CARTESIAN_POINT('',(75.233084768177,45.644305374717,
    0.816664532893));
#6009 = CARTESIAN_POINT('',(75.227799207858,45.612783794356,
    0.789560217883));
#6010 = CARTESIAN_POINT('',(75.223827697823,45.589601226148,
    0.771440352316));
#6011 = CARTESIAN_POINT('',(75.2196294459,45.565651564673,0.754060384903
    ));
#6012 = CARTESIAN_POINT('',(75.215225351736,45.541112899284,
    0.737313919579));
#6013 = CARTESIAN_POINT('',(75.210630810964,45.516112718257,
    0.721120225011));
#6014 = CARTESIAN_POINT('',(75.205856771792,45.490741611694,
    0.705410764788));
#6015 = CARTESIAN_POINT('',(75.2009089949,45.465054461406,0.690128036795
    ));
#6016 = CARTESIAN_POINT('',(75.184441567319,45.381518930064,
    0.642173811928));
#6017 = CARTESIAN_POINT('',(75.172268490826,45.322656242347,
    0.611019895711));
#6018 = CARTESIAN_POINT('',(75.159318827639,45.262970801024,
    0.581248337865));
#6019 = CARTESIAN_POINT('',(75.145616814995,45.20268872054,
    0.552658321032));
#6020 = CARTESIAN_POINT('',(75.131183811549,45.141985066179,
    0.525085540872));
#6021 = CARTESIAN_POINT('',(75.116031958187,45.080956495113,
    0.498437491531));
#6022 = CARTESIAN_POINT('',(75.100168166159,45.019668137213,
    0.472634173395));
#6023 = CARTESIAN_POINT('',(75.067462018344,44.898287773113,
    0.423277865249));
#6024 = CARTESIAN_POINT('',(75.050664997431,44.838235304611,
    0.399693597764));
#6025 = CARTESIAN_POINT('',(75.033206479746,44.778038954559,
    0.376820230834));
#6026 = CARTESIAN_POINT('',(75.015092402849,44.717736346371,
    0.354632438085));
#6027 = CARTESIAN_POINT('',(74.99632838079,44.657356927582,
    0.333117181178));
#6028 = CARTESIAN_POINT('',(74.976919907683,44.596924972964,
    0.312269013735));
#6029 = CARTESIAN_POINT('',(74.956872421606,44.536461095549,
    0.292087793571));
#6030 = CARTESIAN_POINT('',(74.902405717068,44.377181957269,
    0.240708241966));
#6031 = CARTESIAN_POINT('',(74.866930581126,44.278346536,0.210632846294)
  );
#6032 = CARTESIAN_POINT('',(74.829789883591,44.179552160246,
    0.182375376051));
#6033 = CARTESIAN_POINT('',(74.791010547739,44.080863023451,
    0.155992384808));
#6034 = CARTESIAN_POINT('',(74.750623380418,43.982337849958,
    0.131563598479));
#6035 = CARTESIAN_POINT('',(74.708664033792,43.884034307143,
    0.109185724293));
#6036 = CARTESIAN_POINT('',(74.665173905975,43.78601133373,
    8.897069016916E-02));
#6037 = CARTESIAN_POINT('',(74.57811319474,43.596914006687,
    5.427570961491E-02));
#6038 = CARTESIAN_POINT('',(74.534728988953,43.50580225735,
    3.951162616434E-02));
#6039 = CARTESIAN_POINT('',(74.490087466674,43.415042568411,
    2.686221174454E-02));
#6040 = CARTESIAN_POINT('',(74.444235028185,43.324690605897,
    1.644617697858E-02));
#6041 = CARTESIAN_POINT('',(74.397227165103,43.234810519043,
    8.396049924909E-03));
#6042 = CARTESIAN_POINT('',(74.349130254925,43.145476189573,
    2.859430498654E-03));
#6043 = CARTESIAN_POINT('',(74.300023355584,43.056772480996,
    2.448929063475E-07));
#6044 = CARTESIAN_POINT('',(74.25,42.968796487889,0.));
#6045 = PCURVE('',#4539,#6046);
#6046 = DEFINITIONAL_REPRESENTATION('',(#6047),#6106);
#6047 = B_SPLINE_CURVE_WITH_KNOTS('',8,(#6048,#6049,#6050,#6051,#6052,
    #6053,#6054,#6055,#6056,#6057,#6058,#6059,#6060,#6061,#6062,#6063,
    #6064,#6065,#6066,#6067,#6068,#6069,#6070,#6071,#6072,#6073,#6074,
    #6075,#6076,#6077,#6078,#6079,#6080,#6081,#6082,#6083,#6084,#6085,
    #6086,#6087,#6088,#6089,#6090,#6091,#6092,#6093,#6094,#6095,#6096,
    #6097,#6098,#6099,#6100,#6101,#6102,#6103,#6104,#6105),
  .UNSPECIFIED.,.F.,.F.,(9,7,7,7,7,7,7,7,9),(0.,2.653340171347E-02,
    4.596562168877E-02,7.801431200088E-02,0.153643079326,0.321241868914,
    0.484308181483,0.75069894925,1.),.UNSPECIFIED.);
#6048 = CARTESIAN_POINT('',(4.116094335696,3.14159265359));
#6049 = CARTESIAN_POINT('',(4.116094335696,3.15098921573));
#6050 = CARTESIAN_POINT('',(4.115896692227,3.160388245266));
#6051 = CARTESIAN_POINT('',(4.115501304323,3.169744769645));
#6052 = CARTESIAN_POINT('',(4.114914089874,3.179021915798));
#6053 = CARTESIAN_POINT('',(4.114145483065,3.18819009698));
#6054 = CARTESIAN_POINT('',(4.113208931811,3.1972261996));
#6055 = CARTESIAN_POINT('',(4.112119395197,3.206112770057));
#6056 = CARTESIAN_POINT('',(4.109992819172,3.221226697885));
#6057 = CARTESIAN_POINT('',(4.109019487638,3.227531339998));
#6058 = CARTESIAN_POINT('',(4.107977400265,3.233748566127));
#6059 = CARTESIAN_POINT('',(4.106871970925,3.239877160469));
#6060 = CARTESIAN_POINT('',(4.105708366216,3.245917106715));
#6061 = CARTESIAN_POINT('',(4.104491398287,3.251869441569));
#6062 = CARTESIAN_POINT('',(4.103225417651,3.257736108256));
#6063 = CARTESIAN_POINT('',(4.099751683353,3.273058610427));
#6064 = CARTESIAN_POINT('',(4.097466791882,3.282369022594));
#6065 = CARTESIAN_POINT('',(4.095076413999,3.291464943945));
#6066 = CARTESIAN_POINT('',(4.092595012492,3.300359594078));
#6067 = CARTESIAN_POINT('',(4.090034767243,3.309065828361));
#6068 = CARTESIAN_POINT('',(4.087405711941,3.317596451489));
#6069 = CARTESIAN_POINT('',(4.084715870796,3.325964531059));
#6070 = CARTESIAN_POINT('',(4.075494958911,3.353579400968));
#6071 = CARTESIAN_POINT('',(4.06872147108,3.37212442363));
#6072 = CARTESIAN_POINT('',(4.06173313936,3.389997706548));
#6073 = CARTESIAN_POINT('',(4.05458317739,3.40730684386));
#6074 = CARTESIAN_POINT('',(4.047309748832,3.424133679264));
#6075 = CARTESIAN_POINT('',(4.039940073781,3.440548043328));
#6076 = CARTESIAN_POINT('',(4.032490860967,3.456609216677));
#6077 = CARTESIAN_POINT('',(4.008307184101,3.50731211456));
#6078 = CARTESIAN_POINT('',(3.99132889959,3.540730759591));
#6079 = CARTESIAN_POINT('',(3.974183046253,3.573159042251));
#6080 = CARTESIAN_POINT('',(3.956940911117,3.604821032466));
#6081 = CARTESIAN_POINT('',(3.939658194668,3.635905068425));
#6082 = CARTESIAN_POINT('',(3.922367136855,3.666529257924));
#6083 = CARTESIAN_POINT('',(3.905090608337,3.696801579964));
#6084 = CARTESIAN_POINT('',(3.8710562724,3.756010846626));
#6085 = CARTESIAN_POINT('',(3.854304664412,3.784948872104));
#6086 = CARTESIAN_POINT('',(3.837603260162,3.81369756211));
#6087 = CARTESIAN_POINT('',(3.820965946437,3.842310001719));
#6088 = CARTESIAN_POINT('',(3.804403931514,3.870828010894));
#6089 = CARTESIAN_POINT('',(3.78792664103,3.899286935498));
#6090 = CARTESIAN_POINT('',(3.771542174334,3.927718102361));
#6091 = CARTESIAN_POINT('',(3.728653822215,4.002594535412));
#6092 = CARTESIAN_POINT('',(3.702317464086,4.049037448171));
#6093 = CARTESIAN_POINT('',(3.676278400136,4.095596874806));
#6094 = CARTESIAN_POINT('',(3.650561317303,4.14236768186));
#6095 = CARTESIAN_POINT('',(3.625187278864,4.189431931368));
#6096 = CARTESIAN_POINT('',(3.600174958338,4.236867110122));
#6097 = CARTESIAN_POINT('',(3.575541264662,4.284751061095));
#6098 = CARTESIAN_POINT('',(3.528616510815,4.37847037136));
#6099 = CARTESIAN_POINT('',(3.506277782142,4.424237645933));
#6100 = CARTESIAN_POINT('',(3.484297269526,4.470532307263));
#6101 = CARTESIAN_POINT('',(3.462687307801,4.51742054704));
#6102 = CARTESIAN_POINT('',(3.441460615737,4.564971087043));
#6103 = CARTESIAN_POINT('',(3.420630442037,4.613258384039));
#6104 = CARTESIAN_POINT('',(3.400210711321,4.662365834676));
#6105 = CARTESIAN_POINT('',(3.380216170117,4.712388980385));
#6106 = ( GEOMETRIC_REPRESENTATION_CONTEXT(2) 
PARAMETRIC_REPRESENTATION_CONTEXT() REPRESENTATION_CONTEXT('2D SPACE',''
  ) );
#6107 = PCURVE('',#4896,#6108);
#6108 = DEFINITIONAL_REPRESENTATION('',(#6109),#6168);
#6109 = B_SPLINE_CURVE_WITH_KNOTS('',8,(#6110,#6111,#6112,#6113,#6114,
    #6115,#6116,#6117,#6118,#6119,#6120,#6121,#6122,#6123,#6124,#6125,
    #6126,#6127,#6128,#6129,#6130,#6131,#6132,#6133,#6134,#6135,#6136,
    #6137,#6138,#6139,#6140,#6141,#6142,#6143,#6144,#6145,#6146,#6147,
    #6148,#6149,#6150,#6151,#6152,#6153,#6154,#6155,#6156,#6157,#6158,
    #6159,#6160,#6161,#6162,#6163,#6164,#6165,#6166,#6167),
  .UNSPECIFIED.,.F.,.F.,(9,7,7,7,7,7,7,7,9),(0.,2.653340171347E-02,
    4.596562168877E-02,7.801431200088E-02,0.153643079326,0.321241868914,
    0.484308181483,0.75069894925,1.),.UNSPECIFIED.);
#6110 = CARTESIAN_POINT('',(0.,91.502501564456));
#6111 = CARTESIAN_POINT('',(9.396562139873E-03,91.502501564456));
#6112 = CARTESIAN_POINT('',(1.879559167663E-02,91.501829574001));
#6113 = CARTESIAN_POINT('',(2.815211605525E-02,91.500485259602));
#6114 = CARTESIAN_POINT('',(3.742926220837E-02,91.4984886189));
#6115 = CARTESIAN_POINT('',(4.659744339018E-02,91.495874905556));
#6116 = CARTESIAN_POINT('',(5.563354601024E-02,91.492689554129));
#6117 = CARTESIAN_POINT('',(6.452011646735E-02,91.488983104968));
#6118 = CARTESIAN_POINT('',(7.96340442949E-02,91.481747044742));
#6119 = CARTESIAN_POINT('',(8.593868640787E-02,91.478434627947));
#6120 = CARTESIAN_POINT('',(9.215591253719E-02,91.474887634416));
#6121 = CARTESIAN_POINT('',(9.828450687913E-02,91.471124345196));
#6122 = CARTESIAN_POINT('',(0.104324453126,91.467162203845));
#6123 = CARTESIAN_POINT('',(0.110276787979,91.463017453587));
#6124 = CARTESIAN_POINT('',(0.116143454666,91.458704774479));
#6125 = CARTESIAN_POINT('',(0.131465956837,91.44686828917));
#6126 = CARTESIAN_POINT('',(0.140776369004,91.439079830008));
#6127 = CARTESIAN_POINT('',(0.149872290355,91.430928465989));
#6128 = CARTESIAN_POINT('',(0.158766940488,91.422462954686));
#6129 = CARTESIAN_POINT('',(0.167473174771,91.413724341872));
#6130 = CARTESIAN_POINT('',(0.1760037979,91.404746415042));
#6131 = CARTESIAN_POINT('',(0.184371877469,91.395556156946));
#6132 = CARTESIAN_POINT('',(0.211986747378,91.364034576584));
#6133 = CARTESIAN_POINT('',(0.23053177004,91.340852008377));
#6134 = CARTESIAN_POINT('',(0.248405052958,91.316902346901));
#6135 = CARTESIAN_POINT('',(0.26571419027,91.292363681512));
#6136 = CARTESIAN_POINT('',(0.282541025674,91.267363500485));
#6137 = CARTESIAN_POINT('',(0.298955389739,91.241992393922));
#6138 = CARTESIAN_POINT('',(0.315016563087,91.216305243634));
#6139 = CARTESIAN_POINT('',(0.36571946097,91.132769712292));
#6140 = CARTESIAN_POINT('',(0.399138106001,91.073907024575));
#6141 = CARTESIAN_POINT('',(0.431566388661,91.014221583253));
#6142 = CARTESIAN_POINT('',(0.463228378876,90.953939502767));
#6143 = CARTESIAN_POINT('',(0.494312414835,90.893235848408));
#6144 = CARTESIAN_POINT('',(0.524936604334,90.832207277341));
#6145 = CARTESIAN_POINT('',(0.555208926374,90.770918919441));
#6146 = CARTESIAN_POINT('',(0.614418193037,90.649538555342));
#6147 = CARTESIAN_POINT('',(0.643356218515,90.589486086839));
#6148 = CARTESIAN_POINT('',(0.67210490852,90.529289736787));
#6149 = CARTESIAN_POINT('',(0.700717348129,90.468987128599));
#6150 = CARTESIAN_POINT('',(0.729235357304,90.40860770981));
#6151 = CARTESIAN_POINT('',(0.757694281908,90.348175755192));
#6152 = CARTESIAN_POINT('',(0.786125448772,90.287711877777));
#6153 = CARTESIAN_POINT('',(0.861001881822,90.128432739497));
#6154 = CARTESIAN_POINT('',(0.907444794581,90.029597318228));
#6155 = CARTESIAN_POINT('',(0.954004221217,89.930802942474));
#6156 = CARTESIAN_POINT('',(1.00077502827,89.832113805679));
#6157 = CARTESIAN_POINT('',(1.047839277778,89.733588632187));
#6158 = CARTESIAN_POINT('',(1.095274456532,89.635285089371));
#6159 = CARTESIAN_POINT('',(1.143158407505,89.537262115959));
#6160 = CARTESIAN_POINT('',(1.23687771777,89.348164788915));
#6161 = CARTESIAN_POINT('',(1.282644992343,89.257053039578));
#6162 = CARTESIAN_POINT('',(1.328939653673,89.166293350639));
#6163 = CARTESIAN_POINT('',(1.37582789345,89.075941388125));
#6164 = CARTESIAN_POINT('',(1.423378433453,88.986061301271));
#6165 = CARTESIAN_POINT('',(1.471665730449,88.896726971801));
#6166 = CARTESIAN_POINT('',(1.520773181086,88.808023263224));
#6167 = CARTESIAN_POINT('',(1.570796326795,88.720047270117));
#6168 = ( GEOMETRIC_REPRESENTATION_CONTEXT(2) 
PARAMETRIC_REPRESENTATION_CONTEXT() REPRESENTATION_CONTEXT('2D SPACE',''
  ) );
#6169 = ORIENTED_EDGE('',*,*,#4520,.F.);
#6170 = ADVANCED_FACE('',(#6171),#4896,.F.);
#6171 = FACE_BOUND('',#6172,.F.);
#6172 = EDGE_LOOP('',(#6173,#6174,#6175,#6176));
#6173 = ORIENTED_EDGE('',*,*,#4911,.T.);
#6174 = ORIENTED_EDGE('',*,*,#4882,.T.);
#6175 = ORIENTED_EDGE('',*,*,#5984,.F.);
#6176 = ORIENTED_EDGE('',*,*,#5181,.F.);
#6177 = ADVANCED_FACE('',(#6178),#4820,.F.);
#6178 = FACE_BOUND('',#6179,.F.);
#6179 = EDGE_LOOP('',(#6180,#6181,#6182,#6368));
#6180 = ORIENTED_EDGE('',*,*,#5712,.F.);
#6181 = ORIENTED_EDGE('',*,*,#5683,.T.);
#6182 = ORIENTED_EDGE('',*,*,#6183,.T.);
#6183 = EDGE_CURVE('',#5406,#4776,#6184,.T.);
#6184 = SURFACE_CURVE('',#6185,(#6244,#6306),.PCURVE_S1.);
#6185 = B_SPLINE_CURVE_WITH_KNOTS('',8,(#6186,#6187,#6188,#6189,#6190,
    #6191,#6192,#6193,#6194,#6195,#6196,#6197,#6198,#6199,#6200,#6201,
    #6202,#6203,#6204,#6205,#6206,#6207,#6208,#6209,#6210,#6211,#6212,
    #6213,#6214,#6215,#6216,#6217,#6218,#6219,#6220,#6221,#6222,#6223,
    #6224,#6225,#6226,#6227,#6228,#6229,#6230,#6231,#6232,#6233,#6234,
    #6235,#6236,#6237,#6238,#6239,#6240,#6241,#6242,#6243),
  .UNSPECIFIED.,.F.,.F.,(9,7,7,7,7,7,7,7,9),(0.,2.653340171015E-02,
    4.596562168628E-02,7.801431199978E-02,0.15364307933,0.321241868926,
    0.484308181501,0.750698949279,1.),.UNSPECIFIED.);
#6186 = CARTESIAN_POINT('',(-71.00125078222,50.,1.));
#6187 = CARTESIAN_POINT('',(-71.00125078222,50.,0.990603437862));
#6188 = CARTESIAN_POINT('',(-71.00057879177,49.999899065904,
    0.981204396568));
#6189 = CARTESIAN_POINT('',(-70.99923447737,49.999697181986,
    0.971849151197));
#6190 = CARTESIAN_POINT('',(-70.99723783667,49.999396930769,
    0.962575810663));
#6191 = CARTESIAN_POINT('',(-70.99462412333,49.999002849721,
    0.953415086734));
#6192 = CARTESIAN_POINT('',(-70.9914387719,49.998520787953,
    0.944391063049));
#6193 = CARTESIAN_POINT('',(-70.98773232274,49.997957262911,
    0.935521964134));
#6194 = CARTESIAN_POINT('',(-70.98049626252,49.996851239644,
    0.920448559513));
#6195 = CARTESIAN_POINT('',(-70.97718384572,49.996343334206,
    0.91416423541));
#6196 = CARTESIAN_POINT('',(-70.97363685219,49.995797495623,
    0.907970745695));
#6197 = CARTESIAN_POINT('',(-70.96987356297,49.995216057561,
    0.90186949041));
#6198 = CARTESIAN_POINT('',(-70.96591142162,49.994601243323,
    0.895860631019));
#6199 = CARTESIAN_POINT('',(-70.96176667136,49.993955116659,
    0.889943245385));
#6200 = CARTESIAN_POINT('',(-70.95745399226,49.993279532591,
    0.884115482737));
#6201 = CARTESIAN_POINT('',(-70.94561750695,49.991415928954,
    0.86890673347));
#6202 = CARTESIAN_POINT('',(-70.93782904779,49.99018034447,0.85967808923
    ));
#6203 = CARTESIAN_POINT('',(-70.92967768377,49.988876415298,
    0.850675241733));
#6204 = CARTESIAN_POINT('',(-70.92121217247,49.987510232175,
    0.84188519778));
#6205 = CARTESIAN_POINT('',(-70.91247355965,49.986086922173,
    0.833295244347));
#6206 = CARTESIAN_POINT('',(-70.90349563282,49.984610674814,
    0.824892677765));
#6207 = CARTESIAN_POINT('',(-70.89430537473,49.98308476818,
    0.816664532906));
#6208 = CARTESIAN_POINT('',(-70.86278379437,49.97779920786,
    0.789560217896));
#6209 = CARTESIAN_POINT('',(-70.83960122616,49.973827697826,
    0.77144035233));
#6210 = CARTESIAN_POINT('',(-70.81565156469,49.969629445903,
    0.754060384916));
#6211 = CARTESIAN_POINT('',(-70.7911128993,49.96522535174,0.737313919592
    ));
#6212 = CARTESIAN_POINT('',(-70.76611271827,49.960630810968,
    0.721120225024));
#6213 = CARTESIAN_POINT('',(-70.74074161171,49.955856771796,
    0.705410764801));
#6214 = CARTESIAN_POINT('',(-70.71505446142,49.950908994905,
    0.690128036808));
#6215 = CARTESIAN_POINT('',(-70.63151893008,49.934441567324,
    0.642173811941));
#6216 = CARTESIAN_POINT('',(-70.57265624236,49.922268490831,
    0.611019895721));
#6217 = CARTESIAN_POINT('',(-70.51297080105,49.909318827646,
    0.581248337881));
#6218 = CARTESIAN_POINT('',(-70.45268872055,49.895616814999,
    0.55265832104));
#6219 = CARTESIAN_POINT('',(-70.39198506621,49.881183811557,
    0.525085540888));
#6220 = CARTESIAN_POINT('',(-70.33095649513,49.866031958193,
    0.498437491541));
#6221 = CARTESIAN_POINT('',(-70.26966813724,49.850168166167,
    0.472634173407));
#6222 = CARTESIAN_POINT('',(-70.14828777314,49.817462018352,
    0.42327786526));
#6223 = CARTESIAN_POINT('',(-70.08823530463,49.80066499744,
    0.399693597775));
#6224 = CARTESIAN_POINT('',(-70.02803895458,49.783206479755,
    0.376820230845));
#6225 = CARTESIAN_POINT('',(-69.9677363464,49.765092402858,
    0.354632438095));
#6226 = CARTESIAN_POINT('',(-69.90735692761,49.746328380799,
    0.333117181188));
#6227 = CARTESIAN_POINT('',(-69.84692497299,49.726919907692,
    0.312269013745));
#6228 = CARTESIAN_POINT('',(-69.78646109557,49.706872421616,
    0.292087793581));
#6229 = CARTESIAN_POINT('',(-69.62718195729,49.652405717079,
    0.240708241975));
#6230 = CARTESIAN_POINT('',(-69.52834653602,49.616930581137,
    0.210632846302));
#6231 = CARTESIAN_POINT('',(-69.42955216027,49.579789883602,
    0.182375376059));
#6232 = CARTESIAN_POINT('',(-69.33086302348,49.541010547751,
    0.155992384816));
#6233 = CARTESIAN_POINT('',(-69.23233784998,49.50062338043,
    0.131563598486));
#6234 = CARTESIAN_POINT('',(-69.13403430717,49.458664033804,
    0.109185724299));
#6235 = CARTESIAN_POINT('',(-69.03601133375,49.415173905988,
    8.897069017488E-02));
#6236 = CARTESIAN_POINT('',(-68.84691400672,49.32811319476,
    5.427570962213E-02));
#6237 = CARTESIAN_POINT('',(-68.7558022574,49.284728988932,
    3.951162617326E-02));
#6238 = CARTESIAN_POINT('',(-68.66504256848,49.240087466695,
    2.686221175432E-02));
#6239 = CARTESIAN_POINT('',(-68.57469060598,49.194235028289,
    1.644617698824E-02));
#6240 = CARTESIAN_POINT('',(-68.48481051914,49.147227165223,
    8.396049933577E-03));
#6241 = CARTESIAN_POINT('',(-68.39547618968,49.099130254946,
    2.85943050552E-03));
#6242 = CARTESIAN_POINT('',(-68.30677248112,49.050023355508,
    2.448970472713E-07));
#6243 = CARTESIAN_POINT('',(-68.21879648803,49.000000000236,0.));
#6244 = PCURVE('',#4820,#6245);
#6245 = DEFINITIONAL_REPRESENTATION('',(#6246),#6305);
#6246 = B_SPLINE_CURVE_WITH_KNOTS('',8,(#6247,#6248,#6249,#6250,#6251,
    #6252,#6253,#6254,#6255,#6256,#6257,#6258,#6259,#6260,#6261,#6262,
    #6263,#6264,#6265,#6266,#6267,#6268,#6269,#6270,#6271,#6272,#6273,
    #6274,#6275,#6276,#6277,#6278,#6279,#6280,#6281,#6282,#6283,#6284,
    #6285,#6286,#6287,#6288,#6289,#6290,#6291,#6292,#6293,#6294,#6295,
    #6296,#6297,#6298,#6299,#6300,#6301,#6302,#6303,#6304),
  .UNSPECIFIED.,.F.,.F.,(9,7,7,7,7,7,7,7,9),(0.,2.653340171015E-02,
    4.596562168628E-02,7.801431199978E-02,0.15364307933,0.321241868926,
    0.484308181501,0.750698949279,1.),.UNSPECIFIED.);
#6247 = CARTESIAN_POINT('',(1.272649004451,3.14159265359));
#6248 = CARTESIAN_POINT('',(1.272649004451,3.150989215728));
#6249 = CARTESIAN_POINT('',(1.272451360982,3.160388245263));
#6250 = CARTESIAN_POINT('',(1.272055973077,3.169744769639));
#6251 = CARTESIAN_POINT('',(1.271468758628,3.179021915791));
#6252 = CARTESIAN_POINT('',(1.27070015182,3.188190096971));
#6253 = CARTESIAN_POINT('',(1.269763600567,3.197226199589));
#6254 = CARTESIAN_POINT('',(1.268674063953,3.206112770045));
#6255 = CARTESIAN_POINT('',(1.266547487928,3.221226697871));
#6256 = CARTESIAN_POINT('',(1.265574156394,3.227531339984));
#6257 = CARTESIAN_POINT('',(1.264532069022,3.233748566113));
#6258 = CARTESIAN_POINT('',(1.263426639682,3.239877160455));
#6259 = CARTESIAN_POINT('',(1.262263034973,3.245917106702));
#6260 = CARTESIAN_POINT('',(1.261046067044,3.251869441555));
#6261 = CARTESIAN_POINT('',(1.259780086408,3.257736108242));
#6262 = CARTESIAN_POINT('',(1.256306352111,3.273058610413));
#6263 = CARTESIAN_POINT('',(1.25402146064,3.28236902258));
#6264 = CARTESIAN_POINT('',(1.251631082757,3.291464943931));
#6265 = CARTESIAN_POINT('',(1.24914968125,3.300359594064));
#6266 = CARTESIAN_POINT('',(1.246589436002,3.309065828347));
#6267 = CARTESIAN_POINT('',(1.2439603807,3.317596451476));
#6268 = CARTESIAN_POINT('',(1.241270539555,3.325964531045));
#6269 = CARTESIAN_POINT('',(1.23204962767,3.353579400954));
#6270 = CARTESIAN_POINT('',(1.225276139839,3.372124423616));
#6271 = CARTESIAN_POINT('',(1.21828780812,3.389997706534));
#6272 = CARTESIAN_POINT('',(1.21113784615,3.407306843846));
#6273 = CARTESIAN_POINT('',(1.203864417593,3.42413367925));
#6274 = CARTESIAN_POINT('',(1.196494742541,3.440548043315));
#6275 = CARTESIAN_POINT('',(1.189045529728,3.456609216663));
#6276 = CARTESIAN_POINT('',(1.164861852862,3.507312114546));
#6277 = CARTESIAN_POINT('',(1.14788356835,3.54073075958));
#6278 = CARTESIAN_POINT('',(1.130737715017,3.573159042233));
#6279 = CARTESIAN_POINT('',(1.113495579875,3.604821032458));
#6280 = CARTESIAN_POINT('',(1.096212863433,3.635905068407));
#6281 = CARTESIAN_POINT('',(1.078921805616,3.666529257913));
#6282 = CARTESIAN_POINT('',(1.0616452771,3.69680157995));
#6283 = CARTESIAN_POINT('',(1.027610941162,3.756010846613));
#6284 = CARTESIAN_POINT('',(1.010859333174,3.784948872091));
#6285 = CARTESIAN_POINT('',(0.994157928925,3.813697562096));
#6286 = CARTESIAN_POINT('',(0.977520615199,3.842310001705));
#6287 = CARTESIAN_POINT('',(0.960958600276,3.87082801088));
#6288 = CARTESIAN_POINT('',(0.944481309793,3.899286935484));
#6289 = CARTESIAN_POINT('',(0.928096843096,3.927718102348));
#6290 = CARTESIAN_POINT('',(0.885208490977,4.002594535398));
#6291 = CARTESIAN_POINT('',(0.858872132848,4.049037448157));
#6292 = CARTESIAN_POINT('',(0.832833068898,4.095596874793));
#6293 = CARTESIAN_POINT('',(0.807115986065,4.142367681846));
#6294 = CARTESIAN_POINT('',(0.781741947626,4.189431931354));
#6295 = CARTESIAN_POINT('',(0.7567296271,4.236867110108));
#6296 = CARTESIAN_POINT('',(0.732095933423,4.284751061081));
#6297 = CARTESIAN_POINT('',(0.685171179579,4.378470371339));
#6298 = CARTESIAN_POINT('',(0.662832450901,4.424237645878));
#6299 = CARTESIAN_POINT('',(0.640851938295,4.470532307218));
#6300 = CARTESIAN_POINT('',(0.619241976587,4.517420547025));
#6301 = CARTESIAN_POINT('',(0.598015284528,4.564971087025));
#6302 = CARTESIAN_POINT('',(0.57718511081,4.613258383955));
#6303 = CARTESIAN_POINT('',(0.556765380076,4.662365834527));
#6304 = CARTESIAN_POINT('',(0.536770838934,4.712388980385));
#6305 = ( GEOMETRIC_REPRESENTATION_CONTEXT(2) 
PARAMETRIC_REPRESENTATION_CONTEXT() REPRESENTATION_CONTEXT('2D SPACE',''
  ) );
#6306 = PCURVE('',#4791,#6307);
#6307 = DEFINITIONAL_REPRESENTATION('',(#6308),#6367);
#6308 = B_SPLINE_CURVE_WITH_KNOTS('',8,(#6309,#6310,#6311,#6312,#6313,
    #6314,#6315,#6316,#6317,#6318,#6319,#6320,#6321,#6322,#6323,#6324,
    #6325,#6326,#6327,#6328,#6329,#6330,#6331,#6332,#6333,#6334,#6335,
    #6336,#6337,#6338,#6339,#6340,#6341,#6342,#6343,#6344,#6345,#6346,
    #6347,#6348,#6349,#6350,#6351,#6352,#6353,#6354,#6355,#6356,#6357,
    #6358,#6359,#6360,#6361,#6362,#6363,#6364,#6365,#6366),
  .UNSPECIFIED.,.F.,.F.,(9,7,7,7,7,7,7,7,9),(0.,2.653340171015E-02,
    4.596562168628E-02,7.801431199978E-02,0.15364307933,0.321241868926,
    0.484308181501,0.750698949279,1.),.UNSPECIFIED.);
#6309 = CARTESIAN_POINT('',(0.,142.00250156445));
#6310 = CARTESIAN_POINT('',(9.396562138051E-03,142.00250156445));
#6311 = CARTESIAN_POINT('',(1.879559167291E-02,142.001829574));
#6312 = CARTESIAN_POINT('',(2.815211604966E-02,142.0004852596));
#6313 = CARTESIAN_POINT('',(3.7429262201E-02,141.9984886189));
#6314 = CARTESIAN_POINT('',(4.659744338111E-02,141.99587490555));
#6315 = CARTESIAN_POINT('',(5.563354599952E-02,141.99268955413));
#6316 = CARTESIAN_POINT('',(6.452011645503E-02,141.98898310497));
#6317 = CARTESIAN_POINT('',(7.963404428105E-02,141.98174704474));
#6318 = CARTESIAN_POINT('',(8.593868639402E-02,141.97843462795));
#6319 = CARTESIAN_POINT('',(9.215591252333E-02,141.97488763442));
#6320 = CARTESIAN_POINT('',(9.828450686526E-02,141.9711243452));
#6321 = CARTESIAN_POINT('',(0.104324453112,141.96716220385));
#6322 = CARTESIAN_POINT('',(0.110276787965,141.96301745359));
#6323 = CARTESIAN_POINT('',(0.116143454652,141.95870477448));
#6324 = CARTESIAN_POINT('',(0.131465956823,141.94686828918));
#6325 = CARTESIAN_POINT('',(0.14077636899,141.93907983002));
#6326 = CARTESIAN_POINT('',(0.149872290341,141.930928466));
#6327 = CARTESIAN_POINT('',(0.158766940474,141.9224629547));
#6328 = CARTESIAN_POINT('',(0.167473174757,141.91372434188));
#6329 = CARTESIAN_POINT('',(0.176003797886,141.90474641505));
#6330 = CARTESIAN_POINT('',(0.184371877456,141.89555615696));
#6331 = CARTESIAN_POINT('',(0.211986747364,141.8640345766));
#6332 = CARTESIAN_POINT('',(0.230531770026,141.84085200839));
#6333 = CARTESIAN_POINT('',(0.248405052944,141.81690234691));
#6334 = CARTESIAN_POINT('',(0.265714190257,141.79236368153));
#6335 = CARTESIAN_POINT('',(0.28254102566,141.7673635005));
#6336 = CARTESIAN_POINT('',(0.298955389725,141.74199239394));
#6337 = CARTESIAN_POINT('',(0.315016563073,141.71630524365));
#6338 = CARTESIAN_POINT('',(0.365719460956,141.63276971231));
#6339 = CARTESIAN_POINT('',(0.39913810599,141.57390702459));
#6340 = CARTESIAN_POINT('',(0.431566388643,141.51422158328));
#6341 = CARTESIAN_POINT('',(0.463228378869,141.45393950278));
#6342 = CARTESIAN_POINT('',(0.494312414817,141.39323584844));
#6343 = CARTESIAN_POINT('',(0.524936604323,141.33220727736));
#6344 = CARTESIAN_POINT('',(0.55520892636,141.27091891946));
#6345 = CARTESIAN_POINT('',(0.614418193023,141.14953855537));
#6346 = CARTESIAN_POINT('',(0.643356218501,141.08948608686));
#6347 = CARTESIAN_POINT('',(0.672104908506,141.02928973681));
#6348 = CARTESIAN_POINT('',(0.700717348115,140.96898712862));
#6349 = CARTESIAN_POINT('',(0.72923535729,140.90860770983));
#6350 = CARTESIAN_POINT('',(0.757694281894,140.84817575522));
#6351 = CARTESIAN_POINT('',(0.786125448758,140.7877118778));
#6352 = CARTESIAN_POINT('',(0.861001881808,140.62843273952));
#6353 = CARTESIAN_POINT('',(0.907444794567,140.52959731825));
#6354 = CARTESIAN_POINT('',(0.954004221203,140.4308029425));
#6355 = CARTESIAN_POINT('',(1.000775028256,140.3321138057));
#6356 = CARTESIAN_POINT('',(1.047839277765,140.23358863221));
#6357 = CARTESIAN_POINT('',(1.095274456518,140.13528508939));
#6358 = CARTESIAN_POINT('',(1.143158407492,140.03726211598));
#6359 = CARTESIAN_POINT('',(1.236877717749,139.84816478895));
#6360 = CARTESIAN_POINT('',(1.282644992288,139.75705303963));
#6361 = CARTESIAN_POINT('',(1.328939653628,139.66629335071));
#6362 = CARTESIAN_POINT('',(1.375827893436,139.57594138821));
#6363 = CARTESIAN_POINT('',(1.423378433435,139.48606130137));
#6364 = CARTESIAN_POINT('',(1.471665730365,139.39672697191));
#6365 = CARTESIAN_POINT('',(1.520773180937,139.30802326335));
#6366 = CARTESIAN_POINT('',(1.570796326795,139.22004727025));
#6367 = ( GEOMETRIC_REPRESENTATION_CONTEXT(2) 
PARAMETRIC_REPRESENTATION_CONTEXT() REPRESENTATION_CONTEXT('2D SPACE',''
  ) );
#6368 = ORIENTED_EDGE('',*,*,#4803,.F.);
#6369 = ADVANCED_FACE('',(#6370),#4791,.F.);
#6370 = FACE_BOUND('',#6371,.F.);
#6371 = EDGE_LOOP('',(#6372,#6373,#6399,#6400));
#6372 = ORIENTED_EDGE('',*,*,#5428,.F.);
#6373 = ORIENTED_EDGE('',*,*,#6374,.T.);
#6374 = EDGE_CURVE('',#5429,#4748,#6375,.T.);
#6375 = SURFACE_CURVE('',#6376,(#6381,#6388),.PCURVE_S1.);
#6376 = CIRCLE('',#6377,1.);
#6377 = AXIS2_PLACEMENT_3D('',#6378,#6379,#6380);
#6378 = CARTESIAN_POINT('',(-5.730689596867,49.,1.));
#6379 = DIRECTION('',(-1.,0.,0.));
#6380 = DIRECTION('',(0.,1.,0.));
#6381 = PCURVE('',#4791,#6382);
#6382 = DEFINITIONAL_REPRESENTATION('',(#6383),#6387);
#6383 = LINE('',#6384,#6385);
#6384 = CARTESIAN_POINT('',(0.,76.731940379095));
#6385 = VECTOR('',#6386,1.);
#6386 = DIRECTION('',(1.,0.));
#6387 = ( GEOMETRIC_REPRESENTATION_CONTEXT(2) 
PARAMETRIC_REPRESENTATION_CONTEXT() REPRESENTATION_CONTEXT('2D SPACE',''
  ) );
#6388 = PCURVE('',#4763,#6389);
#6389 = DEFINITIONAL_REPRESENTATION('',(#6390),#6398);
#6390 = ( BOUNDED_CURVE() B_SPLINE_CURVE(2,(#6391,#6392,#6393,#6394,
#6395,#6396,#6397),.UNSPECIFIED.,.T.,.F.) B_SPLINE_CURVE_WITH_KNOTS((1,2
    ,2,2,2,1),(-2.094395102393,0.,2.094395102393,4.188790204786,
6.28318530718,8.377580409573),.UNSPECIFIED.) CURVE() 
GEOMETRIC_REPRESENTATION_ITEM() RATIONAL_B_SPLINE_CURVE((1.,0.5,1.,0.5,
1.,0.5,1.)) REPRESENTATION_ITEM('') );
#6391 = CARTESIAN_POINT('',(0.,-1.));
#6392 = CARTESIAN_POINT('',(0.,0.732050807569));
#6393 = CARTESIAN_POINT('',(1.5,-0.133974596216));
#6394 = CARTESIAN_POINT('',(3.,-1.));
#6395 = CARTESIAN_POINT('',(1.5,-1.866025403784));
#6396 = CARTESIAN_POINT('',(1.554312234475E-15,-2.732050807569));
#6397 = CARTESIAN_POINT('',(0.,-1.));
#6398 = ( GEOMETRIC_REPRESENTATION_CONTEXT(2) 
PARAMETRIC_REPRESENTATION_CONTEXT() REPRESENTATION_CONTEXT('2D SPACE',''
  ) );
#6399 = ORIENTED_EDGE('',*,*,#4775,.T.);
#6400 = ORIENTED_EDGE('',*,*,#6183,.F.);
#6401 = ADVANCED_FACE('',(#6402),#4763,.F.);
#6402 = FACE_BOUND('',#6403,.F.);
#6403 = EDGE_LOOP('',(#6404,#6405,#6406,#6429,#6450));
#6404 = ORIENTED_EDGE('',*,*,#6374,.F.);
#6405 = ORIENTED_EDGE('',*,*,#5451,.T.);
#6406 = ORIENTED_EDGE('',*,*,#6407,.T.);
#6407 = EDGE_CURVE('',#5452,#6408,#6410,.T.);
#6408 = VERTEX_POINT('',#6409);
#6409 = CARTESIAN_POINT('',(-5.730689596867,46.,4.5));
#6410 = SURFACE_CURVE('',#6411,(#6415,#6422),.PCURVE_S1.);
#6411 = LINE('',#6412,#6413);
#6412 = CARTESIAN_POINT('',(-5.730689596867,50.,4.5));
#6413 = VECTOR('',#6414,1.);
#6414 = DIRECTION('',(0.,-1.,0.));
#6415 = PCURVE('',#4763,#6416);
#6416 = DEFINITIONAL_REPRESENTATION('',(#6417),#6421);
#6417 = LINE('',#6418,#6419);
#6418 = CARTESIAN_POINT('',(0.,-4.5));
#6419 = VECTOR('',#6420,1.);
#6420 = DIRECTION('',(1.,0.));
#6421 = ( GEOMETRIC_REPRESENTATION_CONTEXT(2) 
PARAMETRIC_REPRESENTATION_CONTEXT() REPRESENTATION_CONTEXT('2D SPACE',''
  ) );
#6422 = PCURVE('',#5490,#6423);
#6423 = DEFINITIONAL_REPRESENTATION('',(#6424),#6428);
#6424 = LINE('',#6425,#6426);
#6425 = CARTESIAN_POINT('',(-9.013059963879,2.));
#6426 = VECTOR('',#6427,1.);
#6427 = DIRECTION('',(0.,-1.));
#6428 = ( GEOMETRIC_REPRESENTATION_CONTEXT(2) 
PARAMETRIC_REPRESENTATION_CONTEXT() REPRESENTATION_CONTEXT('2D SPACE',''
  ) );
#6429 = ORIENTED_EDGE('',*,*,#6430,.F.);
#6430 = EDGE_CURVE('',#4720,#6408,#6431,.T.);
#6431 = SURFACE_CURVE('',#6432,(#6436,#6443),.PCURVE_S1.);
#6432 = LINE('',#6433,#6434);
#6433 = CARTESIAN_POINT('',(-5.730689596867,46.,0.));
#6434 = VECTOR('',#6435,1.);
#6435 = DIRECTION('',(0.,0.,1.));
#6436 = PCURVE('',#4763,#6437);
#6437 = DEFINITIONAL_REPRESENTATION('',(#6438),#6442);
#6438 = LINE('',#6439,#6440);
#6439 = CARTESIAN_POINT('',(4.,0.));
#6440 = VECTOR('',#6441,1.);
#6441 = DIRECTION('',(0.,-1.));
#6442 = ( GEOMETRIC_REPRESENTATION_CONTEXT(2) 
PARAMETRIC_REPRESENTATION_CONTEXT() REPRESENTATION_CONTEXT('2D SPACE',''
  ) );
#6443 = PCURVE('',#4735,#6444);
#6444 = DEFINITIONAL_REPRESENTATION('',(#6445),#6449);
#6445 = LINE('',#6446,#6447);
#6446 = CARTESIAN_POINT('',(0.,0.));
#6447 = VECTOR('',#6448,1.);
#6448 = DIRECTION('',(0.,-1.));
#6449 = ( GEOMETRIC_REPRESENTATION_CONTEXT(2) 
PARAMETRIC_REPRESENTATION_CONTEXT() REPRESENTATION_CONTEXT('2D SPACE',''
  ) );
#6450 = ORIENTED_EDGE('',*,*,#4747,.F.);
#6451 = ADVANCED_FACE('',(#6452),#4735,.F.);
#6452 = FACE_BOUND('',#6453,.F.);
#6453 = EDGE_LOOP('',(#6454,#6455,#6478,#6499));
#6454 = ORIENTED_EDGE('',*,*,#6430,.T.);
#6455 = ORIENTED_EDGE('',*,*,#6456,.T.);
#6456 = EDGE_CURVE('',#6408,#6457,#6459,.T.);
#6457 = VERTEX_POINT('',#6458);
#6458 = CARTESIAN_POINT('',(-3.730689596867,46.,4.5));
#6459 = SURFACE_CURVE('',#6460,(#6464,#6471),.PCURVE_S1.);
#6460 = LINE('',#6461,#6462);
#6461 = CARTESIAN_POINT('',(-5.730689596867,46.,4.5));
#6462 = VECTOR('',#6463,1.);
#6463 = DIRECTION('',(1.,0.,0.));
#6464 = PCURVE('',#4735,#6465);
#6465 = DEFINITIONAL_REPRESENTATION('',(#6466),#6470);
#6466 = LINE('',#6467,#6468);
#6467 = CARTESIAN_POINT('',(0.,-4.5));
#6468 = VECTOR('',#6469,1.);
#6469 = DIRECTION('',(1.,0.));
#6470 = ( GEOMETRIC_REPRESENTATION_CONTEXT(2) 
PARAMETRIC_REPRESENTATION_CONTEXT() REPRESENTATION_CONTEXT('2D SPACE',''
  ) );
#6471 = PCURVE('',#5490,#6472);
#6472 = DEFINITIONAL_REPRESENTATION('',(#6473),#6477);
#6473 = LINE('',#6474,#6475);
#6474 = CARTESIAN_POINT('',(-9.013059963879,-2.));
#6475 = VECTOR('',#6476,1.);
#6476 = DIRECTION('',(1.,0.));
#6477 = ( GEOMETRIC_REPRESENTATION_CONTEXT(2) 
PARAMETRIC_REPRESENTATION_CONTEXT() REPRESENTATION_CONTEXT('2D SPACE',''
  ) );
#6478 = ORIENTED_EDGE('',*,*,#6479,.F.);
#6479 = EDGE_CURVE('',#4692,#6457,#6480,.T.);
#6480 = SURFACE_CURVE('',#6481,(#6485,#6492),.PCURVE_S1.);
#6481 = LINE('',#6482,#6483);
#6482 = CARTESIAN_POINT('',(-3.730689596867,46.,0.));
#6483 = VECTOR('',#6484,1.);
#6484 = DIRECTION('',(0.,0.,1.));
#6485 = PCURVE('',#4735,#6486);
#6486 = DEFINITIONAL_REPRESENTATION('',(#6487),#6491);
#6487 = LINE('',#6488,#6489);
#6488 = CARTESIAN_POINT('',(2.,0.));
#6489 = VECTOR('',#6490,1.);
#6490 = DIRECTION('',(0.,-1.));
#6491 = ( GEOMETRIC_REPRESENTATION_CONTEXT(2) 
PARAMETRIC_REPRESENTATION_CONTEXT() REPRESENTATION_CONTEXT('2D SPACE',''
  ) );
#6492 = PCURVE('',#4707,#6493);
#6493 = DEFINITIONAL_REPRESENTATION('',(#6494),#6498);
#6494 = LINE('',#6495,#6496);
#6495 = CARTESIAN_POINT('',(0.,0.));
#6496 = VECTOR('',#6497,1.);
#6497 = DIRECTION('',(0.,-1.));
#6498 = ( GEOMETRIC_REPRESENTATION_CONTEXT(2) 
PARAMETRIC_REPRESENTATION_CONTEXT() REPRESENTATION_CONTEXT('2D SPACE',''
  ) );
#6499 = ORIENTED_EDGE('',*,*,#4719,.F.);
#6500 = ADVANCED_FACE('',(#6501),#4707,.F.);
#6501 = FACE_BOUND('',#6502,.F.);
#6502 = EDGE_LOOP('',(#6503,#6504,#6505,#6526,#6527));
#6503 = ORIENTED_EDGE('',*,*,#4691,.F.);
#6504 = ORIENTED_EDGE('',*,*,#6479,.T.);
#6505 = ORIENTED_EDGE('',*,*,#6506,.T.);
#6506 = EDGE_CURVE('',#6457,#5475,#6507,.T.);
#6507 = SURFACE_CURVE('',#6508,(#6512,#6519),.PCURVE_S1.);
#6508 = LINE('',#6509,#6510);
#6509 = CARTESIAN_POINT('',(-3.730689596867,46.,4.5));
#6510 = VECTOR('',#6511,1.);
#6511 = DIRECTION('',(0.,1.,0.));
#6512 = PCURVE('',#4707,#6513);
#6513 = DEFINITIONAL_REPRESENTATION('',(#6514),#6518);
#6514 = LINE('',#6515,#6516);
#6515 = CARTESIAN_POINT('',(0.,-4.5));
#6516 = VECTOR('',#6517,1.);
#6517 = DIRECTION('',(1.,0.));
#6518 = ( GEOMETRIC_REPRESENTATION_CONTEXT(2) 
PARAMETRIC_REPRESENTATION_CONTEXT() REPRESENTATION_CONTEXT('2D SPACE',''
  ) );
#6519 = PCURVE('',#5490,#6520);
#6520 = DEFINITIONAL_REPRESENTATION('',(#6521),#6525);
#6521 = LINE('',#6522,#6523);
#6522 = CARTESIAN_POINT('',(-7.013059963879,-2.));
#6523 = VECTOR('',#6524,1.);
#6524 = DIRECTION('',(0.,1.));
#6525 = ( GEOMETRIC_REPRESENTATION_CONTEXT(2) 
PARAMETRIC_REPRESENTATION_CONTEXT() REPRESENTATION_CONTEXT('2D SPACE',''
  ) );
#6526 = ORIENTED_EDGE('',*,*,#5502,.F.);
#6527 = ORIENTED_EDGE('',*,*,#6528,.T.);
#6528 = EDGE_CURVE('',#5503,#4664,#6529,.T.);
#6529 = SURFACE_CURVE('',#6530,(#6535,#6542),.PCURVE_S1.);
#6530 = CIRCLE('',#6531,1.);
#6531 = AXIS2_PLACEMENT_3D('',#6532,#6533,#6534);
#6532 = CARTESIAN_POINT('',(-3.730689596867,49.,1.));
#6533 = DIRECTION('',(-1.,0.,0.));
#6534 = DIRECTION('',(0.,1.,0.));
#6535 = PCURVE('',#4707,#6536);
#6536 = DEFINITIONAL_REPRESENTATION('',(#6537),#6541);
#6537 = CIRCLE('',#6538,1.);
#6538 = AXIS2_PLACEMENT_2D('',#6539,#6540);
#6539 = CARTESIAN_POINT('',(3.,-1.));
#6540 = DIRECTION('',(1.,0.));
#6541 = ( GEOMETRIC_REPRESENTATION_CONTEXT(2) 
PARAMETRIC_REPRESENTATION_CONTEXT() REPRESENTATION_CONTEXT('2D SPACE',''
  ) );
#6542 = PCURVE('',#4679,#6543);
#6543 = DEFINITIONAL_REPRESENTATION('',(#6544),#6548);
#6544 = LINE('',#6545,#6546);
#6545 = CARTESIAN_POINT('',(0.,74.731940379095));
#6546 = VECTOR('',#6547,1.);
#6547 = DIRECTION('',(1.,0.));
#6548 = ( GEOMETRIC_REPRESENTATION_CONTEXT(2) 
PARAMETRIC_REPRESENTATION_CONTEXT() REPRESENTATION_CONTEXT('2D SPACE',''
  ) );
#6549 = ADVANCED_FACE('',(#6550),#4679,.F.);
#6550 = FACE_BOUND('',#6551,.F.);
#6551 = EDGE_LOOP('',(#6552,#6553,#6579,#6580));
#6552 = ORIENTED_EDGE('',*,*,#5525,.F.);
#6553 = ORIENTED_EDGE('',*,*,#6554,.T.);
#6554 = EDGE_CURVE('',#5526,#4636,#6555,.T.);
#6555 = SURFACE_CURVE('',#6556,(#6561,#6568),.PCURVE_S1.);
#6556 = CIRCLE('',#6557,1.);
#6557 = AXIS2_PLACEMENT_3D('',#6558,#6559,#6560);
#6558 = CARTESIAN_POINT('',(10.295430330892,49.,1.));
#6559 = DIRECTION('',(-1.,0.,0.));
#6560 = DIRECTION('',(0.,1.,0.));
#6561 = PCURVE('',#4679,#6562);
#6562 = DEFINITIONAL_REPRESENTATION('',(#6563),#6567);
#6563 = LINE('',#6564,#6565);
#6564 = CARTESIAN_POINT('',(0.,60.705820451336));
#6565 = VECTOR('',#6566,1.);
#6566 = DIRECTION('',(1.,0.));
#6567 = ( GEOMETRIC_REPRESENTATION_CONTEXT(2) 
PARAMETRIC_REPRESENTATION_CONTEXT() REPRESENTATION_CONTEXT('2D SPACE',''
  ) );
#6568 = PCURVE('',#4651,#6569);
#6569 = DEFINITIONAL_REPRESENTATION('',(#6570),#6578);
#6570 = ( BOUNDED_CURVE() B_SPLINE_CURVE(2,(#6571,#6572,#6573,#6574,
#6575,#6576,#6577),.UNSPECIFIED.,.T.,.F.) B_SPLINE_CURVE_WITH_KNOTS((1,2
    ,2,2,2,1),(-2.094395102393,0.,2.094395102393,4.188790204786,
6.28318530718,8.377580409573),.UNSPECIFIED.) CURVE() 
GEOMETRIC_REPRESENTATION_ITEM() RATIONAL_B_SPLINE_CURVE((1.,0.5,1.,0.5,
1.,0.5,1.)) REPRESENTATION_ITEM('') );
#6571 = CARTESIAN_POINT('',(0.,-1.));
#6572 = CARTESIAN_POINT('',(0.,0.732050807569));
#6573 = CARTESIAN_POINT('',(1.5,-0.133974596216));
#6574 = CARTESIAN_POINT('',(3.,-1.));
#6575 = CARTESIAN_POINT('',(1.5,-1.866025403784));
#6576 = CARTESIAN_POINT('',(1.554312234475E-15,-2.732050807569));
#6577 = CARTESIAN_POINT('',(0.,-1.));
#6578 = ( GEOMETRIC_REPRESENTATION_CONTEXT(2) 
PARAMETRIC_REPRESENTATION_CONTEXT() REPRESENTATION_CONTEXT('2D SPACE',''
  ) );
#6579 = ORIENTED_EDGE('',*,*,#4663,.T.);
#6580 = ORIENTED_EDGE('',*,*,#6528,.F.);
#6581 = ADVANCED_FACE('',(#6582),#4651,.F.);
#6582 = FACE_BOUND('',#6583,.F.);
#6583 = EDGE_LOOP('',(#6584,#6585,#6586,#6609,#6630));
#6584 = ORIENTED_EDGE('',*,*,#6554,.F.);
#6585 = ORIENTED_EDGE('',*,*,#5548,.T.);
#6586 = ORIENTED_EDGE('',*,*,#6587,.T.);
#6587 = EDGE_CURVE('',#5549,#6588,#6590,.T.);
#6588 = VERTEX_POINT('',#6589);
#6589 = CARTESIAN_POINT('',(10.295430330892,46.,4.5));
#6590 = SURFACE_CURVE('',#6591,(#6595,#6602),.PCURVE_S1.);
#6591 = LINE('',#6592,#6593);
#6592 = CARTESIAN_POINT('',(10.295430330892,50.,4.5));
#6593 = VECTOR('',#6594,1.);
#6594 = DIRECTION('',(0.,-1.,0.));
#6595 = PCURVE('',#4651,#6596);
#6596 = DEFINITIONAL_REPRESENTATION('',(#6597),#6601);
#6597 = LINE('',#6598,#6599);
#6598 = CARTESIAN_POINT('',(0.,-4.5));
#6599 = VECTOR('',#6600,1.);
#6600 = DIRECTION('',(1.,0.));
#6601 = ( GEOMETRIC_REPRESENTATION_CONTEXT(2) 
PARAMETRIC_REPRESENTATION_CONTEXT() REPRESENTATION_CONTEXT('2D SPACE',''
  ) );
#6602 = PCURVE('',#5587,#6603);
#6603 = DEFINITIONAL_REPRESENTATION('',(#6604),#6608);
#6604 = LINE('',#6605,#6606);
#6605 = CARTESIAN_POINT('',(7.013059963879,2.));
#6606 = VECTOR('',#6607,1.);
#6607 = DIRECTION('',(0.,-1.));
#6608 = ( GEOMETRIC_REPRESENTATION_CONTEXT(2) 
PARAMETRIC_REPRESENTATION_CONTEXT() REPRESENTATION_CONTEXT('2D SPACE',''
  ) );
#6609 = ORIENTED_EDGE('',*,*,#6610,.F.);
#6610 = EDGE_CURVE('',#4608,#6588,#6611,.T.);
#6611 = SURFACE_CURVE('',#6612,(#6616,#6623),.PCURVE_S1.);
#6612 = LINE('',#6613,#6614);
#6613 = CARTESIAN_POINT('',(10.295430330892,46.,0.));
#6614 = VECTOR('',#6615,1.);
#6615 = DIRECTION('',(0.,0.,1.));
#6616 = PCURVE('',#4651,#6617);
#6617 = DEFINITIONAL_REPRESENTATION('',(#6618),#6622);
#6618 = LINE('',#6619,#6620);
#6619 = CARTESIAN_POINT('',(4.,0.));
#6620 = VECTOR('',#6621,1.);
#6621 = DIRECTION('',(0.,-1.));
#6622 = ( GEOMETRIC_REPRESENTATION_CONTEXT(2) 
PARAMETRIC_REPRESENTATION_CONTEXT() REPRESENTATION_CONTEXT('2D SPACE',''
  ) );
#6623 = PCURVE('',#4623,#6624);
#6624 = DEFINITIONAL_REPRESENTATION('',(#6625),#6629);
#6625 = LINE('',#6626,#6627);
#6626 = CARTESIAN_POINT('',(0.,0.));
#6627 = VECTOR('',#6628,1.);
#6628 = DIRECTION('',(0.,-1.));
#6629 = ( GEOMETRIC_REPRESENTATION_CONTEXT(2) 
PARAMETRIC_REPRESENTATION_CONTEXT() REPRESENTATION_CONTEXT('2D SPACE',''
  ) );
#6630 = ORIENTED_EDGE('',*,*,#4635,.F.);
#6631 = ADVANCED_FACE('',(#6632),#4623,.F.);
#6632 = FACE_BOUND('',#6633,.F.);
#6633 = EDGE_LOOP('',(#6634,#6635,#6658,#6679));
#6634 = ORIENTED_EDGE('',*,*,#6610,.T.);
#6635 = ORIENTED_EDGE('',*,*,#6636,.T.);
#6636 = EDGE_CURVE('',#6588,#6637,#6639,.T.);
#6637 = VERTEX_POINT('',#6638);
#6638 = CARTESIAN_POINT('',(12.295430330892,46.,4.5));
#6639 = SURFACE_CURVE('',#6640,(#6644,#6651),.PCURVE_S1.);
#6640 = LINE('',#6641,#6642);
#6641 = CARTESIAN_POINT('',(10.295430330892,46.,4.5));
#6642 = VECTOR('',#6643,1.);
#6643 = DIRECTION('',(1.,0.,0.));
#6644 = PCURVE('',#4623,#6645);
#6645 = DEFINITIONAL_REPRESENTATION('',(#6646),#6650);
#6646 = LINE('',#6647,#6648);
#6647 = CARTESIAN_POINT('',(0.,-4.5));
#6648 = VECTOR('',#6649,1.);
#6649 = DIRECTION('',(1.,0.));
#6650 = ( GEOMETRIC_REPRESENTATION_CONTEXT(2) 
PARAMETRIC_REPRESENTATION_CONTEXT() REPRESENTATION_CONTEXT('2D SPACE',''
  ) );
#6651 = PCURVE('',#5587,#6652);
#6652 = DEFINITIONAL_REPRESENTATION('',(#6653),#6657);
#6653 = LINE('',#6654,#6655);
#6654 = CARTESIAN_POINT('',(7.013059963879,-2.));
#6655 = VECTOR('',#6656,1.);
#6656 = DIRECTION('',(1.,0.));
#6657 = ( GEOMETRIC_REPRESENTATION_CONTEXT(2) 
PARAMETRIC_REPRESENTATION_CONTEXT() REPRESENTATION_CONTEXT('2D SPACE',''
  ) );
#6658 = ORIENTED_EDGE('',*,*,#6659,.F.);
#6659 = EDGE_CURVE('',#4580,#6637,#6660,.T.);
#6660 = SURFACE_CURVE('',#6661,(#6665,#6672),.PCURVE_S1.);
#6661 = LINE('',#6662,#6663);
#6662 = CARTESIAN_POINT('',(12.295430330892,46.,0.));
#6663 = VECTOR('',#6664,1.);
#6664 = DIRECTION('',(0.,0.,1.));
#6665 = PCURVE('',#4623,#6666);
#6666 = DEFINITIONAL_REPRESENTATION('',(#6667),#6671);
#6667 = LINE('',#6668,#6669);
#6668 = CARTESIAN_POINT('',(2.,0.));
#6669 = VECTOR('',#6670,1.);
#6670 = DIRECTION('',(0.,-1.));
#6671 = ( GEOMETRIC_REPRESENTATION_CONTEXT(2) 
PARAMETRIC_REPRESENTATION_CONTEXT() REPRESENTATION_CONTEXT('2D SPACE',''
  ) );
#6672 = PCURVE('',#4595,#6673);
#6673 = DEFINITIONAL_REPRESENTATION('',(#6674),#6678);
#6674 = LINE('',#6675,#6676);
#6675 = CARTESIAN_POINT('',(0.,0.));
#6676 = VECTOR('',#6677,1.);
#6677 = DIRECTION('',(0.,-1.));
#6678 = ( GEOMETRIC_REPRESENTATION_CONTEXT(2) 
PARAMETRIC_REPRESENTATION_CONTEXT() REPRESENTATION_CONTEXT('2D SPACE',''
  ) );
#6679 = ORIENTED_EDGE('',*,*,#4607,.F.);
#6680 = ADVANCED_FACE('',(#6681),#4595,.F.);
#6681 = FACE_BOUND('',#6682,.F.);
#6682 = EDGE_LOOP('',(#6683,#6684,#6685,#6706,#6707));
#6683 = ORIENTED_EDGE('',*,*,#4579,.F.);
#6684 = ORIENTED_EDGE('',*,*,#6659,.T.);
#6685 = ORIENTED_EDGE('',*,*,#6686,.T.);
#6686 = EDGE_CURVE('',#6637,#5572,#6687,.T.);
#6687 = SURFACE_CURVE('',#6688,(#6692,#6699),.PCURVE_S1.);
#6688 = LINE('',#6689,#6690);
#6689 = CARTESIAN_POINT('',(12.295430330892,46.,4.5));
#6690 = VECTOR('',#6691,1.);
#6691 = DIRECTION('',(0.,1.,0.));
#6692 = PCURVE('',#4595,#6693);
#6693 = DEFINITIONAL_REPRESENTATION('',(#6694),#6698);
#6694 = LINE('',#6695,#6696);
#6695 = CARTESIAN_POINT('',(0.,-4.5));
#6696 = VECTOR('',#6697,1.);
#6697 = DIRECTION('',(1.,0.));
#6698 = ( GEOMETRIC_REPRESENTATION_CONTEXT(2) 
PARAMETRIC_REPRESENTATION_CONTEXT() REPRESENTATION_CONTEXT('2D SPACE',''
  ) );
#6699 = PCURVE('',#5587,#6700);
#6700 = DEFINITIONAL_REPRESENTATION('',(#6701),#6705);
#6701 = LINE('',#6702,#6703);
#6702 = CARTESIAN_POINT('',(9.013059963879,-2.));
#6703 = VECTOR('',#6704,1.);
#6704 = DIRECTION('',(0.,1.));
#6705 = ( GEOMETRIC_REPRESENTATION_CONTEXT(2) 
PARAMETRIC_REPRESENTATION_CONTEXT() REPRESENTATION_CONTEXT('2D SPACE',''
  ) );
#6706 = ORIENTED_EDGE('',*,*,#5599,.F.);
#6707 = ORIENTED_EDGE('',*,*,#6708,.T.);
#6708 = EDGE_CURVE('',#5262,#4552,#6709,.T.);
#6709 = SURFACE_CURVE('',#6710,(#6715,#6722),.PCURVE_S1.);
#6710 = CIRCLE('',#6711,1.);
#6711 = AXIS2_PLACEMENT_3D('',#6712,#6713,#6714);
#6712 = CARTESIAN_POINT('',(12.295430330892,49.,1.));
#6713 = DIRECTION('',(-1.,0.,0.));
#6714 = DIRECTION('',(0.,1.,0.));
#6715 = PCURVE('',#4595,#6716);
#6716 = DEFINITIONAL_REPRESENTATION('',(#6717),#6721);
#6717 = CIRCLE('',#6718,1.);
#6718 = AXIS2_PLACEMENT_2D('',#6719,#6720);
#6719 = CARTESIAN_POINT('',(3.,-1.));
#6720 = DIRECTION('',(1.,0.));
#6721 = ( GEOMETRIC_REPRESENTATION_CONTEXT(2) 
PARAMETRIC_REPRESENTATION_CONTEXT() REPRESENTATION_CONTEXT('2D SPACE',''
  ) );
#6722 = PCURVE('',#4567,#6723);
#6723 = DEFINITIONAL_REPRESENTATION('',(#6724),#6728);
#6724 = LINE('',#6725,#6726);
#6725 = CARTESIAN_POINT('',(0.,58.705820451336));
#6726 = VECTOR('',#6727,1.);
#6727 = DIRECTION('',(1.,0.));
#6728 = ( GEOMETRIC_REPRESENTATION_CONTEXT(2) 
PARAMETRIC_REPRESENTATION_CONTEXT() REPRESENTATION_CONTEXT('2D SPACE',''
  ) );
#6729 = ADVANCED_FACE('',(#6730),#4567,.F.);
#6730 = FACE_BOUND('',#6731,.F.);
#6731 = EDGE_LOOP('',(#6732,#6733,#6734,#6735));
#6732 = ORIENTED_EDGE('',*,*,#5259,.F.);
#6733 = ORIENTED_EDGE('',*,*,#5776,.T.);
#6734 = ORIENTED_EDGE('',*,*,#4551,.T.);
#6735 = ORIENTED_EDGE('',*,*,#6708,.F.);
#6736 = ADVANCED_FACE('',(#6737),#5169,.T.);
#6737 = FACE_BOUND('',#6738,.F.);
#6738 = EDGE_LOOP('',(#6739,#6740,#6741,#6742));
#6739 = ORIENTED_EDGE('',*,*,#5153,.T.);
#6740 = ORIENTED_EDGE('',*,*,#5962,.F.);
#6741 = ORIENTED_EDGE('',*,*,#5284,.F.);
#6742 = ORIENTED_EDGE('',*,*,#5746,.T.);
#6743 = ADVANCED_FACE('',(#6744),#5587,.T.);
#6744 = FACE_BOUND('',#6745,.T.);
#6745 = EDGE_LOOP('',(#6746,#6747,#6748,#6749));
#6746 = ORIENTED_EDGE('',*,*,#6587,.T.);
#6747 = ORIENTED_EDGE('',*,*,#6636,.T.);
#6748 = ORIENTED_EDGE('',*,*,#6686,.T.);
#6749 = ORIENTED_EDGE('',*,*,#5571,.T.);
#6750 = ADVANCED_FACE('',(#6751),#5490,.T.);
#6751 = FACE_BOUND('',#6752,.T.);
#6752 = EDGE_LOOP('',(#6753,#6754,#6755,#6756));
#6753 = ORIENTED_EDGE('',*,*,#6407,.T.);
#6754 = ORIENTED_EDGE('',*,*,#6456,.T.);
#6755 = ORIENTED_EDGE('',*,*,#6506,.T.);
#6756 = ORIENTED_EDGE('',*,*,#5474,.T.);
#6757 = ( GEOMETRIC_REPRESENTATION_CONTEXT(3) 
GLOBAL_UNCERTAINTY_ASSIGNED_CONTEXT((#6761)) 
GLOBAL_UNIT_ASSIGNED_CONTEXT((#6758,#6759,#6760)) REPRESENTATION_CONTEXT
('Context #1','3D Context with UNIT and UNCERTAINTY') );
#6758 = ( LENGTH_UNIT() NAMED_UNIT(*) SI_UNIT(.MILLI.,.METRE.) );
#6759 = ( NAMED_UNIT(*) PLANE_ANGLE_UNIT() SI_UNIT($,.RADIAN.) );
#6760 = ( NAMED_UNIT(*) SI_UNIT($,.STERADIAN.) SOLID_ANGLE_UNIT() );
#6761 = UNCERTAINTY_MEASURE_WITH_UNIT(LENGTH_MEASURE(1.E-05),#6758,
  'distance_accuracy_value','confusion accuracy');
#6762 = PRODUCT_RELATED_PRODUCT_CATEGORY('part',$,(#7));
#6763 = MECHANICAL_DESIGN_GEOMETRIC_PRESENTATION_REPRESENTATION('',(
    #6764),#6757);
#6764 = STYLED_ITEM('color',(#6765),#15);
#6765 = PRESENTATION_STYLE_ASSIGNMENT((#6766,#6774));
#6766 = SURFACE_STYLE_USAGE(.BOTH.,#6767);
#6767 = SURFACE_SIDE_STYLE('',(#6768,#6772));
#6768 = SURFACE_STYLE_FILL_AREA(#6769);
#6769 = FILL_AREA_STYLE('',(#6770));
#6770 = FILL_AREA_STYLE_COLOUR('',#6771);
#6771 = COLOUR_RGB('',0.800000010877,0.800000010877,0.901960800373);
#6772 = SURFACE_STYLE_RENDERING_WITH_PROPERTIES(.NORMAL_SHADING.,#6771,(
    #6773));
#6773 = SURFACE_STYLE_TRANSPARENT(0.75);
#6774 = CURVE_STYLE('',#6775,POSITIVE_LENGTH_MEASURE(0.1),#6776);
#6775 = DRAUGHTING_PRE_DEFINED_CURVE_FONT('continuous');
#6776 = COLOUR_RGB('',9.803921802644E-02,9.803921802644E-02,
  9.803921802644E-02);
ENDSEC;
END-ISO-10303-21;
